timestamp,symbol,open,high,low,close,volume
2005-01-03,SPY,82.02481044183934,82.1597671537317,80.90469804752962,81.17460632324219,55748000
2005-01-04,SPY,81.28258681850684,81.33656951672836,79.9195571508908,80.1827163696289,69167600
2005-01-05,SPY,80.12198009735752,80.4661133443157,79.6226530367233,79.62940216064453,65667300
2005-01-06,SPY,79.91955424234885,80.3986390884641,79.79809574980743,80.03426361083984,47814700
2005-01-07,SPY,80.27716669692872,80.45260785535159,79.71035878051342,79.91954040527344,55847700
2005-01-10,SPY,79.85205961193718,80.60780178578551,79.85205961193718,80.29740905761719,56563300
2005-01-11,SPY,80.05451819550359,80.1219940022065,79.61591772982356,79.74412536621094,63099700
2005-01-12,SPY,79.89255382811983,80.18944832769512,79.29875453282388,80.00726318359375,72720500
2005-01-13,SPY,80.05451048345725,80.11524230729111,79.28527503538535,79.36624908447266,55537500
2005-01-14,SPY,79.6023989113616,79.98026742528297,79.4606982186411,79.78458404541016,42032500
2005-01-18,SPY,79.65641593283696,80.71580217148461,79.58893497077405,80.61458587646484,57391700
2005-01-19,SPY,80.58753332815603,80.64825997021113,79.76431563760443,79.77106475830078,54378900
2005-01-20,SPY,79.54836866319913,79.75754501575982,79.1435090477623,79.28520965576172,72049300
2005-01-21,SPY,79.48093279089565,79.62263346998037,78.71169759125176,78.7994155883789,63160400
2005-01-24,SPY,79.00857333276835,79.17726531287734,78.52274475443386,78.64420318603516,58441900
2005-01-25,SPY,78.88712205733208,79.26499045501232,78.75891450180308,78.86687469482422,68245000
2005-01-26,SPY,79.16377687727179,79.35271108241861,78.97484267212498,79.1030502319336,57195100
2005-01-27,SPY,79.07610178196839,79.45397039719565,78.93440105125816,79.23804473876953,55878800
2005-01-28,SPY,79.27852919095137,79.31901879120699,78.68473491729799,79.23804473876953,60738900
2005-01-31,SPY,79.58892308657221,79.79135564638455,79.42698012756665,79.73062896728516,52532700
2005-02-01,SPY,79.79132964988838,80.35138842123465,79.69011340295907,80.23667907714844,49841200
2005-02-02,SPY,80.33789829822524,80.69552461186917,80.22993806583872,80.47959899902344,52468900
2005-02-03,SPY,80.33786150003137,80.40534240594556,80.00722668294719,80.2703857421875,48837100
2005-02-04,SPY,80.29743590036466,81.26235487382982,80.28394279813905,81.12740325927734,50024600
2005-02-07,SPY,81.14089821236301,81.323083410972,80.94521476314642,81.01943969726562,45412000
2005-02-08,SPY,81.08690788035439,81.41079893951223,81.01943207788469,81.11389923095703,39263500
2005-02-09,SPY,81.25556950534087,81.30280306417353,80.46609210139275,80.50657653808594,55279400
2005-02-10,SPY,80.74276775517568,80.98567957838593,80.47285943729734,80.79674530029297,45858600
2005-02-11,SPY,80.7697811091642,81.67397350584264,80.6078381232198,81.49178314208984,53133000
2005-02-14,SPY,81.43777939720385,81.5524887608665,81.29607868654887,81.4310302734375,32432100
2005-02-15,SPY,81.51196490351545,81.93706682994433,81.43099090168923,81.73463439941406,43852700
2005-02-16,SPY,81.5997010223707,81.95732726750182,81.42425988677122,81.78863525390625,55523000
2005-02-17,SPY,81.80217162818796,81.8696474354642,81.12065413412749,81.12740325927734,58124000
2005-02-18,SPY,81.13408195322873,81.29602993807201,80.90466336347235,81.23529815673828,47723300
2005-02-22,SPY,80.90468922185242,81.28930679966246,80.01399561281487,80.0274887084961,80697600
2005-02-23,SPY,80.25016657079891,80.6820177226757,80.04099011700379,80.60104370117188,68292600
2005-02-24,SPY,80.45935657391227,81.1881074459526,80.28392055321835,81.13412475585938,68563600
2005-02-25,SPY,81.15434701371906,82.0990232656699,81.09362036335742,81.93708038330078,60899900
2005-02-28,SPY,81.74814481869056,81.84936104903419,80.99915192144762,81.39726257324219,69381300
2005-03-01,SPY,81.52547428570101,81.99780985388618,81.49848294636591,81.80213165283203,47294400
2005-03-02,SPY,81.48501304642643,82.2744906414438,81.4107881291438,81.76166534423828,64226500
2005-03-03,SPY,82.09228686987545,82.25422976719317,81.44450498446082,81.7953872680664,61230800
2005-03-04,SPY,82.35544279708614,82.8817610538988,82.1800016621247,82.81428527832031,56168500
2005-03-07,SPY,82.7670640979296,83.16517483702802,82.59162293673198,82.85478210449219,43442400
2005-03-08,SPY,82.77379886335238,82.99647356455061,82.39593038718945,82.54438018798828,44362000
2005-03-09,SPY,82.30148486862674,82.51741050425814,81.61996748976046,81.62671661376953,73263600
2005-03-10,SPY,81.78190757875902,81.9843401073892,81.24209608253362,81.80889892578125,65149000
2005-03-11,SPY,81.85608332109432,82.1327406008158,81.08010443968426,81.23529815673828,57976500
2005-03-14,SPY,81.38378302335089,81.75490754702157,81.16110830914847,81.74140930175781,36336400
2005-03-15,SPY,81.93035285499032,81.95734420051082,81.02616594638062,81.066650390625,62438500
2005-03-16,SPY,80.76972608339251,81.08012388809455,80.22991478197544,80.37836456298828,74874200
2005-03-17,SPY,80.50656563325329,80.79671606908707,80.2838961135301,80.5403060913086,62584200
2005-03-18,SPY,80.68730626085296,80.97182074925053,80.03698521524757,80.30117797851562,60232000
2005-03-21,SPY,80.41633843449516,80.4637575162297,79.77279301548442,80.00311279296875,61244300
2005-03-22,SPY,80.18603744123577,80.56539018397865,79.19023132324219,79.19023132324219,92472400
2005-03-23,SPY,79.22413785212562,79.7457532965037,79.08865614018889,79.25801086425781,70817300
2005-03-24,SPY,79.56960276461412,79.9286338616947,79.29863424113802,79.35282897949219,51932500
2005-03-28,SPY,79.54247298577023,79.89473347324866,79.46795654296875,79.46795654296875,46765500
2005-03-29,SPY,79.35282389244028,79.8676635372107,78.74992167971078,78.9395980834961,71160300
2005-03-30,SPY,79.10892515535772,80.07085810656577,79.10214952378793,80.05731201171875,62002100
2005-03-31,SPY,80.06407264732324,80.24697331910993,79.84729899232455,79.90826416015625,64575400
2005-04-01,SPY,80.3621478036674,80.60601885591636,79.19699242639102,79.54924774169922,95255300
2005-04-04,SPY,79.5018678814794,79.84057726912431,79.08186638021346,79.68476867675781,71581200
2005-04-05,SPY,79.78637328516088,80.19282346959719,79.71185681504653,80.06411743164062,46853900
2005-04-06,SPY,80.24022883058575,80.57893812099479,80.05732808781406,80.34184265136719,53268200
2005-04-07,SPY,80.21312197479882,80.78892662959495,80.15215162615614,80.77537536621094,46734600
2005-04-08,SPY,80.72797280363343,80.75507016765482,79.93539428710938,79.93539428710938,63772900
2005-04-11,SPY,80.13184760111537,80.21991015939442,79.8202356622505,79.9963607788086,44945000
2005-04-12,SPY,79.86086906758216,80.65344749716232,79.30538608681319,80.40957641601562,86144800
2005-04-13,SPY,80.31474825095742,80.47733243752332,79.34603943791764,79.4612045288086,65949000
2005-04-14,SPY,79.52892372845534,79.59666453695597,78.42472839355469,78.42472839355469,96119800
2005-04-15,SPY,78.40443233451282,78.71604429025975,77.29346617287801,77.32733917236328,128677300
2005-04-18,SPY,77.30700542354614,77.87603451473248,77.1986159766764,77.56442260742188,100035200
2005-04-19,SPY,77.97086681076816,78.26215696687522,77.78796609334879,78.18087005615234,64930100
2005-04-20,SPY,78.16052702136541,78.32988160812644,76.92085537417647,77.0902099609375,107735900
2005-04-21,SPY,77.76090480306468,78.7228382602927,77.4831606138155,78.58735656738281,86952200
2005-04-22,SPY,78.40440549502645,78.91924493485638,77.40859960325642,78.28924560546875,88845800
2005-04-25,SPY,78.48568970003069,78.91923702645518,78.39085154539357,78.8040771484375,52284100
2005-04-26,SPY,78.55346725362881,79.10217471479534,78.00475979246228,78.03862762451172,72626000
2005-04-27,SPY,77.80828362819534,78.62795933300306,77.52376911941103,78.34344482421875,84131900
2005-04-28,SPY,78.08604378745264,78.36378790860174,77.3612060546875,77.3612060546875,72481500
2005-04-29,SPY,77.9505262926767,78.49246301889252,77.20536717034868,78.41117095947266,103993800
2005-05-02,SPY,78.62795976398559,78.85828472590151,78.25537754689775,78.85150909423828,56026400
2005-05-03,SPY,78.62796092326931,79.15634649835333,78.37054376749042,78.98699188232422,86000300
2005-05-04,SPY,79.02087495320656,79.76603432513298,78.77022822892413,79.5966796875,81055700
2005-05-05,SPY,79.71183734952395,79.93538670527654,79.08183790858962,79.569580078125,96906700
2005-05-06,SPY,79.88798887308307,79.92863234192855,79.2986327333507,79.31895446777344,67415400
2005-05-09,SPY,79.40020517401348,79.98956100645218,79.29182092417288,79.81343078613281,43750500
2005-05-10,SPY,79.50183136217471,79.5966695336876,78.84473462505488,78.98699188232422,74613500
2005-05-11,SPY,79.21053417520585,79.52892165196741,78.47892105859957,79.4205322265625,91647400
2005-05-12,SPY,79.47473416465552,79.65763487628924,78.54666900634766,78.54666900634766,95086800
2005-05-13,SPY,78.78377310847767,79.00054682034589,77.76764536504052,78.390869140625,85267000
2005-05-16,SPY,78.37731782051505,79.14957449151252,78.35022562880721,79.12248229980469,49207000
2005-05-17,SPY,78.85830039779667,79.7321658291927,78.68894575060783,79.65087890625,61071800
2005-05-18,SPY,79.9963392801255,80.66698724164914,79.94214973405981,80.47053527832031,77944900
2005-05-19,SPY,80.62633638472444,80.89053431781683,80.4095627015989,80.80924224853516,61768100
2005-05-20,SPY,80.84313480918402,80.87700780715767,80.43668467496967,80.69410705566406,46345500
2005-05-23,SPY,80.75505363207452,81.3173121917281,80.74150753698441,81.14118194580078,51047900
2005-05-24,SPY,80.91086411381055,81.17505690496353,80.74827995902965,80.95150756835938,50654100
2005-05-25,SPY,80.84989245447677,81.20215294917172,80.49763712807453,80.89054107666016,47608800
2005-05-26,SPY,81.14797402745035,81.43248859665204,81.03281410681544,81.32410430908203,43256200
2005-05-27,SPY,81.33088352594703,81.4595947265625,81.15475839365607,81.4595947265625,24596100
2005-05-31,SPY,81.34444613394868,81.40541134171156,80.88380116932531,80.93799591064453,43377200
2005-06-01,SPY,80.96507943708244,81.91346663536302,80.91766033558314,81.62895202636719,69611000
2005-06-02,SPY,81.4460303542132,81.8592508936437,81.35796263953213,81.80506134033203,39704500
2005-06-03,SPY,81.6627912119999,81.89311099010962,81.10730832376154,81.3918228149414,60999400
2005-06-06,SPY,81.25636666886777,81.42572133484565,80.98540333793856,81.31733703613281,36046400
2005-06-07,SPY,81.55440324674078,82.13698350194996,81.29698610748488,81.3782730102539,66501300
2005-06-08,SPY,81.58150336347232,81.68988762692821,81.06666389925232,81.229248046875,46881200
2005-06-09,SPY,81.11408594579152,81.68312014666644,80.9108635062805,81.6153793334961,56653300
2005-06-10,SPY,81.66955308273766,81.73052342060018,81.01923209919075,81.4256820678711,36465300
2005-06-13,SPY,81.24958090711469,82.02183762512294,81.16151318967776,81.6831283569336,49383200
2005-06-14,SPY,81.59505866041562,82.1031225503766,81.54763957075099,81.872802734375,33857100
2005-06-15,SPY,82.07600395461593,82.1301934908767,81.44600472699727,82.02857971191406,53195600
2005-06-16,SPY,82.00827672175903,82.40118066707126,81.91343855127576,82.23860168457031,46564500
2005-06-17,SPY,82.66573973663486,82.91059506439674,82.44809113297451,82.5433120727539,51529400
2005-06-20,SPY,82.35287750007534,82.86978973641243,82.25765655184732,82.57052612304688,41019400
2005-06-21,SPY,82.63852966048786,82.74055357444229,82.31885715170152,82.61812591552734,39879800
2005-06-22,SPY,82.76095152409631,82.93779261662395,82.34605810844576,82.6861343383789,46310100
2005-06-23,SPY,82.51610866629939,82.7065505535151,81.50268280124305,81.52308654785156,62185600
2005-06-24,SPY,81.53670143714855,81.62512460663567,80.8293420270173,80.92456817626953,58572500
2005-06-27,SPY,80.91777919798916,81.21704808960024,80.76814475218363,81.04020690917969,48183800
2005-06-28,SPY,81.21022245790626,81.78154815800801,81.18981870992441,81.7203369140625,41174200
2005-06-29,SPY,81.86996090188217,81.89036464726804,81.45506744852943,81.50267791748047,42316500
2005-06-30,SPY,81.76793663477973,81.83595084882467,80.90414003003804,81.06057739257812,62288800
2005-07-01,SPY,81.24423918669358,81.48229678667114,81.08100398915032,81.29865264892578,49737500
2005-07-05,SPY,81.10819610627964,82.06041076716079,81.06738861153482,81.95158386230469,51549000
2005-07-06,SPY,81.8835539579993,82.06039504994345,81.21700745545438,81.26461791992188,52363600
2005-07-07,SPY,80.45522406187786,81.58427429199219,80.43482032114548,81.58427429199219,103268800
2005-07-08,SPY,81.59789321945267,82.51609802246094,81.42785510077886,82.51609802246094,64491200
2005-07-11,SPY,82.52291169730395,83.04662688747983,82.50930574012148,82.93780517578125,49688300
2005-07-12,SPY,82.97183527662393,83.40713263595623,82.73378284404438,83.15547943115234,51871100
2005-07-13,SPY,83.16223025595735,83.33226835307681,82.97178841744771,83.27105712890625,41182300
2005-07-14,SPY,83.6451599077174,83.95802944689318,83.31188143387959,83.59754943847656,63638800
2005-07-15,SPY,83.51592224787106,83.68596036503283,83.22345647878677,83.5499267578125,56075900
2005-07-18,SPY,83.3187063776813,83.4071243612522,83.01263973603685,83.21668243408203,56598400
2005-07-19,SPY,83.46151765414261,83.73357970827762,83.25747500540541,83.67236328125,59165700
2005-07-20,SPY,83.37991204750459,84.15529085345013,83.1826723426801,83.95804595947266,69477000
2005-07-21,SPY,84.03284294148754,84.07365043071172,83.29827700054202,83.46831512451172,101110900
2005-07-22,SPY,83.57713598995011,84.03963989008999,83.40709786768032,84.02603912353516,52607100
2005-07-25,SPY,83.9376211331706,84.30489891066725,83.55673221082141,83.7879867553711,57301600
2005-07-26,SPY,83.81520264051079,84.01924529596519,83.6247555639402,83.8900146484375,42758800
2005-07-27,SPY,83.99883059915369,84.26408964907152,83.69276406129514,84.19607543945312,43181600
2005-07-28,SPY,84.31171477963268,84.77421875029644,84.09406615750576,84.72660827636719,47880700
2005-07-29,SPY,84.61778503010898,84.76741423892976,83.99884369106587,84.16207885742188,62358100
2005-08-01,SPY,84.22329589803947,84.36612731827952,83.96483459452206,84.10086822509766,40418200
2005-08-02,SPY,84.25047952989684,84.74698787522856,84.16205639697264,84.60415649414062,45147400
2005-08-03,SPY,84.50895600496717,84.84222930808048,84.42053803981736,84.82862854003906,36837200
2005-08-04,SPY,84.49540087098858,84.54980916169119,84.0464974458955,84.14852142333984,50855600
2005-08-05,SPY,83.96483520644911,84.32532043823727,83.434317016219,83.5771484375,53595500
2005-08-08,SPY,83.76081460497792,83.9376557780178,83.23709406651665,83.42073822021484,47616000
2005-08-09,SPY,83.69955967432561,84.06003964616988,83.57033423615496,83.92401123046875,47170000
2005-08-10,SPY,84.21645186235497,84.67895560252916,83.53629960851939,83.8831787109375,72863700
2005-08-11,SPY,83.8424284935109,84.3593460443917,83.6655925119929,84.21651458740234,58570200
2005-08-12,SPY,84.04645661065517,84.12807679078526,83.48873168598091,83.69957733154297,54776900
2005-08-15,SPY,83.80842396898224,84.25052430108475,83.54316480755149,84.21651458740234,36208500
2005-08-16,SPY,83.95805776245605,84.01246603911525,83.03984739161265,83.12146759033203,71942100
2005-08-17,SPY,83.10788726555995,83.57039146045261,82.99906030715933,83.11468505859375,62275100
2005-08-18,SPY,83.01262817077478,83.35950226587133,82.86979155614372,83.10784912109375,53388600
2005-08-19,SPY,83.40709287257586,83.53632349829005,83.11462711222103,83.29827117919922,39842100
2005-08-22,SPY,83.37308836364939,83.81518849290457,82.89697853631637,83.29827117919922,69912000
2005-08-23,SPY,83.3186944635273,83.3935116655247,82.40048948073934,83.14185333251953,55168600
2005-08-24,SPY,82.93778027559067,83.47510126163056,82.35964661940868,82.40045928955078,79104600
2005-08-25,SPY,82.53651002093305,82.75415862703656,82.44128908008477,82.69974517822266,35631100
2005-08-26,SPY,82.6249187051568,82.6317164932042,82.08079469059655,82.13520812988281,61956800
2005-08-29,SPY,81.89717439047158,82.82898010107722,81.87676545424792,82.76776885986328,56179200
2005-08-30,SPY,82.46850984031151,82.50251954889654,81.88357813888923,82.33248138427734,74160200
2005-08-31,SPY,82.42768865755846,83.42751372980344,82.12161689856292,83.37310028076172,102945200
2005-09-01,SPY,83.33229339595938,83.76079285052894,82.39368468588518,83.3118896484375,74578700
2005-09-02,SPY,83.55674407842403,83.57714782572161,83.0058221447797,83.1622543334961,47653400
2005-09-06,SPY,83.42751831669888,84.20289184614138,83.4207153379066,84.13487243652344,57251300
2005-09-07,SPY,84.08729332536755,84.42736974368617,83.97166858853626,84.27774047851562,41749700
2005-09-08,SPY,84.10767487063062,84.33892426896192,83.8696173040332,83.99884796142578,39068700
2005-09-09,SPY,84.22330924558855,84.84224549804995,84.20290549505677,84.74702453613281,43093900
2005-09-12,SPY,84.64496427554957,84.79459863411638,84.52253663573589,84.57695007324219,33017600
2005-09-13,SPY,84.42735632734012,84.62460124131927,84.01246274778977,84.1076889038086,58427500
2005-09-14,SPY,84.16210061398306,84.28452831768666,83.67238979916858,83.80162048339844,57694600
2005-09-15,SPY,84.06005921530287,84.10087190083553,83.5907574394748,83.76079559326172,73156900
2005-09-16,SPY,84.21978444968508,84.5203218974502,83.9260737269043,84.35639190673828,75424100
2005-09-19,SPY,84.33590883838424,84.39055391058012,83.76897793964393,84.07634735107422,53355300
2005-09-20,SPY,84.15149052008553,84.43154263161027,83.24304086728405,83.3659896850586,84480300
2005-09-21,SPY,83.18836791540758,83.24301297416162,82.4984883795468,82.58728790283203,94469100
2005-09-22,SPY,82.61463896549513,83.09960754597651,82.26628829894103,82.88102722167969,84597200
2005-09-23,SPY,82.81272049315307,83.25670264121625,82.58048672381508,82.94933319091797,59368100
2005-09-26,SPY,83.34548987955127,83.4957612286584,82.7034284941496,83.04495239257812,70415400
2005-09-27,SPY,83.0039716555123,83.32500497578046,82.66244773373623,83.02446746826172,66150800
2005-09-28,SPY,83.28401630686739,83.41379705310553,82.7853891328269,83.1064224243164,58620500
2005-09-29,SPY,83.02447025985853,83.91926129740085,82.70343692879602,83.78265380859375,66607700
2005-09-30,SPY,83.75534978207813,84.04222869873047,83.15426419148143,84.04222869873047,47824200
2005-10-03,SPY,83.98757400565675,84.24713034658892,83.63921809740506,83.7416763305664,50994800
2005-10-04,SPY,83.87147278126929,84.03540285821877,82.75810630798749,82.79908752441406,60776300
2005-10-05,SPY,82.81955209209508,82.86053329563615,81.67203149177143,81.7130126953125,106052100
2005-10-06,SPY,81.81546524221297,82.14333048153148,80.71575785935626,81.41929626464844,140941800
2005-10-07,SPY,81.76082025081901,81.99989115178657,81.37148321005287,81.69934844970703,75661400
2005-10-10,SPY,81.74715325481351,81.76764385309548,80.80454925515842,81.00946044921875,52677000
2005-10-11,SPY,81.27587677898829,81.54909701020438,80.81823588816576,80.89337158203125,75629800
2005-10-12,SPY,80.86602212260476,81.37147599481332,80.19663825072546,80.25811004638672,100510400
2005-10-13,SPY,80.2308330174024,80.65432473559643,79.83466384985736,80.21034240722656,99052900
2005-10-14,SPY,80.68159314133788,81.15289249282705,80.29908290019571,81.05726623535156,88651000
2005-10-17,SPY,81.14607546683217,81.46710353458937,80.90700458332928,81.35781860351562,68109300
2005-10-18,SPY,81.24170761757304,81.25536628073083,80.46303353654923,80.47669219970703,74996900
2005-10-19,SPY,80.25814956033845,81.82916223197432,79.9985931654675,81.81549835205078,116563800
2005-10-20,SPY,81.61738390509684,81.8359590026691,80.12151269815354,80.37423706054688,131966700
2005-10-21,SPY,80.79775148908924,81.13244356213528,80.26497486347718,80.68846130371094,96579500
2005-10-24,SPY,80.90017760540489,82.0272022298721,80.87968700659506,81.93840789794922,71308400
2005-10-25,SPY,81.77450561523438,82.12968827456251,81.24172902062088,81.77450561523438,76594500
2005-10-26,SPY,81.63104956037947,82.33458800818295,81.41247445804012,81.5354232788086,80855800
2005-10-27,SPY,81.41928971517065,81.53541179321316,80.55182136562013,80.66793823242188,66623100
2005-10-28,SPY,80.89334713522388,81.93157744659011,80.66794012174776,81.8291244506836,72322000
2005-10-31,SPY,82.16382506759754,82.85370484320264,82.05453491210938,82.05453491210938,77698900
2005-11-01,SPY,82.36189204125405,82.58046709448115,82.11599445496853,82.3004150390625,66365100
2005-11-02,SPY,82.0818399142692,83.16105651855469,82.05451738123459,83.16105651855469,74012300
2005-11-03,SPY,83.43430345493296,83.78265934904158,83.16108324800938,83.51626586914062,84897600
2005-11-04,SPY,83.60508224022412,83.64606345556653,83.02449244082013,83.40699768066406,59156000
2005-11-07,SPY,83.58456365588351,83.75532561097837,83.22937587099105,83.48893737792969,46765400
2005-11-08,SPY,83.28402094731932,83.6187129201577,83.1883946693655,83.48893737792969,42152800
2005-11-09,SPY,83.38649289239996,83.98074125878001,83.23622151337534,83.59823608398438,57666800
2005-11-10,SPY,83.56408340012055,84.37008018666236,83.16108761247078,84.24713134765625,79048100
2005-11-11,SPY,84.25394448464017,84.58863644509684,83.62554176383632,84.53399658203125,34867000
2005-11-14,SPY,84.55447926797915,84.71157732785552,84.2744271968003,84.48617553710938,45092200
2005-11-15,SPY,84.39056613163672,84.7594073942706,83.91926143536656,84.17881774902344,69592500
2005-11-16,SPY,84.2676240713148,84.3905729058093,84.00123579845041,84.3495864868164,51133000
2005-11-17,SPY,84.47934558876675,85.1419027374012,84.11049917990094,85.13507080078125,55717500
2005-11-18,SPY,85.42194394938501,85.57221527763203,84.92332204519126,85.46975708007812,72437200
2005-11-21,SPY,85.48344868707633,86.0025665681983,85.3673317907539,85.90010833740234,50021200
2005-11-22,SPY,85.7634770511044,86.41920229044132,85.66785077940366,86.26893615722656,66438800
2005-11-23,SPY,86.2348015708757,87.02713967482416,86.20747902819726,86.767578125,50854700
2005-11-25,SPY,86.7334234502367,86.89735348484982,86.61730134827899,86.83587646484375,15270000
2005-11-28,SPY,86.9178214866784,86.93148014799377,86.09133437922664,86.22111511230469,54498500
2005-11-29,SPY,86.50803688122306,86.73344398921996,86.12552642822266,86.12552642822266,51738900
2005-11-30,SPY,86.17331951942884,86.41921195183433,85.5790660120749,85.6610336303711,56007200
2005-12-01,SPY,86.07769330596074,86.76757313802463,86.05037597609451,86.53533935546875,65468200
2005-12-02,SPY,86.58997009688515,86.80171846533675,86.40554947790221,86.64461517333984,46699400
2005-12-05,SPY,86.542159854915,86.56265566770261,86.18697726855191,86.46019744873047,59273400
2005-12-06,SPY,86.78123355131544,87.25253303570814,86.49434948674924,86.62413024902344,57935200
2005-12-07,SPY,86.58997471055336,86.65828366538202,85.84545504634379,86.1186752319336,66816500
2005-12-08,SPY,86.21428194864919,86.62410952840166,85.70882810732914,86.06401062011719,62608600
2005-12-09,SPY,86.17333469451783,86.59682110218677,85.94109567406886,86.2894515991211,50744500
2005-12-12,SPY,86.54899282670566,86.6514510469021,86.03670693696498,86.37139892578125,48389900
2005-12-13,SPY,86.35091953591755,87.22522006746344,86.26212517954696,86.95883178710938,88630900
2005-12-14,SPY,86.87682206946114,87.49156071328257,86.84266760647577,87.30030822753906,64375000
2005-12-15,SPY,87.32083000777455,87.43012015936957,86.87002116054825,87.04761505126953,55900300
2005-12-16,SPY,87.3991823069782,87.45411705465497,86.76744842529297,86.76744842529297,46238300
2005-12-19,SPY,87.02153391137513,87.11766711828076,86.30739777517127,86.32112884521484,48733000
2005-12-20,SPY,86.4241102671095,86.92537541048632,86.16317808554798,86.40351104736328,46603200
2005-12-21,SPY,86.67130885533622,87.04211051655628,86.38290930956467,86.54084014892578,51806900
2005-12-22,SPY,86.73313446353819,86.99407196044922,86.57520357328201,86.99407196044922,32247900
2005-12-23,SPY,87.05580717188761,87.11074189380552,86.8086061621204,87.04207611083984,27977300
2005-12-27,SPY,87.17945351361018,87.24125641797816,86.09451576018279,86.15631866455078,44499500
2005-12-28,SPY,86.3417265111961,86.51339369740987,86.17692747931358,86.34859466552734,30764300
2005-12-29,SPY,86.32799150231175,86.49279052667461,85.87478763673073,85.96405792236328,32788900
2005-12-30,SPY,85.69625062838466,85.87478070751115,85.3941147423766,85.49711608886719,44645600
2006-01-03,SPY,85.96404964178534,87.20691821710379,85.41471262833592,87.00091552734375,73256700
2006-01-04,SPY,87.11079742531822,87.5433968487532,87.00092791144262,87.41293334960938,51899600
2006-01-05,SPY,87.30990364631323,87.61203423365578,87.12450021155307,87.46783447265625,47307500
2006-01-06,SPY,87.90734772037798,88.2918805938584,87.45414377188966,88.19574737548828,62885900
2006-01-09,SPY,88.1820173499331,88.62148501919502,88.15455520461362,88.42235565185547,43527400
2006-01-10,SPY,88.16139179393608,88.56652380226255,88.07212151226894,88.51158905029297,44960800
2006-01-11,SPY,88.59399203985552,88.8823916151471,88.39485226408834,88.79312133789062,49598900
2006-01-12,SPY,88.63522146783086,88.77255315011219,88.19575379788914,88.44295501708984,40509200
2006-01-13,SPY,88.2849730454968,88.51156442745403,88.03089857860135,88.3604965209961,44856700
2006-01-17,SPY,88.03091557797883,88.18198351360904,87.7631152334947,88.12018585205078,52066600
2006-01-18,SPY,87.60520523022399,88.51160258196072,87.31680559659257,87.77000427246094,75067600
2006-01-19,SPY,87.98287285139808,88.42234044508085,87.76313381568974,88.1064682006836,81530400
2006-01-20,SPY,88.08582861510834,88.10642783055074,86.49962615966797,86.49962615966797,114957800
2006-01-23,SPY,86.66445498850048,87.08332330972904,86.60952023581265,86.80865478515625,67017400
2006-01-24,SPY,86.95286347940315,87.30993416954551,86.8086636679919,86.89793395996094,53008800
2006-01-25,SPY,87.23438189598906,87.33051508344013,86.41037641072381,86.97344970703125,87747700
2006-01-26,SPY,87.37856760754146,87.66696712345683,87.04210150564018,87.4541015625,71294000
2006-01-27,SPY,87.66013529129405,88.34680404248188,87.51593024334181,88.26439666748047,65771200
2006-01-30,SPY,88.19574737548828,88.44981149309463,88.13394969462215,88.19574737548828,33709600
2006-01-31,SPY,88.11329744275952,88.2643548569505,87.54335615305806,87.55022430419922,72937000
2006-02-01,SPY,87.76997607924498,88.1888390856206,87.70131027027514,88.161376953125,63561000
2006-02-02,SPY,87.96227318021441,87.98973532067167,87.06960168821287,87.13826751708984,83626900
2006-02-03,SPY,86.91850588266709,88.1613742755292,86.61637004573765,86.70563507080078,86040400
2006-02-06,SPY,86.82240195509716,87.06960313425333,86.63699845129653,86.93226623535156,45511900
2006-02-07,SPY,86.78119040204504,86.97346204308421,86.1082579944408,86.16319274902344,71208100
2006-02-08,SPY,86.41726127342439,87.9622712021815,86.2455940856588,86.94599914550781,59422200
2006-02-09,SPY,87.15200855725597,87.61894358144916,86.77434383579535,86.80181121826172,62023300
2006-02-10,SPY,86.81552462681024,87.29619062500785,86.14258699046712,86.95972442626953,64508700
2006-02-13,SPY,86.93227473639256,87.06274349339093,86.48593893933226,86.80181121826172,52308700
2006-02-14,SPY,86.83610549797586,87.91417492798178,86.66443835791846,87.72190856933594,90964400
2006-02-15,SPY,87.67386412900446,88.11333693833298,87.37172820973693,88.03092956542969,85471300
2006-02-16,SPY,88.12705877567812,88.72446767178934,88.01718926860791,88.69013214111328,61017900
2006-02-17,SPY,88.6145722788694,88.69010623319878,88.2918372447102,88.44976806640625,40342600
2006-02-21,SPY,88.65578796390501,88.85491725803257,88.09271465338597,88.23005676269531,46456300
2006-02-22,SPY,88.42234400693756,89.02660542400872,88.33993662636041,88.76567840576172,42326700
2006-02-23,SPY,88.76565395375006,89.01971798601868,88.08584825935795,88.63518524169922,43423200
2006-02-24,SPY,88.65577560177016,88.90983960864845,88.41543742172337,88.86177825927734,36777400
2006-02-27,SPY,88.85492450006095,89.2943920435663,88.77252760994517,88.89613342285156,35858600
2006-02-28,SPY,88.71756769321685,89.20510693615805,87.98283785004207,88.05149841308594,74394800
2006-03-01,SPY,88.30556999885343,88.9167045219597,88.23689896032172,88.83429718017578,48641600
2006-03-02,SPY,88.51155862926956,88.86862915548198,88.31242938983567,88.82743072509766,60642300
2006-03-03,SPY,88.35365338634635,89.31499577698139,88.33991707966716,88.41545104980469,73402500
2006-03-06,SPY,88.67639202190293,88.7038541586237,87.79058880497116,88.01032257080078,57478400
2006-03-07,SPY,87.7974671167459,87.93479877170384,87.48160011924918,87.87300109863281,61780800
2006-03-08,SPY,87.68759602789838,88.19573466762988,87.33053058809612,88.05840301513672,66692400
2006-03-09,SPY,88.085837190415,88.3605004082055,87.46783447265625,87.46783447265625,56313600
2006-03-10,SPY,87.69446235011182,88.47039612433451,87.50906409923263,88.2987289428711,60490800
2006-03-13,SPY,88.47034862936367,88.69008753298282,88.25748311506239,88.46348571777344,45479100
2006-03-14,SPY,88.38116264721894,89.42489187751853,88.31249156308033,89.39055633544922,69877300
2006-03-15,SPY,89.36990436352737,89.85744362661977,89.16391218815188,89.78877258300781,53398900
2006-03-16,SPY,89.96046870839423,90.27634094199196,89.84373627881543,89.97420501708984,65526400
2006-03-17,SPY,90.09072447082607,90.24239320719327,89.88391302978162,90.04936218261719,47286800
2006-03-20,SPY,90.06311515217459,90.24235516532138,89.7666785320398,89.90455627441406,45538500
2006-03-21,SPY,89.8769945955974,90.304429368152,89.24274842274197,89.33926391601562,87102700
2006-03-22,SPY,89.28412640823615,89.97352591557319,89.24276412090019,89.8839111328125,51605700
2006-03-23,SPY,89.80113669109762,89.8907619539894,89.38750347957566,89.6977310180664,46704200
2006-03-24,SPY,89.61501680165988,90.01486964909816,89.44266698049157,89.76668548583984,43209200
2006-03-27,SPY,89.64260187684074,89.81495172441129,89.44268068219485,89.63571166992188,32523000
2006-03-28,SPY,89.57366571793239,89.98730959674903,88.96700135357568,89.08419799804688,82079900
2006-03-29,SPY,89.21516916851773,89.96661190807504,89.13243409633056,89.64259338378906,61505700
2006-03-30,SPY,89.6977590734085,90.29753320337896,89.31169708081143,89.48404693603516,70571700
2006-03-31,SPY,89.6357025197064,89.78737121163779,89.18758665012774,89.50471496582031,62925600
2006-04-03,SPY,89.670187182661,90.22169830052032,89.27033425863277,89.43578338623047,61624700
2006-04-04,SPY,89.43577760545529,90.12517697761967,89.18070320396232,90.00798034667969,54809300
2006-04-05,SPY,90.0424208251821,90.50431698013467,89.88386197065114,90.31817626953124,50607200
2006-04-06,SPY,90.20789927597666,90.4560834355723,89.75289323015166,90.2216796875,57906200
2006-04-07,SPY,90.35266891491386,90.58706214795188,89.17380202443546,89.30477905273438,80180900
2006-04-10,SPY,89.44265747070312,89.67705067791512,89.11173827527745,89.44265747070312,41496500
2006-04-11,SPY,89.51848855712092,89.66325649539516,88.41544565117985,88.68431091308594,72799400
2006-04-12,SPY,88.77398862196736,89.0221728964637,88.66368216232388,88.84982299804688,43033700
2006-04-13,SPY,88.64987751822146,89.10488370434679,88.45684650339278,88.73261260986328,51051800
2006-04-17,SPY,88.8153167406884,89.1462254728909,88.25690496778454,88.6981201171875,64167700
2006-04-18,SPY,88.88425240277411,90.26995181709984,88.88425240277411,90.1044921875,92531800
2006-04-19,SPY,90.13895483002152,90.3595676464118,89.78736498822232,90.2768325805664,87269000
2006-04-20,SPY,90.31132990354835,90.9042138641492,90.03557432534373,90.40095520019533,86005500
2006-04-21,SPY,90.78699249909236,90.85592611517464,90.0493302231649,90.41471099853516,72342600
2006-04-24,SPY,90.2354766462823,90.35957399406904,89.88388677978432,90.249267578125,52546400
2006-04-25,SPY,90.33891058704074,90.39406381226009,89.5667864727744,89.87701416015625,84359800
2006-04-26,SPY,89.9666034355212,90.40781854117236,89.8287256873923,89.89765930175781,67262400
2006-04-27,SPY,89.5529533690108,90.74562157891064,89.33924129654237,90.33197784423828,124478600
2006-04-28,SPY,90.16653318858604,90.82836116985828,90.11139049959569,90.63533020019533,55854400
2006-05-01,SPY,90.63532155931406,90.86282457745575,89.84251661802456,89.89765930175781,64990300
2006-05-02,SPY,90.31818023310066,90.62841827085298,90.13205003372492,90.5732650756836,49063500
2006-05-03,SPY,90.41472130773587,90.53192845529632,89.93214386254333,90.23548126220705,60821300
2006-05-04,SPY,90.36647827906752,90.73874934162868,90.29064392121612,90.55950927734376,42921400
2006-05-05,SPY,91.03519621128412,91.55224578023947,90.89731843010944,91.35921478271484,62588200
2006-05-08,SPY,91.35233761746674,91.53158824668616,91.24893188476562,91.24893188476562,30016700
2006-05-09,SPY,91.2902228768891,91.53151675726998,91.21438855900324,91.4281005859375,29864000
2006-05-10,SPY,91.28337494892232,91.5177682147977,90.92488432385429,91.37989044189452,64378200
2006-05-11,SPY,91.35229376197388,91.37987562372167,89.98039594286479,90.2768325805664,80626900
2006-05-12,SPY,89.87010829370398,90.11829250424871,89.06351223928357,89.09798431396484,91726500
2006-05-15,SPY,88.78773589298744,89.4426736779876,88.66364906176575,89.27721405029297,84029300
2006-05-16,SPY,89.4564525677576,89.62191219263529,88.93940307433854,89.14622497558594,62137600
2006-05-17,SPY,88.70500092905573,89.00144807896146,87.39514129186975,87.4502944946289,144789500
2006-05-18,SPY,87.79500140444591,88.07076218141566,86.94014772956912,87.00908660888672,87906300
2006-05-19,SPY,87.46415217732034,87.89157667566452,86.72649462146194,87.62271118164062,124309400
2006-05-22,SPY,87.05734466502014,87.67090963465319,86.51961404082031,86.95393371582031,110852800
2006-05-23,SPY,87.67781615796223,87.98804378498652,86.29212188720703,86.29212188720703,92006500
2006-05-24,SPY,86.64369457165033,87.47786700045727,86.00944854871098,86.98149871826172,168405000
2006-05-25,SPY,87.49858204282724,88.05699920654297,87.1607777653108,88.05699920654297,78977900
2006-05-26,SPY,88.25000390243314,88.50508880615234,87.90530949925696,88.50508880615234,62989700
2006-05-30,SPY,88.22242900801837,88.24311014540682,86.89878361816508,86.9332504272461,72419900
2006-05-31,SPY,87.29175416691811,87.90531921386719,87.00220242073202,87.90531921386719,86926200
2006-06-01,SPY,87.81567286137272,88.89113924702416,87.73983852457361,88.7463607788086,73721700
2006-06-02,SPY,89.10484491392623,89.22893171826767,88.46370871936858,88.9324951171875,91702600
2006-06-05,SPY,88.82909177192403,88.83598197699108,87.39513490349923,87.63642883300781,86105100
2006-06-06,SPY,87.6984673224907,87.81566391844565,86.6988406351366,87.4227066040039,130498600
2006-06-07,SPY,87.49169385096958,88.00184801280912,86.71956451058209,86.767822265625,108599400
2006-06-08,SPY,86.57476657547824,87.2090126780819,85.39589438704121,86.69196319580078,204957200
2006-06-09,SPY,87.11249347626173,87.52613199248663,86.37483645675599,86.41619873046875,94972200
2006-06-12,SPY,86.78161000149632,86.81608208150277,85.36144866820662,85.47864532470703,95815900
2006-06-13,SPY,85.30624409330227,86.06458205964798,84.4858627319336,84.4858627319336,185688800
2006-06-14,SPY,84.68580207190955,85.23042811524606,84.3411024439522,85.14080810546875,163566400
2006-06-15,SPY,85.45102135227394,87.11247580536246,85.3889779542904,86.947021484375,134057000
2006-06-16,SPY,86.75661132459285,86.94356953075689,86.18187953650659,86.31344604492188,94253500
2006-06-19,SPY,86.83279194430261,86.88818893207458,85.55176697902394,85.63485717773438,95804400
2006-06-20,SPY,85.87027511497809,86.42422903664314,85.66946503538004,85.92566680908203,65494700
2006-06-21,SPY,85.86334894711489,87.04050565014674,85.83565045866224,86.5627212524414,75008200
2006-06-22,SPY,86.52117438838407,86.59734391398236,85.8910509200988,86.18187713623047,74566100
2006-06-23,SPY,86.09186788286935,86.76354178063437,85.88413183592964,86.16803741455078,54107000
2006-06-26,SPY,86.2372827370321,86.5973525716296,86.0364726297374,86.54888153076172,37899600
2006-06-27,SPY,86.56270758308504,86.7565916886903,85.70407042548219,85.80101776123047,69780200
2006-06-28,SPY,85.9949221271193,86.39653703351627,85.62100042837984,86.3826904296875,62368100
2006-06-29,SPY,86.69429863244193,88.18305964592507,86.67352608296618,88.1276626586914,110634800
2006-06-30,SPY,88.31463536409929,88.39773085360068,87.91301508926465,88.13459777832031,54227800
2006-07-03,SPY,88.2384523325701,88.6400672630715,88.15535685576953,88.49465942382812,23914000
2006-07-05,SPY,88.14152824504308,88.2523169537806,87.60834140521456,87.98918914794922,69653400
2006-07-06,SPY,88.07918563649464,88.52927688205646,87.99609544423205,88.24537658691406,50100300
2006-07-07,SPY,88.07227454627726,88.32847637752364,87.44907162185093,87.670654296875,81626500
2006-07-10,SPY,87.89914543128474,88.23844267927697,87.53214969405586,87.83682250976562,60964100
2006-07-11,SPY,87.67062732818783,88.2245864868164,87.20668957053041,88.2245864868164,73640800
2006-07-12,SPY,88.0445727773148,88.21768440083176,87.0543740794799,87.28288269042969,82561300
2006-07-13,SPY,86.86739503827619,87.02666002793674,85.86334991455078,85.86334991455078,102405700
2006-07-14,SPY,85.95337572729844,86.04339714666537,85.05319851425912,85.5309829711914,103242500
2006-07-17,SPY,85.53097448298467,85.93259465105653,85.27477270362064,85.40633392333984,81159000
2006-07-18,SPY,85.66255276934581,85.89798731792635,84.74852363386591,85.84259033203125,122771000
2006-07-19,SPY,85.98800418838783,87.42829413621392,85.66947944120565,87.03359985351562,133565300
2006-07-20,SPY,87.33132855838892,87.45596910270847,86.32035760243971,86.43807220458984,112259800
2006-07-21,SPY,86.65966655794982,86.68736504743723,85.73871159354394,85.82872772216797,101560000
2006-07-24,SPY,86.16804871242263,87.46984629948084,86.16804871242263,87.3936767578125,92884000
2006-07-25,SPY,87.23438230278734,88.14841115617298,87.0543447956664,87.70524597167969,95480700
2006-07-26,SPY,87.65681468451538,88.25231919759666,87.3729143187618,87.82300567626953,84525800
2006-07-27,SPY,88.20384425592171,88.41850629006704,87.38675707281713,87.73990631103516,87257100
2006-07-28,SPY,87.9683919018203,88.7300818905289,87.84375133763548,88.61929321289062,82137000
2006-07-31,SPY,88.39770514099746,88.60543587990539,88.25228675593148,88.52926635742188,49593100
2006-08-01,SPY,88.17616120770916,88.20385970996634,87.66375212332404,88.09307098388672,65225600
2006-08-02,SPY,88.34232199173245,88.95167826697899,88.32154944288492,88.68854522705078,64770900
2006-08-03,SPY,88.17611450867638,89.01397923010384,88.0445532963174,88.92395782470703,63693800
2006-08-04,SPY,89.38099324871129,89.62334317810283,88.27307993305654,88.77163696289062,96294200
2006-08-07,SPY,88.56388092041016,88.68852146304533,88.21765777786199,88.56388092041016,45377300
2006-08-08,SPY,88.6954449038208,88.95165722214813,87.90605653669003,88.2245864868164,90901300
2006-08-09,SPY,88.75777767905417,89.04861447552177,87.67064228614026,87.92684936523438,78910600
2006-08-10,SPY,87.64988887315764,88.28693845528035,87.44215278714243,88.1969223022461,69322300
2006-08-11,SPY,88.05842052929822,88.07919307911914,87.51831310216423,87.9476318359375,47482200
2006-08-14,SPY,88.37694608104604,88.74394716865497,87.88530969339148,88.01687622070312,57839000
2006-08-15,SPY,88.80625631383828,89.23556972740772,88.56390111538019,89.06938934326172,68143000
2006-08-16,SPY,89.54718026735532,89.94186925083201,89.35328554012253,89.810302734375,71737600
2006-08-17,SPY,89.72721954475206,90.2742476356772,89.66490189500651,90.038818359375,70992800
2006-08-18,SPY,90.14961110221176,90.49583435058594,89.73413897780473,90.49583435058594,58288400
2006-08-21,SPY,90.1426766150102,90.2119254885386,89.8795541405704,90.10806274414062,42133600
2006-08-22,SPY,90.01113201543275,90.37812784646084,89.79646470677272,90.10114288330078,60839900
2006-08-23,SPY,90.14269398202124,90.3227368615246,89.45717860513294,89.85186767578125,66592100
2006-08-24,SPY,90.011120371696,90.0872899059748,89.60256892462166,89.77568054199219,57983000
2006-08-25,SPY,89.76875235794095,90.19114509156212,89.70643471672481,89.88646697998047,41756000
2006-08-28,SPY,89.77568086616823,90.585852536375,89.76876020517048,90.31578826904295,52681500
2006-08-29,SPY,90.35733720416825,90.5927664512961,89.88646814401865,90.4196548461914,61817800
2006-08-30,SPY,90.620459711354,90.73817433498576,90.39888235095708,90.4750518798828,50052200
2006-08-31,SPY,90.606630575124,90.70357266443948,90.4196670579101,90.46121215820312,37510300
2006-09-01,SPY,90.80742809286237,91.11210622497036,90.59969204225288,91.00131225585938,48794500
2006-09-05,SPY,91.06365210982568,91.29909199307907,90.8489953460068,91.17444610595705,52348300
2006-09-06,SPY,90.78668040591214,90.82130485147788,90.24657286595811,90.37120819091795,53795600
2006-09-07,SPY,90.059581733134,90.41273617749962,89.5679506807066,89.95571899414062,86269400
2006-09-08,SPY,90.07342689887828,90.33655990588488,89.90031530287779,90.2119140625,45096300
2006-09-11,SPY,89.92109327062705,90.49582507190745,89.65796024775571,90.30194091796876,68496600
2006-09-12,SPY,90.40582542641798,91.29215621954783,90.2742588832993,91.18829345703124,69875600
2006-09-13,SPY,91.15364713880852,91.71452705358884,91.07055694873554,91.55526733398438,62898400
2006-09-14,SPY,91.37524949642638,91.5691336811432,91.22983107494092,91.56220245361328,57805400
2006-09-15,SPY,92.02049241514354,92.07613301693937,91.58232930872614,91.7770767211914,76703100
2006-09-18,SPY,91.6588715670454,92.07617094623409,91.56150312688328,91.9022979736328,64154100
2006-09-19,SPY,91.88836838784415,91.8953300973902,91.15811052613692,91.67276763916016,92089100
2006-09-20,SPY,91.97878290108156,92.34044157846772,91.84663777209268,92.15960693359376,75204100
2006-09-21,SPY,92.22913749174737,92.32650588702086,91.40150082574311,91.71446990966795,88932500
2006-09-22,SPY,91.57538313205076,91.58233422801372,91.10940500588556,91.43628692626952,65966800
2006-09-25,SPY,91.6171217470292,92.39607969360058,91.14419246907649,92.13874053955078,92299100
2006-09-26,SPY,92.15272148004084,92.91776718633233,92.08316801133458,92.9038543701172,73962700
2006-09-27,SPY,92.8412179666053,93.17505110863613,92.68820889893196,93.0150909423828,82432200
2006-09-28,SPY,93.01505471922188,93.18892762728748,92.69512389894273,92.98027801513672,58597500
2006-09-29,SPY,93.05686351137548,93.15423200014264,92.83430090141093,92.9038543701172,47966600
2006-10-02,SPY,92.87598876909684,93.07768737412368,92.46565107247642,92.55606842041016,51687400
2006-10-03,SPY,92.42391904134254,93.10549813833204,92.25699716331144,92.75080108642578,73108100
2006-10-04,SPY,92.66037906317985,93.89140264712624,92.55605952740632,93.83576202392578,80890500
2006-10-05,SPY,93.83575462245057,94.17654943303616,93.71752228711178,94.0165786743164,60505900
2006-10-06,SPY,93.85664101443388,93.96097117933768,93.47411830118422,93.89836883544922,64983600
2006-10-09,SPY,93.78710634058186,94.10007563778257,93.64104834195946,93.95401763916016,41176800
2006-10-10,SPY,93.96096076467404,94.204376564405,93.78012607716408,94.07919311523438,56403700
2006-10-11,SPY,93.78010214022918,94.19043971314854,93.40454127621318,93.96788787841795,104071800
2006-10-12,SPY,94.204364359539,94.85812836459046,94.16958764626465,94.78162384033205,59158600
2006-10-13,SPY,94.69814250031112,95.08066501771806,94.61467628864776,95.0250244140625,53944000
2006-10-16,SPY,94.94856016393402,95.31717003360886,94.87900672678744,95.17111206054688,42273000
2006-10-17,SPY,94.91378287080046,95.0737430404318,94.35738721408966,94.87205505371094,90500600
2006-10-18,SPY,95.31018443498748,95.53969798521098,94.65643110653606,94.9972152709961,86848600
2006-10-19,SPY,94.85811752245613,95.19891229381189,94.7468362976426,95.15022277832033,64063200
2006-10-20,SPY,95.17111206054688,95.2476165964623,94.81641500077426,95.17111206054688,48094500
2006-10-23,SPY,94.97635288222278,95.83876648357123,94.85812055671212,95.6092529296875,66219900
2006-10-24,SPY,95.47710987040956,95.9291752784921,95.4353820619542,95.8944091796875,53234900
2006-10-25,SPY,95.79707056736616,96.26304892739785,95.63709976868894,96.22132110595705,78105400
2006-10-26,SPY,96.43693771503584,96.67340248349494,95.96399756575032,96.52039337158205,66843700
2006-10-27,SPY,96.40211003749812,96.49947845613056,95.72053110707104,95.91526794433594,80238000
2006-10-30,SPY,95.74139124295088,96.11695209650937,95.56055660663344,95.84571075439452,49717800
2006-10-31,SPY,96.02656510890644,96.15869964641396,95.45625669627654,95.83181762695312,71274100
2006-11-01,SPY,96.13088984124344,96.1934815643477,95.087652006716,95.18502044677734,83005600
2006-11-02,SPY,94.9415630345328,95.28930886580882,94.8372435300942,95.1293487548828,60693100
2006-11-03,SPY,95.47017245812886,95.55362808700234,94.32260449929947,94.96245574951172,71346400
2006-11-06,SPY,95.25456845406156,96.17261217771568,95.24760674364836,96.03351593017578,63303300
2006-11-07,SPY,96.11695308806677,96.65943577789275,95.97785686725317,96.40210723876952,63318900
2006-11-08,SPY,95.97784833833975,96.7081166981688,95.18498827656096,96.61074829101562,87517800
2006-11-09,SPY,96.68030968981766,96.77072701827014,95.90831338016096,96.1030502319336,95916300
2006-11-10,SPY,96.07523722418182,96.2143334622836,95.7831319404593,96.14479064941406,48991500
2006-11-13,SPY,96.10303019055736,96.70115342837254,96.02653629764966,96.38123321533205,59398200
2006-11-14,SPY,96.65250302491302,97.18803471966368,96.06133070880456,97.10456848144533,96704000
2006-11-15,SPY,97.06978232019684,97.68180780393531,97.0419567090862,97.38275146484376,76509600
2006-11-16,SPY,97.67491416918514,97.84182548459758,97.01419878348683,97.63318634033205,76728800
2006-11-17,SPY,97.32017013655832,97.6679160639166,97.1810738880877,97.66096496582033,56353800
2006-11-20,SPY,97.57753274648276,97.88355093394502,97.32715519422872,97.71662902832033,69174200
2006-11-21,SPY,97.70966056279292,97.83484401048828,97.57055369331252,97.81398010253906,51367900
2006-11-22,SPY,97.89048042447412,98.17563463733154,97.71660745746796,98.00871276855467,45505300
2006-11-24,SPY,97.53581539121262,97.95310428151092,97.50798976443907,97.61231994628906,30998000
2006-11-27,SPY,97.56360439217676,97.61229391986474,96.24217400668186,96.26998901367188,84545100
2006-11-28,SPY,96.14480354693,96.78465481792227,96.05438620447144,96.68728637695312,106652900
2006-11-29,SPY,97.00025548023308,97.73747519122531,96.72901406557811,97.69574737548828,90034900
2006-11-30,SPY,97.67489606129293,98.09914659659374,97.20195599311172,97.73748779296876,83994300
2006-12-01,SPY,97.73744367657513,97.82786098976048,96.65247836779356,97.52184295654295,126080000
2006-12-04,SPY,97.54274529268656,98.4468869437192,97.52883248232348,98.26605224609376,87813200
2006-12-05,SPY,98.4538276689659,98.73203078508983,98.24517798496387,98.69029235839844,73374400
2006-12-06,SPY,98.66943376587848,98.80854063761508,98.4121051554216,98.60684204101562,53253200
2006-12-07,SPY,98.78070315450807,98.96848891890744,98.140851948352,98.17562866210938,62857400
2006-12-08,SPY,98.15475736767031,98.6902783922426,97.9113310020558,98.3564453125,79625500
2006-12-11,SPY,98.35640934576476,98.8223873900225,98.30076875076048,98.64156341552734,39779400
2006-12-12,SPY,98.54423009013529,98.66941351416736,97.98783455448108,98.56509399414062,77451600
2006-12-13,SPY,98.91978051011134,98.9962850208251,98.45380234934976,98.66940307617188,55520200
2006-12-14,SPY,98.66248707625216,99.62226934983067,98.6485742659839,99.53880310058594,64755200
2006-12-15,SPY,99.75765605720407,99.9324977153716,99.47791367273122,99.54784393310548,70857400
2006-12-18,SPY,99.68777812666056,99.9255710423811,99.13528283313636,99.27515411376952,48954600
2006-12-19,SPY,98.9953690233054,99.70172562351809,98.74359655773128,99.46394348144533,65023600
2006-12-20,SPY,99.50592333090316,99.77168617219448,99.31709127674922,99.40801239013672,41469600
2006-12-21,SPY,99.4989369522174,99.61082755162,98.83454049745292,99.04434204101562,48698400
2006-12-22,SPY,99.05833398335204,99.06532381108728,98.37994719078834,98.43589782714844,62069100
2006-12-26,SPY,98.47784956075547,99.03734520414096,98.45686940788408,99.01636505126952,32696900
2006-12-27,SPY,99.2192221263284,99.72976787031972,99.19125213353962,99.66681671142578,39727100
2006-12-28,SPY,99.59681853830308,99.7996301944619,99.30308579240612,99.45694732666016,37288800
2006-12-29,SPY,99.35206520023095,99.68775834142382,98.91146061576424,99.04434204101562,45461200
2007-01-03,SPY,99.48495319500942,99.91156748091278,98.31002178750111,98.8695068359375,94807600
2007-01-04,SPY,98.77158441236038,99.34507039333484,98.3379803487401,99.07930755615234,69620600
2007-01-05,SPY,98.84152253545214,98.8904726679282,98.17712613304823,98.2890167236328,76645300
2007-01-08,SPY,98.48485946837496,98.89748340958973,98.08621518274884,98.74362182617188,71655000
2007-01-09,SPY,98.827532078333,99.03035444951288,98.19110565654904,98.6596908569336,75680100
2007-01-10,SPY,98.31700180181863,99.00937888666314,98.12117992011372,98.98838806152344,72428000
2007-01-11,SPY,99.01635540576493,99.74369220126954,98.96040477972754,99.42198944091795,54476800
2007-01-12,SPY,99.41497404217208,100.1772918701172,99.38700406909103,100.1772918701172,55370600
2007-01-16,SPY,100.05842950565938,100.31719184895503,99.82063664457156,99.98149871826172,44871300
2007-01-17,SPY,99.90455405111427,100.33116823623315,99.82062277648237,100.02344512939452,50241400
2007-01-18,SPY,100.1283409992111,100.19128144849684,99.52688513922573,99.68773651123048,68177300
2007-01-19,SPY,99.68777336769998,100.07942787486836,99.63183339531294,99.88360595703124,56973000
2007-01-22,SPY,100.05840858824,100.07938873755414,99.2611202283433,99.57584381103516,60253600
2007-01-23,SPY,99.4919646777135,100.0654508501224,99.35209338516114,99.86962890625,54064400
2007-01-24,SPY,99.98848209908246,100.69483879492554,99.94652179438764,100.67385864257812,55834700
2007-01-25,SPY,100.610950233422,100.65291055148256,99.31711684524844,99.49195861816406,73583800
2007-01-26,SPY,99.70876232335308,99.76470229468907,99.01638512376276,99.40103912353516,67255600
2007-01-29,SPY,99.44298082400589,99.86959505817345,99.12826785455256,99.3450698852539,66114600
2007-01-30,SPY,99.55486692185592,99.91154014336608,99.35204457652422,99.86257934570312,70407600
2007-01-31,SPY,99.75067875242752,100.79972883310008,99.58981672325211,100.53396606445312,91868600
2007-02-01,SPY,100.8137920228218,101.17047617556791,100.64595070058652,101.13550567626952,69312400
2007-02-02,SPY,101.21937132627971,101.3732329023728,100.97459930721692,101.27532196044922,49607000
2007-02-05,SPY,101.1984256205784,101.36627758022414,100.94665301685778,101.30333709716795,45705300
2007-02-06,SPY,101.38721894235093,101.42917924833098,100.93962455941046,101.33126831054688,57081300
2007-02-07,SPY,101.4921407144184,101.65999264457297,101.1074973823254,101.55509185791016,55669700
2007-02-08,SPY,101.2543739962782,101.4921562634726,100.89770059548664,101.42222595214844,70641000
2007-02-09,SPY,101.45015760559568,101.6389896506554,100.28221620002572,100.6668701171875,79084400
2007-02-12,SPY,100.66687422894915,100.73680451670384,100.14234904907468,100.32418060302734,65657000
2007-02-13,SPY,100.54799683967356,101.33827429511452,100.54099633989952,101.1704330444336,64081800
2007-02-14,SPY,101.2683077296658,102.03760475325608,101.25431740662168,101.83479309082033,66039400
2007-02-15,SPY,101.8768065211618,102.07262845994912,101.7089545715604,101.9677276611328,38715200
2007-02-16,SPY,101.71590476276675,101.93969658005032,101.56903304557288,101.91871643066406,39841800
2007-02-20,SPY,101.79985067808448,102.247445095459,101.40820689681834,102.1355438232422,56911800
2007-02-21,SPY,101.83485024255334,102.15656382418148,101.65301862689134,102.09361267089844,63971600
2007-02-22,SPY,102.1425236537208,102.40128595580506,101.52707745255768,102.01663208007812,79067400
2007-02-23,SPY,101.92571930932806,101.9606791114619,101.42916419544233,101.61799621582033,71966200
2007-02-26,SPY,101.98864604057673,102.0725666287943,101.23332873215196,101.52706146240234,69192800
2007-02-27,SPY,100.624882650585,100.84867444194062,97.21196979262923,97.56165313720705,274466500
2007-02-28,SPY,98.1841065647259,99.2960972375351,97.7714827057324,98.56175994873048,177536300
2007-03-01,SPY,97.44980062206535,98.78559422728851,96.5476218375001,98.26805877685548,212828600
2007-03-02,SPY,97.94630003203544,98.37291410914573,96.97418082963502,96.98117065429688,162574000
2007-03-05,SPY,96.46368315291242,97.61764508146727,96.04406936465972,96.0580596923828,143750400
2007-03-06,SPY,97.05814465942645,97.99529381312344,96.31681739839767,97.7015609741211,143333300
2007-03-07,SPY,97.62464837162167,98.23310498930638,97.49176691866184,97.60366821289062,115144900
2007-03-08,SPY,98.28901975470836,98.722634490753,97.96032712839694,98.42890167236328,117891600
2007-03-09,SPY,98.82754229299992,98.90447308458998,97.96732392994195,98.45687866210938,107765100
2007-03-12,SPY,98.20503945732416,98.848455335832,98.0232080149694,98.60368347167967,80366900
2007-03-13,SPY,98.03724241508658,98.44987697746085,96.54059774471382,96.68746948242188,190605200
2007-03-14,SPY,96.81338584887872,97.46380282334864,95.63845420292655,97.40785217285156,231853800
2007-03-15,SPY,97.19099656217794,97.9043536238989,97.07210549713938,97.54067993164062,132435900
2007-03-16,SPY,97.81522415342975,98.0399143314339,96.97967496393012,97.2675552368164,121531600
2007-03-19,SPY,97.78010295781704,98.53139859514808,97.70286705784672,98.44011688232422,96161200
2007-03-20,SPY,98.35589946514644,99.03697700153604,98.27164598479142,98.98080444335938,82147400
2007-03-21,SPY,99.07208453915884,100.86253524979512,98.87548594572569,100.6097640991211,152368700
2007-03-22,SPY,100.74318380233196,100.88360985416242,100.25870481676904,100.53253936767578,118942200
2007-03-23,SPY,100.60271099972624,100.97484468536328,100.51142928723624,100.67994689941406,74416800
2007-03-26,SPY,100.75724480820224,100.8625616844936,99.76722331577288,100.54660034179688,113787500
2007-03-27,SPY,100.4904294134124,100.51852105676464,99.97786941737348,100.30787658691406,99864600
2007-03-28,SPY,99.8022780231376,100.0339857382951,99.1843907827176,99.57759857177734,152907900
2007-03-29,SPY,100.08312169644812,100.1322766836759,99.1352382646688,99.6829071044922,139432700
2007-03-30,SPY,99.87253532876528,100.29381348204662,98.6929329291714,99.70401763916016,128194100
2007-04-02,SPY,99.81632995605467,100.02697432036727,99.33886868269164,99.81632995605467,79416400
2007-04-03,SPY,100.38504475227296,101.09420291764052,100.34291802951267,100.89058685302734,82417800
2007-04-04,SPY,100.89059986189882,101.07315258867028,100.51846614444592,101.00294494628906,63995200
2007-04-05,SPY,100.87657662794356,101.41722809300036,100.83444989032186,101.27680206298828,46822800
2007-04-09,SPY,101.56464935982788,101.66997689455982,101.21357900502194,101.41720581054688,50967400
2007-04-10,SPY,101.34004529409148,101.7051617345804,101.297918534386,101.5366439819336,56620000
2007-04-11,SPY,101.68399851233656,101.71207941995957,100.78524876118438,101.12228393554688,106365700
2007-04-12,SPY,100.92572515276294,101.7542461763261,100.64486239694764,101.57169342041016,115534400
2007-04-13,SPY,101.74021711180389,102.03512573242188,101.36106572129852,102.03512573242188,84287000
2007-04-16,SPY,102.39321490527732,103.116419218769,102.38619735282946,103.00407409667967,83064600
2007-04-17,SPY,103.1936395944508,103.49555501150375,102.96894938414438,103.27789306640624,108424100
2007-04-18,SPY,102.93386374158912,103.70621232967942,102.91280037097522,103.404296875,88345300
2007-04-19,SPY,102.89871678692089,103.49552992497388,102.76530834611602,103.37616729736328,102947700
2007-04-20,SPY,104.07130557088249,104.35215759277342,103.2427738928138,104.35215759277344,124114100
2007-04-23,SPY,104.17662341296968,104.42939452065498,103.89577138834956,103.9589614868164,77270800
2007-04-24,SPY,104.07832691932892,104.19768956867892,103.43938693913994,104.00109100341795,114471000
2007-04-25,SPY,104.4293729209492,105.0823692781642,103.93085907328616,104.95597839355467,108418800
2007-04-26,SPY,104.96303639842128,105.1806983412298,104.68920190362688,105.07537078857422,88741600
2007-04-27,SPY,104.68216809272516,105.13856603574966,104.50663289475072,104.9911117553711,108191100
2007-04-30,SPY,105.0683472314832,105.13856559590651,104.06429104590256,104.12045288085938,100874100
2007-05-01,SPY,104.2117328720966,104.94898283096074,103.68512728916764,104.38726806640624,134342700
2007-05-02,SPY,104.54876111369244,105.28601109842508,104.44344427893851,104.99813079833984,87129800
2007-05-03,SPY,105.30002427505758,105.60193958364806,105.1315066778674,105.56684112548828,86569700
2007-05-04,SPY,105.84776224729652,106.10755100482038,105.47562835155938,105.96712493896484,96409000
2007-05-07,SPY,105.93902251722346,106.16370203424242,105.889867511545,105.98816680908205,63461400
2007-05-08,SPY,105.72831654023598,105.9670417361312,105.4123554616907,105.8476791381836,80584000
2007-05-09,SPY,105.77050385240756,107.30117657264122,105.58092281114226,106.1356201171875,102070100
2007-05-10,SPY,105.83369524018757,106.0373221016637,104.80857552221634,105.02623748779295,153617800
2007-05-11,SPY,105.14557301678477,105.97409392530317,105.12450965225072,105.9249496459961,113408900
2007-05-14,SPY,105.92492207989557,106.23386563108448,105.17362656097582,105.6932144165039,108027500
2007-05-15,SPY,105.81263028349386,106.4866902539064,105.45454228554269,105.72135925292967,180673300
2007-05-16,SPY,105.88281959954205,106.46559766563192,105.58792179148756,106.4445343017578,114166500
2007-05-17,SPY,106.2900897923598,106.6973327882248,106.10050875498032,106.23391723632812,101132800
2007-05-18,SPY,106.7324449228012,107.16075134277344,106.5920188716574,107.16075134277344,99182000
2007-05-21,SPY,107.13266011726564,107.5890474180566,107.0764875594449,107.10456848144533,174664600
2007-05-22,SPY,107.2169003900932,107.53988987932146,106.99222090030626,107.02030181884766,82148800
2007-05-23,SPY,107.39244314771166,107.778622766185,106.9781826087218,107.03435516357422,133786600
2007-05-24,SPY,107.09753170898534,107.57499300786324,105.84070443399229,106.0653839111328,187593000
2007-05-25,SPY,106.37430488466332,106.73942101020845,106.14961474161532,106.5077133178711,83309200
2007-05-29,SPY,106.68327651242342,107.07647365227984,106.33922365813976,106.8939208984375,82020000
2007-05-30,SPY,106.346232786653,107.80667598222972,106.26196861911912,107.7645492553711,129013600
2007-05-31,SPY,107.89796450647128,108.052436323909,107.51178496287702,107.6522216796875,114866700
2007-06-01,SPY,108.04541841885457,108.41052388267472,107.785619064662,108.18584442138672,107771700
2007-06-04,SPY,107.80672033898784,108.40354445189094,107.7645935947963,108.1999282836914,78008800
2007-06-05,SPY,107.94714166354878,108.0594760607172,107.32925426693488,107.7716064453125,126917900
2007-06-06,SPY,107.32923127562654,107.3924213693388,106.5498546450573,106.61304473876952,164096800
2007-06-07,SPY,106.41646178576414,107.07647587586573,104.66110972222536,104.68920135498048,232414600
2007-06-08,SPY,105.0262639954658,106.15671156242485,104.68221100940954,106.05138397216795,175886000
2007-06-11,SPY,105.97411782545414,106.69030452258362,105.8126284230003,106.23391723632812,102015600
2007-06-12,SPY,105.79155743412062,106.40241652701144,105.00516313395596,105.07537078857422,233898000
2007-06-13,SPY,105.67216490562888,106.77453083830588,105.12449607086444,106.64813995361328,193208200
2007-06-14,SPY,106.76753930988062,107.51180692018308,106.74647594082067,107.32925415039062,146396500
2007-06-15,SPY,107.98925171452322,108.35594149181996,107.84116194061744,107.9398956298828,154030800
2007-06-18,SPY,108.15853165818582,108.16557945548408,107.65081049281716,107.81299591064452,88537500
2007-06-19,SPY,107.57323437449482,108.15852431036596,107.43925091495868,108.0809555053711,110851700
2007-06-20,SPY,108.29956607447151,108.29956607447151,106.45203168896754,106.5789566040039,177119700
2007-06-21,SPY,106.53662631362612,107.26294742643726,105.95133644175029,107.17127227783205,205262000
2007-06-22,SPY,106.84690806117204,107.0231998131658,105.66928044905312,106.16289520263672,204964700
2007-06-25,SPY,105.94431061201952,106.6565255204084,105.08400587594777,105.65518951416016,232014400
2007-06-26,SPY,105.92315175817268,106.09944352806778,104.56217369938469,104.56922149658205,198445700
2007-06-27,SPY,104.45641483000996,106.1770244216143,104.40704796402277,106.05713653564452,213638000
2007-06-28,SPY,106.04304504394533,106.76936638589036,105.54237160668352,106.04304504394533,157705000
2007-06-29,SPY,106.40966105348916,106.93853612981864,105.17561920872046,106.07823181152344,199701800
2007-07-02,SPY,106.38854772521633,107.12897526812696,106.31803747731703,107.03730010986328,103357000
2007-07-03,SPY,107.31228821202362,107.53794677332796,107.17831554624064,107.42511749267578,54048400
2007-07-05,SPY,107.46743158562292,107.5802608723673,106.92446081815248,107.31229400634766,89279000
2007-07-06,SPY,107.45340141842291,108.0104788759146,107.13606751124458,107.87649536132812,81109000
2007-07-09,SPY,108.00339076099392,108.1444220226519,107.62259451852228,107.9610824584961,72348100
2007-07-10,SPY,107.38993450039366,107.61559322455508,106.31808784062758,106.42385864257812,180362600
2007-07-11,SPY,106.30391100197906,107.22063013110916,106.1417256265154,107.1783218383789,175607600
2007-07-12,SPY,107.4462947833566,109.1245957246136,107.42514063367643,108.87073516845705,133882500
2007-07-13,SPY,108.99769108355292,109.62528941402311,108.87075540188648,109.19513702392578,111794300
2007-07-16,SPY,109.29379850072507,109.67458381148468,109.00467755070926,109.18096923828124,98378700
2007-07-17,SPY,109.25153581661162,109.6393798813442,109.07524403809649,109.1246109008789,126201300
2007-07-18,SPY,108.75791819378638,109.15986860326936,108.1021179593617,108.92716217041016,237887400
2007-07-19,SPY,109.44193754336416,109.67464398984384,109.12461448361788,109.35027313232422,145212700
2007-07-20,SPY,109.22329214042894,109.29381312889272,107.7706501620089,108.24311065673828,245502500
2007-07-23,SPY,108.72263347493217,109.103429647535,108.10209388549504,108.57455444335938,121183900
2007-07-24,SPY,107.97518628667824,108.79318273066734,106.310991448216,106.69178771972656,256732400
2007-07-25,SPY,107.19950622704806,107.4604146124855,105.95135743942204,106.91038513183594,265214500
2007-07-26,SPY,105.90906439004856,106.33921681610568,103.22942685526652,104.37885284423828,467592500
2007-07-27,SPY,104.51287432837978,104.97827667592551,102.2845425649729,102.32685089111328,422987600
2007-07-30,SPY,102.90501239192056,104.23072975964848,102.4537059543953,103.9275131225586,283017500
2007-07-31,SPY,104.5974291685,105.39427137325276,102.2774235628021,102.75694274902344,316976700
2007-08-01,SPY,102.37614012497478,103.66659702907042,101.50878772582656,103.25759887695312,467670000
2007-08-02,SPY,103.49033872755274,104.19550595705093,102.43258788330547,104.08268737792967,294758400
2007-08-03,SPY,103.85700105885788,104.06855332340372,100.97991823702156,101.40302276611328,359398200
2007-08-06,SPY,101.69212136712318,103.53965516529394,100.50743540341588,103.10245513916016,324980000
2007-08-07,SPY,102.91205040990776,105.06985921994,102.4113772188256,104.20250701904295,232568700
2007-08-08,SPY,104.65385350791188,106.19111264482936,103.89931953447348,105.65518951416016,274930600
2007-08-09,SPY,103.9627669202769,105.0346237862214,102.45370995216852,102.52423095703124,357622100
2007-08-10,SPY,101.81908773863516,103.30699090493546,100.92352241560202,102.04474639892578,411018400
2007-08-13,SPY,103.30694954702209,103.58196420415368,102.26330556098328,102.41138458251952,181917200
2007-08-14,SPY,102.74284079172558,102.99670136941258,100.64144591864722,100.84593963623048,264134500
2007-08-15,SPY,100.64146599889004,101.86846082918962,99.16061054025252,99.45677947998048,323834000
2007-08-16,SPY,98.57530152537754,100.7965842866779,96.60789010365023,100.2042465209961,546743700
2007-08-17,SPY,102.60182373152294,102.82042383368128,99.70358621839756,102.04474639892578,388218100
2007-08-20,SPY,102.3691143172314,102.58066661514611,101.04339662629631,101.99537658691406,187320400
2007-08-21,SPY,101.96715633978772,102.9332317229312,101.6427747731876,102.1998519897461,157066400
2007-08-22,SPY,102.96145892564849,103.51854703885348,102.48195039478613,103.41276550292967,173156700
2007-08-23,SPY,103.89927611596026,104.11787610738244,102.6793405367384,103.321044921875,203915300
2007-08-24,SPY,103.29286405221713,104.59742736816406,103.15183279751896,104.59742736816406,128901900
2007-08-27,SPY,104.25896258660336,104.59743979007528,103.46916809850714,103.62430572509766,113024300
2007-08-28,SPY,103.06719709925676,103.13065953811268,101.1632486136287,101.34658813476562,219790700
2007-08-29,SPY,101.80495583996978,103.47620893844578,101.51584554900492,103.33516693115234,207654200
2007-08-30,SPY,102.56656578234563,103.79356056832532,102.46784280600228,103.0601806640625,191817300
2007-08-31,SPY,104.11790797073093,104.71730425192852,103.53967659968872,104.07559967041016,185477500
2007-09-04,SPY,103.97687135102416,105.76094298912354,103.94161084924464,105.12629699707033,120062000
2007-09-05,SPY,104.50571183577642,104.6185410999424,103.65951387451328,104.21659088134766,166261800
2007-09-06,SPY,104.3294547266008,104.79486752555826,103.74416482972902,104.45639038085938,127878400
2007-09-07,SPY,103.292833364772,103.58195434500458,102.4325289787089,103.00372314453124,235447600
2007-09-10,SPY,103.32111532299768,103.46214663033474,101.776797221659,102.80633544921876,192305900
2007-09-11,SPY,103.12363758611684,104.15317549665352,103.04606877696718,104.00509643554688,162081900
2007-09-12,SPY,103.86408821739548,104.67503707881671,103.64548807318604,104.27308654785156,149554600
2007-09-13,SPY,104.7525633915811,105.38720940811918,104.50575062959696,105.00642395019533,154079000
2007-09-14,SPY,104.33650362611094,105.13333493967252,104.18136604081715,104.99935150146484,121911000
2007-09-17,SPY,104.58331311006692,104.8230673009322,104.10380472833636,104.43523406982422,109870800
2007-09-18,SPY,104.95002086560484,107.53798283341268,104.45640604722117,107.50978088378906,263759500
2007-09-19,SPY,108.17966968091343,108.87073031296572,107.68605494373324,108.1444091796875,193779900
2007-09-20,SPY,108.130318407294,108.1937808626482,107.26296590413274,107.38284301757812,175186800
2007-09-21,SPY,108.19693337811708,108.48741524577206,107.50967548512416,107.6726303100586,141457500
2007-09-24,SPY,107.99140050443803,108.27481179830706,107.24037949499711,107.47418975830078,139450200
2007-09-25,SPY,106.85079535776842,107.4530354591537,106.60990364163251,107.26173400878906,142289900
2007-09-26,SPY,107.87099258777188,108.23942199348777,107.26167160606605,107.82848358154295,135547000
2007-09-27,SPY,108.33865182997656,108.4732709382976,107.82852195162484,108.46617889404295,102713300
2007-09-28,SPY,108.2961521927624,108.53704387534596,107.67973889656513,108.10485076904295,133372100
2007-10-01,SPY,108.1189794539746,109.64227654848769,108.0481239007714,109.32344818115234,148162300
2007-10-02,SPY,109.54305853833544,109.57139426608067,108.97624668409831,109.17462921142578,112978800
2007-10-03,SPY,108.97625633150446,109.40136796257562,108.40944442708886,108.95500183105467,119055900
2007-10-04,SPY,109.18885507915496,109.29512762318926,108.82042557476584,109.12509155273438,76864400
2007-10-05,SPY,109.84062289745168,110.59873598474093,109.55722240018682,110.4216079711914,134579700
2007-10-08,SPY,110.0957414043476,110.1665969687646,109.65646717587764,109.8335952758789,71280400
2007-10-09,SPY,110.2445127740386,110.8821694882133,109.84065559363256,110.86799621582033,94054300
2007-10-10,SPY,110.55624665820946,110.83965804464076,110.1098912925185,110.68378448486328,101711100
2007-10-11,SPY,111.18684205949566,111.60487257803923,109.49349791203149,110.15242004394533,233529100
2007-10-12,SPY,110.14530139257307,110.77587676101793,110.01068235699994,110.76170349121094,124546700
2007-10-15,SPY,110.71917092397852,110.78293440798066,109.06833670159033,109.8264389038086,161151900
2007-10-16,SPY,109.40136796257562,109.47930473457076,108.73536478571512,108.95500183105467,166525700
2007-10-17,SPY,109.8052205356846,109.88315731211831,108.02685876020097,109.28800964355467,216687300
2007-10-18,SPY,108.7212037765378,109.24550673918422,108.45905770073414,108.89125061035156,148367500
2007-10-19,SPY,108.46616385399756,110.86802052692474,106.03597144111018,106.04305267333984,297169900
2007-10-22,SPY,105.46913604338964,106.8153050204707,105.32743575280836,106.65943145751952,261989800
2007-10-23,SPY,107.31125109310288,107.65841511491308,106.45394666592532,107.52379608154295,180085100
2007-10-24,SPY,107.13417938054904,107.50969013890848,105.45499741189728,107.32546997070312,326694200
2007-10-25,SPY,107.44588630390976,107.8993337448749,106.19182731296794,107.58050537109376,237374500
2007-10-26,SPY,108.44490197656386,108.84166717529295,107.6230250300302,108.84166717529295,176484000
2007-10-29,SPY,109.0613070615681,109.42265529972713,108.79207970473246,109.20301818847656,106841000
2007-10-30,SPY,108.72123519939475,108.93379110033555,108.3102966738538,108.44491577148438,132981600
2007-10-31,SPY,109.09673962535466,110.01072670318814,108.28903589736127,109.57144165039062,220954400
2007-11-01,SPY,108.60791058267324,108.69293946096882,106.69492839223886,107.00667572021484,333040800
2007-11-02,SPY,107.3608702979526,107.69387195110568,105.71712734780807,107.12705993652344,331228200
2007-11-05,SPY,106.02181652778584,107.09875862049914,105.54711442118597,106.31230926513672,226841000
2007-11-06,SPY,106.88617217834722,107.77181260445344,106.2059955742399,107.74347686767578,177800500
2007-11-07,SPY,106.58860169902404,107.07747695962534,104.54100140086771,104.79606628417967,306639700
2007-11-08,SPY,104.85276084174367,105.14324272839526,102.78390579544195,104.2646942138672,374509900
2007-11-09,SPY,103.22314181016014,104.533882863854,102.6563299007886,102.83345794677734,277745100
2007-11-12,SPY,102.8830622550971,103.87497501970827,101.81320190429688,101.81320190429688,243087800
2007-11-13,SPY,102.9964307939752,105.07945871006142,102.89015827215034,104.91650390625,191117400
2007-11-14,SPY,105.72422640460606,105.85175345359276,103.99545433361888,104.62602996826172,230558800
2007-11-15,SPY,103.84669072204125,104.49852097749026,102.39423781723774,103.11691284179688,263111100
2007-11-16,SPY,103.6624664074749,103.77583100678632,102.42966152585362,103.29403686523438,308770600
2007-11-19,SPY,102.93271617298367,102.98939848189384,101.45192733998346,101.85577392578124,267746000
2007-11-20,SPY,102.03996615766276,103.10981606604288,100.68670478243088,102.47924041748048,414767500
2007-11-21,SPY,101.37397358422662,101.96204027851942,100.37496832725776,100.38204956054688,259012400
2007-11-23,SPY,101.3668377430176,102.2666403829417,101.10468089794348,102.11785888671876,77688400
2007-11-26,SPY,102.33044255630192,102.64928179078572,99.65935854491202,99.86482238769533,214232000
2007-11-27,SPY,100.42450691376332,101.48018300233696,99.8647763119096,101.0125732421875,293897900
2007-11-28,SPY,102.16035807946702,104.48427682639505,102.12493031342116,104.2433853149414,258596900
2007-11-29,SPY,103.88203593609676,104.6614035352022,103.51361744473436,104.27880096435548,199409900
2007-11-30,SPY,105.59665802103903,106.1847244693678,104.3851081617062,105.32743072509766,222908000
2007-12-03,SPY,104.99442002456736,105.17862929648234,104.35675258602272,104.63307189941406,146430400
2007-12-04,SPY,103.910393635,104.53387697022248,103.66241006018193,103.69783782958984,136533900
2007-12-05,SPY,104.81020635529178,105.71001989182368,104.73936162069896,105.43370056152344,171130000
2007-12-06,SPY,105.30617901101829,107.1341419104612,105.26367000585154,106.94284057617188,154457400
2007-12-07,SPY,107.28294540014984,107.3396276889937,106.66654307691452,106.9216079711914,148980100
2007-12-10,SPY,107.18379045251638,107.87104857267416,106.8862164434344,107.75060272216795,123914300
2007-12-11,SPY,107.79307055481468,108.3244548274612,104.7393839977725,104.79606628417967,250346400
2007-12-12,SPY,107.02791633573256,107.53096506072748,104.29305714695003,105.83052825927734,322435600
2007-12-13,SPY,105.0865628531101,105.8446654885173,104.36387718836292,105.61085510253906,237551300
2007-12-14,SPY,104.81027819732184,105.63924756747662,104.22222217186216,104.27181243896484,159152900
2007-12-17,SPY,103.87498630068104,104.059195602389,102.6350898047434,102.78388214111328,177269400
2007-12-18,SPY,103.5136845950589,103.78291200400704,101.99746821860828,103.3578109741211,245569300
2007-12-19,SPY,103.40031999600538,104.07340473494054,102.69180746848558,103.3578109741211,198917200
2007-12-20,SPY,104.037941142205,104.05211441496984,102.86180815663224,104.00960540771484,214813800
2007-12-21,SPY,104.9675923487001,105.71548062958225,104.76815692292026,105.50892639160156,146084400
2007-12-24,SPY,106.00041880130438,106.47051048060086,105.7582378453068,106.29244232177734,45601400
2007-12-26,SPY,105.87932619993194,106.61296616775223,105.77248964866422,106.52037811279295,67093100
2007-12-27,SPY,106.14287739317068,106.1499962073116,104.9320160156866,105.18130493164062,122981700
2007-12-28,SPY,105.80094310566362,105.85080739313791,104.63281674266268,104.91773223876952,116398100
2007-12-31,SPY,104.77528712962749,105.13854218517564,104.03451765722669,104.14136505126952,108126800
2008-01-02,SPY,104.36931593934744,104.6969661574174,102.4817976664776,103.22967529296876,204935600
2008-01-03,SPY,103.21546353423967,103.62858310038509,102.61715693572071,103.17984771728516,125133300
2008-01-04,SPY,102.09715770831806,102.16838931975444,100.36634040827803,100.6512451171875,232330900
2008-01-07,SPY,101.00739388278885,101.30654712452824,99.78941360345124,100.56578826904295,234991000
2008-01-08,SPY,101.1996827139722,101.78374053900048,98.60701113060964,98.94178009033205,326365700
2008-01-09,SPY,99.070019302514,100.2808808663279,98.07996056364956,99.98172760009766,301824900
2008-01-10,SPY,99.49024914348024,101.71254743896098,99.26944633738366,100.6370086669922,335701200
2008-01-11,SPY,100.2737168205975,101.0714585040406,99.00587270151892,99.82498168945312,267076600
2008-01-14,SPY,100.5443830776015,101.04297162599572,100.00304905213186,100.62985229492188,170365500
2008-01-15,SPY,99.5685737789058,100.7794457940032,98.22237911041398,98.4146957397461,239940100
2008-01-16,SPY,97.83773699638034,99.0913325038771,97.06848150254793,97.56707000732422,378802600
2008-01-17,SPY,98.15829380916418,98.2081581123439,94.682399740785,95.03853607177734,397892600
2008-01-18,SPY,95.9716253259602,96.1710608079468,93.3789531917158,94.06272888183594,348561500
2008-01-22,SPY,90.60821283576776,94.32627190130206,89.74636348928534,93.10829162597656,435923700
2008-01-23,SPY,90.52275092417788,95.57989234040647,90.34468271752786,95.34484100341795,511913000
2008-01-24,SPY,95.78643791536882,96.48447304684284,94.95308008869374,96.1497039794922,259949300
2008-01-25,SPY,97.23232898590096,97.41039713640008,94.4473513720922,94.7607421875,269603900
2008-01-28,SPY,94.91746612744171,96.52720955546953,94.06274097073336,96.32777404785156,217934600
2008-01-29,SPY,96.94028039772532,97.18956922287516,96.07130717864572,96.80494689941406,168968300
2008-01-30,SPY,96.56994914089178,98.67827057778452,95.87192482839276,96.0927276611328,334939200
2008-01-31,SPY,95.017171004861,98.67825213916817,94.87471864278427,97.84489440917967,343680800
2008-02-01,SPY,98.25090239010756,99.44039654832608,97.95174914688069,99.41902923583984,206843600
2008-02-04,SPY,99.15549448048506,99.21959641967484,98.03722104421644,98.16543579101562,124694300
2008-02-05,SPY,96.82632853230076,97.04713127552232,95.2094668616548,95.53711700439452,286882500
2008-02-06,SPY,95.85765964381778,96.33488104051062,94.31202921525237,94.76788330078124,250792900
2008-02-07,SPY,93.87752024429224,96.00720812182249,93.82765595108724,95.3946533203125,297368100
2008-02-08,SPY,94.79634211658266,95.60121349994752,94.09119931447734,94.7821044921875,221643500
2008-02-11,SPY,94.80349896372444,95.60835970931156,94.04848078621863,95.26647186279295,188576300
2008-02-12,SPY,96.09272085436656,97.08989837301542,95.43030153464854,96.1497039794922,256654400
2008-02-13,SPY,96.8762031659394,97.62409165263315,96.25652941305356,97.13262176513672,181967800
2008-02-14,SPY,97.54575297721571,97.5813687891439,96.00724119664494,96.27790832519533,215207200
2008-02-15,SPY,95.8006842687349,96.31352151496304,95.38044595731505,96.25653839111328,154110300
2008-02-19,SPY,97.38189306509604,97.50297808090708,95.87899771715898,96.52716827392578,145190000
2008-02-20,SPY,95.4374372309252,97.26085387614714,95.27360666020974,96.81211853027344,220085700
2008-02-21,SPY,97.33919774376594,97.5884866880834,95.49441390845377,96.00724029541016,201051200
2008-02-22,SPY,96.13542350768,96.76222680717515,94.63252804614764,96.59839630126952,205491000
2008-02-25,SPY,96.5414471550436,98.04434314524286,96.00012375859828,97.81642150878906,190107000
2008-02-26,SPY,97.40328183345004,98.97027944063367,97.22521367653331,98.55004119873048,212420700
2008-02-27,SPY,97.98023764806948,99.105629896097,97.87340108304964,98.4503402709961,168395800
2008-02-28,SPY,97.75230254387684,98.26513972211232,97.2608326756997,97.48875427246094,170831100
2008-02-29,SPY,96.58417438650504,96.64114663352976,94.57556032371774,95.31632995605467,252715200
2008-03-03,SPY,94.83197558873373,95.30919693688747,94.19093458217914,95.08839416503906,189483500
2008-03-04,SPY,94.18380167819846,95.0171593055772,93.3005906210196,94.72513580322266,282513100
2008-03-05,SPY,95.0314061859478,95.99297851496438,94.26215049641792,95.3234405517578,270681400
2008-03-06,SPY,94.7180262281975,94.88897559898108,92.98720868124435,93.3504638671875,247911700
2008-03-07,SPY,92.43163538176584,93.83481353186708,91.58402909259183,92.38890075683594,326434600
2008-03-10,SPY,92.48145427691816,92.5455561903691,90.87884123015284,91.1708755493164,235683600
2008-03-11,SPY,93.10825856210047,94.5328035084381,91.84753324143536,94.44733428955078,341440600
2008-03-12,SPY,94.54706468375416,95.28070456005644,93.42167272097568,93.56412506103516,229161100
2008-03-13,SPY,92.31764445789246,94.47582938727852,91.59825310423594,93.77067565917967,351504200
2008-03-14,SPY,94.56841036393708,94.59689647806756,91.01416714626386,92.317626953125,484687800
2008-03-17,SPY,90.15235597925188,92.06836585884058,89.79621962704907,91.38459014892578,405311100
2008-03-18,SPY,93.03707444983324,95.22375727529668,92.581220269092,95.18102264404295,334416600
2008-03-19,SPY,95.54424760979198,95.90750272879065,92.62392555717248,92.82337188720705,345971600
2008-03-20,SPY,93.08966115779252,95.13684671320348,92.52417383727884,94.54273223876952,245320700
2008-03-24,SPY,95.42316250472128,97.21265999651256,95.3730622545086,96.43244171142578,208977300
2008-03-25,SPY,96.53265149436776,97.02655454126882,95.7524332225338,96.52549743652344,192947200
2008-03-26,SPY,96.24631198170496,96.6972578010669,95.2799792275153,95.34439849853516,196934300
2008-03-27,SPY,96.06019517543328,96.23199081657184,94.7431280267058,95.04376220703124,225153200
2008-03-28,SPY,95.19410248688877,95.458944592689,93.81260488906032,94.13471221923828,180896100
2008-03-31,SPY,93.97722510718285,95.00797718663488,93.83406752330862,94.46397399902344,166692100
2008-04-01,SPY,95.63789676022566,97.94992427699238,95.5663124973731,97.78529357910156,254547300
2008-04-02,SPY,98.10027313957995,98.54406510592035,97.3343628263378,97.84973907470705,210910800
2008-04-03,SPY,97.32000268798598,98.37938177793728,97.14105300079451,98.09305572509766,175884800
2008-04-04,SPY,98.15031790476952,98.75159713605406,97.4345191781076,97.98568725585938,204446800
2008-04-07,SPY,98.68720405137014,99.1882720861882,97.87835861326631,98.03583526611328,154245500
2008-04-08,SPY,97.48464352681384,98.00717360978275,97.3128478771615,97.93560028076172,148937300
2008-04-09,SPY,97.78528145844032,97.92128498766724,96.55410656111312,97.22695922851562,195610600
2008-04-10,SPY,96.93349993178776,97.82824868790256,96.56128139102071,97.36298370361328,192967800
2008-04-11,SPY,96.26781155881014,96.71875750224366,95.208421173522,95.47327423095705,222973300
2008-04-14,SPY,95.33725300161646,95.58777605214816,94.8791421628646,95.15113830566406,160522000
2008-04-15,SPY,95.6164158733046,95.6951541871354,94.72166727169284,95.373046875,172389200
2008-04-16,SPY,96.30355000577528,98.00000031160856,96.28924189611438,97.9570541381836,189268900
2008-04-17,SPY,97.36294789644838,98.24337729044662,97.10525991256816,98.1002197265625,179665700
2008-04-18,SPY,99.45308970652182,99.8968814794006,98.9663408298152,99.12381744384766,218530600
2008-04-21,SPY,98.94488928058738,99.48173851197063,98.67289309713324,99.1739501953125,118587400
2008-04-22,SPY,98.91628499023383,99.0021773919956,97.99289798238256,98.73733520507812,162166000
2008-04-23,SPY,98.8446761053747,99.3385791370312,98.1503502380062,98.579833984375,193309000
2008-04-24,SPY,98.8375578923989,100.02578722234978,98.09312058501044,99.00935363769533,229381300
2008-04-25,SPY,99.78240667488592,100.13315222390032,98.7158728297093,99.92557525634766,190788100
2008-04-28,SPY,100.125955954746,100.39079805879098,99.76805649642588,99.94700622558594,105610200
2008-04-29,SPY,99.77522541743252,100.01859446401176,99.21690305305604,99.55332946777344,125514100
2008-04-30,SPY,99.70364175359288,100.63418267396452,98.96636962890624,98.96636962890624,208395900
2008-05-01,SPY,99.05228252811726,101.01356506347656,98.973544190566,101.01356506347656,187279500
2008-05-02,SPY,101.88682381244054,101.90829690798252,100.6127025065634,101.29270935058594,181585500
2008-05-05,SPY,100.9634535251828,101.36429922711837,100.5053425912241,100.80597686767578,118504500
2008-05-06,SPY,100.22618149270492,101.78661810825064,99.98996650625304,101.67925262451172,179339800
2008-05-07,SPY,101.56471862072765,101.6720841007248,99.58911733319958,99.86827850341795,199267300
2008-05-08,SPY,100.02574512908556,100.44090981383516,99.48173095902928,99.61058044433594,178321200
2008-05-09,SPY,99.2097304357142,99.77520675253864,99.102354048974,99.4244613647461,152588200
2008-05-12,SPY,99.67500848977863,100.6127034109594,99.30278995999576,100.54113006591795,147865900
2008-05-13,SPY,100.78445785743256,100.8488771182768,100.01854801554693,100.5553970336914,159132200
2008-05-14,SPY,100.97778054175023,101.78662606769431,100.54114267002429,100.7630386352539,181910800
2008-05-15,SPY,100.9562676432052,102.09439614541336,100.8059559972124,102.02281188964844,166927000
2008-05-16,SPY,102.2590022815059,102.26615633647562,101.36425391033292,102.1158447265625,204236800
2008-05-19,SPY,102.22324673869852,103.28979111075644,101.85819320463987,102.3950424194336,165664400
2008-05-20,SPY,101.83671962038098,101.88681986729712,100.92765189614302,101.56471252441406,178552100
2008-05-21,SPY,101.50744192406144,101.72933783914004,99.49604872967222,99.84679412841795,252724800
2008-05-22,SPY,99.80381114622082,100.33350613558116,99.49602293663725,99.86107635498048,170820400
2008-05-23,SPY,99.5318623122117,99.96850017936282,98.43669061500472,98.5225830078125,181376400
2008-05-27,SPY,98.63708284561926,99.4960392736086,98.443814099599,99.25267028808594,168322900
2008-05-28,SPY,99.61771994149592,100.2118342696183,98.78023663719516,99.71077728271484,181288100
2008-05-29,SPY,99.58908110785164,100.87751008805684,99.55328898679664,100.21182250976562,173927200
2008-05-30,SPY,100.54827946392032,100.74154823880416,100.16890689388276,100.46238708496094,117362000
2008-06-02,SPY,100.09016001141777,100.11163310432096,98.78024673320188,99.4244613647461,181069900
2008-06-03,SPY,99.71077928876863,99.9398292350085,98.22907046673352,98.84465789794922,271965700
2008-06-04,SPY,98.56551002363618,99.61058126241292,98.39372527144948,98.79457092285156,246637700
2008-06-05,SPY,99.19543919391184,100.8489333441062,99.00933536253048,100.77019500732422,237867100
2008-06-06,SPY,99.88974007450884,100.06868980200808,97.50612839355232,97.55622863769533,384276300
2008-06-09,SPY,97.96421506155974,98.4223258139138,96.92630908287556,97.79241943359376,228263900
2008-06-10,SPY,97.11241822374828,98.13601614870986,96.88336829594044,97.3056869506836,260234900
2008-06-11,SPY,97.32717826841896,97.53475514569116,95.8669423815454,95.87410736083984,283890100
2008-06-12,SPY,96.34652737935944,97.2555840341052,95.57346332834116,96.23915100097656,252791800
2008-06-13,SPY,96.75455182085344,97.72088486273016,96.21770255808327,97.4560317993164,244726900
2008-06-16,SPY,97.02654475812544,98.01433983010293,96.96212547734476,97.5132827758789,185832500
2008-06-17,SPY,98.11455368349542,98.1503348882425,96.89768689983184,97.04085540771484,191707700
2008-06-18,SPY,96.41095392952292,97.0050683169664,95.70947407781678,96.09600067138672,265893000
2008-06-19,SPY,96.02441313347072,96.804642195282,95.5591482412605,96.21768188476562,304204900
2008-06-20,SPY,95.56231272151182,95.74215748844188,94.39692214439812,94.65589904785156,289275700
2008-06-23,SPY,95.02278776864118,95.12350040895554,94.46887373533949,94.56238555908205,165096400
2008-06-24,SPY,94.27466117557398,95.27459798169222,93.65599452724388,94.37537384033205,267300600
2008-06-25,SPY,94.7566543632094,95.9652064725052,94.41135532867608,94.82139587402344,287853900
2008-06-26,SPY,93.92935028984051,94.54081604245576,92.13809207530836,92.2459945678711,297775000
2008-06-27,SPY,92.28197373337032,92.6992150355844,91.38994495739028,91.74243927001952,303423400
2008-06-30,SPY,92.00139987252795,92.73516968557216,91.57696880469894,92.06614685058594,258842600
2008-07-01,SPY,91.01585349163832,92.41864621733616,90.59142240031012,92.3539047241211,388622000
2008-07-02,SPY,92.64882990382203,92.91500763636016,90.60579588446213,90.77125549316406,288064600
2008-07-03,SPY,91.44028979131195,91.44028979131195,89.91520392414968,90.86478424072266,239352500
2008-07-07,SPY,91.21010253623464,91.60575786004551,89.14548195965286,89.93679809570312,372427300
2008-07-08,SPY,89.91523266089204,91.64174437602225,89.34692225737176,91.5338363647461,375973700
2008-07-09,SPY,91.72085657209148,91.89350605946728,89.48358661192542,89.7713394165039,336729400
2008-07-10,SPY,89.5123598207189,90.49071603458708,88.90088855915832,90.13822174072266,436475700
2008-07-11,SPY,89.18143631759882,90.56983833110333,88.11675273425976,89.0879135131836,481124600
2008-07-14,SPY,90.10945838877944,90.2821078950058,88.05203302078307,88.28223419189453,322720800
2008-07-15,SPY,87.6203824215993,88.83612944958632,86.33988292788284,87.03768157958984,502502500
2008-07-16,SPY,87.36861930670707,89.6130848402729,87.11683763349347,89.17426300048828,371642900
2008-07-17,SPY,90.02306979876688,90.82877609509204,89.26771980293549,90.06623077392578,375490600
2008-07-18,SPY,90.76405102546136,90.94389578321416,90.03028682873757,90.62737274169922,267030100
2008-07-21,SPY,91.0086710617812,91.2172917042852,90.05909066497948,90.6777572631836,222863000
2008-07-22,SPY,90.03031175132564,91.93666780891652,89.81449578690857,91.70646667480467,296904200
2008-07-23,SPY,92.0014173884108,92.90783134637272,91.75683106311492,92.20284271240234,311698400
2008-07-24,SPY,92.32510708786916,92.37546889159256,90.037486917169,90.28926849365234,248634500
2008-07-25,SPY,90.56262749084463,90.99425381994423,90.04467370055453,90.26768493652344,219131000
2008-07-28,SPY,90.28926389882837,90.68491907361678,88.78575886703827,88.94402313232422,205201300
2008-07-29,SPY,89.1886393765581,90.91514513832388,88.94404758430356,90.84320831298828,261505600
2008-07-30,SPY,91.44029010913628,92.51216906362376,90.8432040587994,92.46180725097656,354710000
2008-07-31,SPY,91.648922317075,92.49060025458112,91.09499719222912,91.23887634277344,277402100
2008-08-01,SPY,91.44750814357326,91.56260598961246,90.25333574639566,90.75690460205078,248690900
2008-08-04,SPY,90.6705649768378,90.74250180704664,89.74976037793675,89.91521453857422,188239600
2008-08-05,SPY,90.6561654833624,92.48338933243244,89.90082060713495,92.33951568603516,251577600
2008-08-06,SPY,92.0949307478258,93.01573527057651,91.70646531071012,92.7495574951172,209555400
2008-08-07,SPY,92.05176284998502,92.39706728493177,91.03024569126048,91.36835479736328,246312500
2008-08-08,SPY,91.05900023470576,93.46891343350129,90.91512113359568,93.0660629272461,260811700
2008-08-11,SPY,93.13801054309818,94.605539039277,92.96535561190213,94.03004455566406,249425800
2008-08-12,SPY,93.72069874467007,94.02283661874024,92.60565905762492,93.05168151855467,213200800
2008-08-13,SPY,92.64883100368644,93.26749747907408,91.84312991084826,92.4905776977539,256393200
2008-08-14,SPY,91.96544245658598,93.72072961668556,91.9007009572847,93.18838500976562,239555300
2008-08-15,SPY,93.46889327264714,93.8789445060446,93.0156920392902,93.64154815673828,181000800
2008-08-18,SPY,93.82863579860832,93.86460695858426,91.83596306285168,92.3611068725586,172275100
2008-08-19,SPY,91.6632990439164,91.8575345071512,91.02305197615172,91.35396575927734,194673700
2008-08-20,SPY,91.64171280668594,92.0445633890156,90.8863624763903,91.77839660644533,225498200
2008-08-21,SPY,91.18131800414088,92.39707066715972,91.07341002124328,91.9366683959961,180609800
2008-08-22,SPY,92.56251334192562,93.26750183105467,91.9366569978823,93.26750183105467,167715300
2008-08-25,SPY,92.6560257742968,93.26749139348048,91.18129649556587,91.37552642822266,171936900
2008-08-26,SPY,91.37553611590022,91.98701277676632,91.05901302584878,91.64170837402344,159117200
2008-08-27,SPY,91.75680643708384,92.67761080730396,91.5769616620119,92.5337371826172,171032800
2008-08-28,SPY,93.0013376665436,93.76387782591338,92.87904452559326,93.65597534179688,167537100
2008-08-29,SPY,93.32506005870164,93.620008163618,92.44741656110274,92.64884185791016,189195800
2008-09-02,SPY,93.54086783087212,94.03005134951192,91.73522466941326,92.07333374023438,252364900
2008-09-03,SPY,91.99422454833984,92.4402416981262,91.31081639652668,91.99422454833984,251947000
2008-09-04,SPY,91.33957055027446,91.52661066397948,89.17423779580119,89.22459411621094,340042500
2008-09-05,SPY,88.69224584191964,89.88641223933114,87.76424618674369,89.50514221191406,289503400
2008-09-08,SPY,92.10931064844628,92.25319527416438,89.50516138041446,91.35396575927734,364075300
2008-09-09,SPY,91.43308821514398,91.62012832956952,88.33976118526436,88.64189910888672,377326800
2008-09-10,SPY,89.12390296867257,89.85047761417279,88.15993732023524,89.0016098022461,298916600
2008-09-11,SPY,87.85057388863544,90.45472260601564,87.4764936992087,90.28926849365234,375369400
2008-09-12,SPY,89.41163330189251,90.7928399231614,89.08071955857353,90.70651245117188,297851200
2008-09-15,SPY,87.49809585893996,90.39000350613225,86.24637750560277,86.39025115966797,483607000
2008-09-16,SPY,84.31123049173006,87.9944535542358,84.16735686340279,87.83618927001953,581744300
2008-09-17,SPY,86.0665127804335,87.6563398902535,83.44797336562092,83.88679504394531,624095600
2008-09-18,SPY,84.92271852225642,87.61319524947417,81.86535685864555,86.37586212158203,776114700
2008-09-19,SPY,91.67292009890716,92.61352845536052,89.23458307796912,89.80618286132812,501087800
2008-09-22,SPY,90.04495858962466,90.26202378074336,87.08566923720913,87.77303314208984,249966500
2008-09-23,SPY,87.4401849881831,88.28672911412549,85.58067938973556,85.77603912353516,327470400
2008-09-24,SPY,86.3548816988256,86.82518589311933,85.22615604867798,86.05099487304688,311818400
2008-09-25,SPY,86.39104979491178,88.20714457519051,85.69644906082576,87.39677429199219,328253000
2008-09-26,SPY,85.97866087083003,87.9105203638549,85.74712721084424,87.44021606445312,285917400
2008-09-29,SPY,86.20290584677159,86.34761222739341,80.29156132323719,80.58821105957031,459562300
2008-09-30,SPY,82.12940559646331,84.50986383378931,79.97324402678343,83.92378997802734,328154400
2008-10-01,SPY,83.40282645021951,84.43026204149457,82.44774959875862,83.97442626953125,332783000
2008-10-02,SPY,83.17125805332155,83.28702757245227,80.35667648174143,80.92827606201172,365337800
2008-10-03,SPY,81.65907075069947,83.5330446391992,79.3582035833837,79.83573913574219,461798000
2008-10-06,SPY,77.52764196952951,77.8677080996743,72.81737498258364,75.7694320678711,610637500
2008-10-07,SPY,77.30332510873357,77.65786512409758,72.10105512057996,72.3759994506836,540012100
2008-10-08,SPY,70.55995057573358,73.93166549984964,70.0462354195224,70.55271911621094,725414800
2008-10-09,SPY,72.10833492455842,72.80293589753371,65.29978916121239,65.62538146972656,534485200
2008-10-10,SPY,62.77459831017078,67.96963777451508,60.47373112634819,64.03356170654297,871026300
2008-10-13,SPY,67.91898641585271,73.33108520507812,65.08269353444868,73.33108520507812,455584000
2008-10-14,SPY,75.75498004641527,76.35552230030969,70.2632891401251,72.24579620361328,546268300
2008-10-15,SPY,70.516525435624,70.76253301445125,64.90906517233785,65.13336181640625,484627500
2008-10-16,SPY,66.05224269071473,68.57016929880795,62.61541335963375,67.84662628173828,708811200
2008-10-17,SPY,66.55874361578539,71.33412807610632,66.31274155458868,67.44146728515625,476649000
2008-10-20,SPY,68.9898646839353,71.70315253611051,68.0781984199489,71.49332427978516,321294200
2008-10-21,SPY,70.16198193040202,71.37029769691074,68.89578138556806,69.35884857177734,356502000
2008-10-22,SPY,67.4342316193975,69.35885939764457,63.3317425386462,65.58196258544922,516168000
2008-10-23,SPY,65.32872077889567,66.89157133016289,62.08724458633869,66.34168243408203,634666400
2008-10-24,SPY,60.82103474778052,65.0609980013575,60.777623925724896,62.977195739746094,545812600
2008-10-27,SPY,62.20299603686154,64.76433906108387,60.56055024462462,60.74143600463867,397288600
2008-10-28,SPY,63.19425044065427,68.18669883486288,61.1610961367725,67.83940124511719,639939500
2008-10-29,SPY,67.84662249195561,70.30666971661803,66.63830704579027,67.34738159179688,531270100
2008-10-30,SPY,69.30096241534159,69.85085675810359,67.21716011883804,69.67720794677734,414582100
2008-10-31,SPY,68.79450617218792,71.31967103289786,68.36038124647988,70.06070709228516,411394000
2008-11-03,SPY,70.02448937721157,70.68291614487373,69.42394737333846,70.26325988769531,205419400
2008-11-04,SPY,71.67419031556157,72.97657033252018,69.97386483578549,72.6509780883789,346793400
2008-11-05,SPY,71.77546329681198,72.86801477101884,68.73658490891681,69.59760284423828,387844100
2008-11-06,SPY,68.345881090191,69.05495576254064,65.16229032162182,65.74112701416016,477721900
2008-11-07,SPY,66.31273622245263,68.01306165991109,65.48066042789313,67.9117660522461,380391000
2008-11-10,SPY,68.88852406977153,69.12005759451887,65.78452413099994,67.02178192138672,301773000
2008-11-11,SPY,65.66878059516854,66.66726819679526,64.14210404299232,64.95246887207031,418498200
2008-11-12,SPY,63.83821256465514,64.3591589794615,61.587992996639805,62.0944709777832,454330600
2008-11-13,SPY,62.31878729381841,66.37063450544973,59.39567147180335,65.96544647216797,753141900
2008-11-14,SPY,64.69198355427629,66.60936812589722,62.60093916449844,62.67329788208008,540352300
2008-11-17,SPY,62.49964211268264,64.07696606743228,61.61692429303676,61.84122085571289,415254900
2008-11-18,SPY,61.60969563913935,63.107429624880645,59.98896065210332,63.006134033203125,523811800
2008-11-19,SPY,62.15957301508413,62.85417353472083,58.5490899796282,58.968746185302734,558327600
2008-11-20,SPY,57.97750167827725,59.69953764255134,54.30190723864525,54.5913200378418,814180400
2008-11-21,SPY,56.04567698029272,58.53466830383019,53.78821934823325,57.53617477416992,718536500
2008-11-24,SPY,59.27266064568462,62.94102463618774,58.14393496251345,61.52288055419922,523305300
2008-11-25,SPY,63.1653321869489,63.3172756172579,60.64739907849202,61.97872161865234,454112400
2008-11-26,SPY,60.99469641316904,64.53282236138594,60.95128006569497,64.37364196777344,370134200
2008-11-28,SPY,64.12763330343549,65.21294812839385,64.01910623709698,65.18400573730469,118308100
2008-12-01,SPY,63.31727186194935,63.34621425460555,59.22925136256014,59.41013717651367,369927100
2008-12-02,SPY,60.39416981066693,61.85572508195247,59.35950250508324,61.6965446472168,469508400
2008-12-03,SPY,60.34348797151114,63.5487837177734,60.15536524377567,63.17977523803711,519863500
2008-12-04,SPY,62.26813155152205,63.70798662184349,60.58951139936078,61.71824264526367,444173800
2008-12-05,SPY,60.52440524034623,63.975704756828925,59.50420641812053,63.62117004394531,471905300
2008-12-08,SPY,65.36490410904318,66.8409332172033,63.729700099583454,65.84244537353516,412859300
2008-12-09,SPY,65.38659511055205,66.66002705387054,64.38087059431268,64.75711059570312,370790000
2008-12-10,SPY,65.35041446230939,66.10289997050839,64.39533776347912,65.19847106933594,396187400
2008-12-11,SPY,64.78607871128384,65.84245144568087,63.21599080934979,63.62841033935547,365061000
2008-12-12,SPY,61.89911513126476,64.44598444392875,61.64587062716986,64.38809967041016,415060400
2008-12-15,SPY,64.40979144182832,64.50385555892717,62.43452226547783,63.49089431762695,256694200
2008-12-16,SPY,66.47913360595703,66.58042919158402,63.80202652262312,66.47913360595703,377699500
2008-12-17,SPY,65.72664962573812,66.87708597398017,65.16228691611563,65.8351821899414,281819800
2008-12-18,SPY,66.13184775500511,66.32720198471566,63.82374324437837,64.60517120361328,374673300
2008-12-19,SPY,64.99102920560067,66.09974574607108,64.25431675377567,64.32726287841797,301451300
2008-12-22,SPY,64.61174947391072,64.67739432282875,62.35784838923469,63.50303268432617,243759500
2008-12-23,SPY,63.845862877272445,64.13763076174779,62.583974707055184,62.84656524658203,221625200
2008-12-24,SPY,63.05810976964645,63.364469199033806,62.72987428138784,63.2112922668457,62061600
2008-12-26,SPY,63.63429590028908,63.67806467586792,63.094529231538985,63.57594680786133,74767700
2008-12-29,SPY,63.63433052085863,63.69998093744112,62.43808721766805,63.39362716674805,127795900
2008-12-30,SPY,63.83125441590212,64.9545567566645,63.37171835172214,64.89620208740234,168256300
2008-12-31,SPY,64.97644267106048,66.35503982491707,64.82326582785508,65.82256317138672,193987200
2009-01-02,SPY,65.96845927331394,68.15670974299034,65.53810045380638,67.80658721923828,227566300
2009-01-05,SPY,67.56588390160847,68.31718796607004,67.02611696612963,67.72635650634766,240349700
2009-01-06,SPY,68.3025654571935,68.8933910832788,67.60232623534993,68.1785659790039,328260900
2009-01-07,SPY,67.1063563030816,67.29600625953208,65.7934036276697,66.13623046875,280899200
2009-01-08,SPY,65.76422027152319,66.44257254189564,65.4068020386284,66.4061050415039,263834400
2009-01-09,SPY,66.49363211195012,66.61033589553207,62.26301283069978,64.98373413085938,330953600
2009-01-12,SPY,64.80136838939217,64.85243289404839,63.02889138513925,63.42277145385742,277858500
2009-01-13,SPY,63.262328593262815,64.10115355514176,62.87573297138579,63.53950500488281,356432300
2009-01-14,SPY,62.394275013114566,62.54745177824026,60.6582661100183,61.54085922241211,435491600
2009-01-15,SPY,61.35854646320183,62.182785487373216,59.60794493765232,61.562782287597656,532647300
2009-01-16,SPY,62.6277328035932,62.72255499313882,60.57807318296258,62.04419708251953,399237200
2009-01-20,SPY,61.43876385327912,62.04417541356717,58.38980218378882,58.76909637451172,419855200
2009-01-21,SPY,59.76843610837553,61.4460920194719,58.69619213203863,61.3075065612793,364360700
2009-01-22,SPY,60.11854779880474,61.30020534209844,59.206776548889565,60.359256744384766,427940300
2009-01-23,SPY,59.00981211864406,61.26370704950998,58.76910327214155,60.62182235717773,386800600
2009-01-26,SPY,60.97195106145968,62.26302198629646,60.403006815942,61.03760147094727,317978800
2009-01-27,SPY,61.36584396360452,62.10985234431922,60.76043214460313,61.65761184692383,273789700
2009-01-28,SPY,63.0216038498406,64.15219639326766,62.78089500378554,63.74372482299805,330007000
2009-01-29,SPY,62.81006837252653,63.81666134926217,61.61382550799754,61.67218017578125,294392500
2009-01-30,SPY,61.985846057164686,62.292199797057904,59.96535827618317,60.417598724365234,383383600
2009-02-02,SPY,59.49852087085505,60.67288222031538,59.30887096786557,60.235233306884766,288233300
2009-02-03,SPY,60.61455628051824,61.53362332988647,59.97267127421927,61.08138275146485,278385800
2009-02-04,SPY,61.489834178818754,62.27030987780221,60.57076751669539,60.78229904174805,322989300
2009-02-05,SPY,60.32276013175311,62.21195231826082,56.697563731171726,61.686771392822266,417679400
2009-02-06,SPY,61.898328441262095,63.70727952507123,61.76703315574287,63.44469451904297,366101700
2009-02-09,SPY,63.43007814796282,63.999022306736975,62.96325188614773,63.53219604492188,240075200
2009-02-10,SPY,62.92677623442227,63.481134484395625,60.14040466417271,60.62182235717773,536212800
2009-02-11,SPY,60.86980394265515,61.307458289222055,60.10391996617546,60.97921752929688,324442500
2009-02-12,SPY,59.93616400876425,61.13970257847989,59.119220933084165,61.02299880981445,469302200
2009-02-13,SPY,60.94275586395437,61.44604950656233,60.35192466566553,60.36651611328125,293998400
2009-02-17,SPY,58.47004294654753,60.51240628382747,57.74791643634151,57.78438949584961,478910100
2009-02-18,SPY,58.20013669219389,58.30955026795549,57.09871634220344,57.64577865600586,362964800
2009-02-19,SPY,58.23664322915725,58.46276625471022,56.90910467998084,57.02581405639648,316867500
2009-02-20,SPY,55.968126721213416,57.14248208725322,55.26788203120612,56.47142028808594,477176600
2009-02-23,SPY,57.09143916813336,57.09143916813336,54.407185653727886,54.45095443725586,379641400
2009-02-24,SPY,54.91778111376597,56.85802653960966,54.487422389664296,56.51520538330078,426260900
2009-02-25,SPY,56.26721062263165,57.200863221559125,55.16578971373669,56.07027053833008,461985800
2009-02-26,SPY,56.76322718974657,58.112647442882405,55.09286169575324,55.15851211547852,363353900
2009-02-27,SPY,53.98413210753408,55.20955239935312,53.83824542695572,53.925777435302734,470510900
2009-03-02,SPY,52.89731296191939,53.91849777010515,51.329071024894645,51.49683380126953,426452600
2009-03-03,SPY,52.23353191196181,52.29917674574345,50.79658007910111,51.1102294921875,443761000
2009-03-04,SPY,51.95634048139333,53.15258311317972,51.11021465817517,52.321048736572266,462753100
2009-03-05,SPY,51.13211450026523,52.321067397813856,49.72433991056639,50.183876037597656,485549400
2009-03-06,SPY,50.62153061845716,51.3874149736986,48.94386963362725,50.27140808105469,490470000
2009-03-09,SPY,49.56385935935182,51.0591657244273,49.40339237025271,49.68056869506836,379905300
2009-03-10,SPY,50.701749221865,52.78788113474037,50.599631343473085,52.64199447631836,406227900
2009-03-11,SPY,53.24743857570631,53.794501300799176,52.39402206016378,52.98484802246094,356648300
2009-03-12,SPY,52.97023556190574,55.25330751936957,52.496113658309085,55.07095336914063,409702700
2009-03-13,SPY,55.442963151132346,56.15049821789381,54.5093106954087,55.501312255859375,337474700
2009-03-16,SPY,56.1359106003098,56.872623052233344,55.29708025188295,55.33355331420898,360644900
2009-03-17,SPY,55.48674393622375,57.1571093223594,55.03450345012719,57.02581405639648,356814300
2009-03-18,SPY,56.75590750213669,59.00980783437108,56.21614074175021,58.30227279663086,473273200
2009-03-19,SPY,59.03172724965725,59.082786225029054,57.39783447274839,57.5801887512207,428520400
2009-03-20,SPY,57.86003550628632,57.97023222261371,56.2217918558083,56.3540267944336,371078200
2009-03-23,SPY,57.84535275672141,60.45331801437423,57.52945842076491,60.401893615722656,419933300
2009-03-24,SPY,59.68195962807346,60.50475579329407,59.14567729565994,59.2117919921875,330271000
2009-03-25,SPY,59.67462327396722,60.75453599280621,58.08045519361836,59.836238861083984,441775100
2009-03-26,SPY,60.42394392877004,61.19531566766915,59.74073072155205,61.05573272705078,422025200
2009-03-27,SPY,60.27702349860159,60.62964644402487,59.73338758340964,59.95378112792969,322332300
2009-03-30,SPY,58.62409244947937,58.675516865818665,57.272356126667816,57.88210678100586,324108500
2009-03-31,SPY,58.44776691451501,59.5644192291463,58.07310576597391,58.41838073730469,364238300
2009-04-01,SPY,57.691099660361374,59.81420223769831,57.54417435726498,59.54973220825195,377018300
2009-04-02,SPY,61.03367242086738,62.15766667028768,59.60112622457946,61.290794372558594,476230700
2009-04-03,SPY,61.33488444743922,61.91524875582385,60.73248191041863,61.90055847167969,284646300
2009-04-06,SPY,61.22467265566303,61.91523354238647,60.45330681874243,61.41567993164063,264866600
2009-04-07,SPY,60.4239510563838,60.71780725847725,59.88032072565749,59.98316955566406,258947800
2009-04-08,SPY,60.284342940089374,60.93082743585776,59.90233396018504,60.62962341308594,230402800
2009-04-09,SPY,62.20175925703877,63.046593550234526,61.95198518339879,63.03924560546875,269653500
2009-04-13,SPY,62.38543962992139,63.57555486457008,62.13566547225276,63.05396270751953,224847500
2009-04-14,SPY,62.466228551458975,63.00251641682643,61.76832513685216,61.9666748046875,276598800
2009-04-15,SPY,61.59198170758872,62.75270985795835,61.42301828604563,62.62782287597656,250726100
2009-04-16,SPY,63.127429751520495,64.02368881218835,62.27524716765863,63.546173095703125,335202900
2009-04-17,SPY,63.788573449421605,64.3909759561447,63.281671796931015,63.97223281860352,262649000
2009-04-20,SPY,62.840879630403286,63.9501835989433,61.22467409650189,61.290794372558594,293690100
2009-04-21,SPY,60.84269436394104,62.53970566503806,60.79126994890297,62.48828125,114090900
2009-04-22,SPY,61.92260281048982,63.428606499225566,61.76098164475896,62.10626220703125,340395200
2009-04-23,SPY,62.23111349647471,62.752705210389735,61.43770401410954,62.71597671508789,324903700
2009-04-24,SPY,63.20088616776621,64.14122161229827,62.95111201743049,63.66371154785156,287703000
2009-04-27,SPY,62.94373640569209,63.92080555105643,62.840887611952574,63.06127548217773,289581600
2009-04-28,SPY,62.42216786104141,63.61227737835782,62.26789461267969,62.86294937133789,247926300
2009-04-29,SPY,63.56082227675121,64.91255794123128,63.39920676471097,64.19995880126953,311505700
2009-04-30,SPY,65.0521362426267,65.39741107132544,63.8546738365454,64.22199249267578,301419800
2009-05-01,SPY,64.23671420764764,64.80238269941889,63.707774233355465,64.56729888916016,236110300
2009-05-04,SPY,65.05214640576332,66.80792940798659,64.92725378349014,66.76384735107422,287120000
2009-05-05,SPY,66.53611755371094,66.80058749972473,65.99982971739429,66.53611755371094,243036300
2009-05-06,SPY,67.35156632344989,67.73357535788355,66.56550442148504,67.68949890136719,291941000
2009-05-07,SPY,68.32862463326786,68.43147341860778,66.32306210946254,66.74915313720703,317728000
2009-05-08,SPY,67.6086707820332,68.48289097499217,67.17523745920211,68.30657958984375,299081700
2009-05-11,SPY,67.36626053953708,67.66746462288525,66.88140267503765,67.02832794189453,247923600
2009-05-12,SPY,67.31482144275087,67.4617522823766,66.00716779669322,66.82996368408203,282431300
2009-05-13,SPY,65.92635788369988,66.12471311793345,65.01540908842587,65.14764404296875,269619100
2009-05-14,SPY,65.17704607602761,66.20553979450409,65.01542491393047,65.70598602294922,260098700
2009-05-15,SPY,65.65457181354476,66.117391536558,64.75831294260801,65.16970825195312,271502700
2009-05-18,SPY,65.7867896246922,67.10178580259708,65.06684241668574,67.02098083496094,241447400
2009-05-19,SPY,66.98425437847499,67.56461873587571,66.71243645771568,66.94017791748047,206102200
2009-05-20,SPY,67.54992449446769,68.17437093294487,66.41858753250114,66.49205017089844,285722200
2009-05-21,SPY,65.72065426489321,65.97043386931217,64.83909171893472,65.53699493408203,258988400
2009-05-22,SPY,65.72070339491826,66.11740851861099,65.14768675119838,65.3974609375,166811900
2009-05-26,SPY,64.91256700837597,67.26340465996643,64.8831808371262,67.07240295410156,236318500
2009-05-27,SPY,67.17524261338785,67.4029784035464,65.77208255248482,65.87493133544922,246015800
2009-05-28,SPY,66.45530322352933,67.10178216343242,65.45619584059976,66.7932357788086,289095000
2009-05-29,SPY,67.16054996002343,68.83552234016702,66.61691985178211,67.97599792480469,258641500
2009-06-01,SPY,68.81351219763788,69.91546875058118,68.6372007185224,69.62161254882812,276246800
2009-06-02,SPY,69.34977428623509,70.06237348777951,69.2248872687047,69.68035888671875,230874500
2009-06-03,SPY,69.08531342276113,69.15142810959168,68.14497828890772,68.7988052368164,235310500
2009-06-04,SPY,69.05590983093461,69.54811550265354,68.54166593583098,69.44526672363281,210102300
2009-06-05,SPY,70.15053161838914,70.2827665894022,68.90899808454115,69.45997619628906,284257900
2009-06-08,SPY,68.93839537024174,69.86404039181696,68.3506886047525,69.1734848022461,238565100
2009-06-09,SPY,69.56284954649738,69.89343428828492,69.07063799994012,69.52611541748047,225125500
2009-06-10,SPY,70.14321788895104,70.15056023128491,68.46089669565097,69.34980773925781,296100400
2009-06-11,SPY,69.48202138065005,70.60601594437789,69.46732549082212,69.65833282470703,275414200
2009-06-12,SPY,69.34978099352135,69.8934111731673,69.05592487309352,69.84933471679688,184361800
2009-06-15,SPY,69.02651643824585,69.07059288040081,67.88048410351705,68.247802734375,224190500
2009-06-16,SPY,68.49025050803714,68.53432696057382,67.27809761972894,67.32217407226562,227319000
2009-06-17,SPY,67.2928167814325,67.82910480508178,66.72714818004248,67.25608825683594,223445200
2009-06-18,SPY,67.35892633766322,68.07886807901842,67.03568398571743,67.74828338623047,211725100
2009-06-19,SPY,68.39693934453344,68.48559022582084,67.61382086199085,67.99799346923828,215655600
2009-06-22,SPY,67.33306025745846,67.37000186947967,65.93675299783594,65.95891571044922,251913600
2009-06-23,SPY,66.09930714864495,66.40220704052372,65.64125694835228,66.01065063476562,188309800
2009-06-24,SPY,66.6090886165473,67.28877181389939,66.19536375322285,66.57953643798828,211577700
2009-06-25,SPY,66.24705442434379,68.09402263492434,66.17317682322049,68.02753448486328,279411000
2009-06-26,SPY,67.79849721988198,68.14572809730176,67.42910362883947,67.85021209716797,167579000
2009-06-29,SPY,68.04968348125294,68.57422167091954,67.67290046404226,68.48556518554688,168481300
2009-06-30,SPY,68.50037278484447,68.75155781056026,67.42912760796598,67.93150329589844,228888200
2009-07-01,SPY,68.2196259421987,68.87715191504877,68.12358560915347,68.21224212646484,173041100
2009-07-02,SPY,67.3257167488715,68.23442804158435,66.31358127222258,66.35051727294922,212309900
2009-07-06,SPY,65.70774397535217,66.43914182090057,65.50088443410614,66.34310150146484,174499600
2009-07-07,SPY,66.27660199035607,66.35786903689903,65.01327649841451,65.05760192871094,197088900
2009-07-08,SPY,65.44915689933325,65.60430717514298,64.27448792891069,65.01327514648438,248050500
2009-07-09,SPY,65.46392309680118,65.67817202470229,64.94677439945237,65.13885498046875,163777600
2009-07-10,SPY,64.79163262942821,65.37527517078392,64.53305824692855,64.98371887207031,173520300
2009-07-13,SPY,65.24232040877295,66.61646556941068,64.71039252252595,66.56475067138672,217413500
2009-07-14,SPY,66.77156668416325,67.00059448579236,66.29135964585461,66.94149017333984,181487400
2009-07-15,SPY,67.82809980568274,69.08404233077071,66.9932716984707,68.89934539794922,220877900
2009-07-16,SPY,68.70723847712337,69.82280919620888,68.5742564997721,68.78850555419922,231174500
2009-07-17,SPY,69.4903535795736,69.68243991645494,69.10618654231244,69.54206848144531,138561700
2009-07-20,SPY,69.94837836915679,70.39903905104056,69.58637418807783,70.28083038330078,164179400
2009-07-21,SPY,70.82757268845481,70.84973541569317,69.75632723441399,70.6059341430664,217718300
2009-07-22,SPY,70.1552304882785,71.01961014291821,70.10351561073166,70.59111785888672,196068100
2009-07-23,SPY,70.6354771841582,72.46028331067264,70.5763728281695,72.14999389648438,258795500
2009-07-24,SPY,71.81013794700361,72.50459995427967,71.43336040546106,72.44549560546875,154003100
2009-07-27,SPY,72.31250566793777,72.6966782563608,71.91355981219094,72.65973663330078,159259400
2009-07-28,SPY,72.14995972714226,72.67449795599843,71.70668290365913,72.31987762451172,186685200
2009-07-29,SPY,71.98745631346507,72.46766368266465,71.64761473743863,72.1426010131836,194399300
2009-07-30,SPY,73.01435736674429,73.75314473914118,72.84443379103286,72.89614868164062,225575400
2009-07-31,SPY,72.88136209750623,73.48716740672005,72.68188638696671,72.99956512451172,207358000
2009-08-03,SPY,73.76792412863851,74.27029980902131,73.36897823805505,74.20381164550781,175776900
2009-08-04,SPY,73.871320599681,74.49928850779705,73.71617598495808,74.39585876464844,176714600
2009-08-05,SPY,74.44760654254748,74.51410034196128,73.5684533371929,74.18164825439453,184726400
2009-08-06,SPY,74.52148419694831,74.63229779347988,73.45023912630693,73.79747009277344,193203800
2009-08-07,SPY,74.57317818458121,75.37845348832654,74.16684298952703,74.7652587890625,220640900
2009-08-10,SPY,74.42541825794967,74.78003858118328,74.07818738466852,74.61011505126953,130898700
2009-08-11,SPY,74.27769154874662,74.32940644523869,73.47979974301089,73.67927551269531,157301000
2009-08-12,SPY,73.55366436702558,75.03123901890797,73.51672838262851,74.46976470947266,219052400
2009-08-13,SPY,74.80962057194995,75.06819505839461,74.07083310410748,75.03864288330078,176449500
2009-08-14,SPY,75.00166802350867,75.06077234750833,73.65707565325847,74.46235656738281,199616100
2009-08-17,SPY,73.02912619209498,73.10300379754095,72.48242514799477,72.63018035888672,237667500
2009-08-18,SPY,72.7927018703661,73.46500092748116,72.65971994898614,73.2064208984375,173461500
2009-08-19,SPY,72.63015187183652,74.1003421351223,72.55627429536686,73.84915161132812,192812800
2009-08-20,SPY,73.94520546801829,74.78003858118328,73.78267702455582,74.61011505126953,174131300
2009-08-21,SPY,75.22330776942228,76.19111713715594,75.07555259327164,76.07291412353516,224605000
2009-08-24,SPY,76.38322291124067,76.79694201947484,75.79219078247746,76.06554412841797,191279000
2009-08-25,SPY,76.36846256292581,77.02598295823839,76.0507837263646,76.21331787109375,215310600
2009-08-26,SPY,75.97690190330823,76.56793414319715,75.71832741204477,76.220703125,194620700
2009-08-27,SPY,76.17636074279967,76.62702145730269,75.31198093426104,76.39060974121094,196230100
2009-08-28,SPY,77.00379764712083,77.09244850987584,75.85128570281111,76.37582397460938,147024400
2009-08-31,SPY,75.62966357695406,75.78480824515782,75.20116555820073,75.69615173339844,176051600
2009-09-01,SPY,75.31933605301839,76.27237200567892,73.87131413908003,74.02645874023438,321276800
2009-09-02,SPY,73.71618300524331,74.20378524352155,73.56103837574535,73.74573516845703,171805000
2009-09-03,SPY,74.1742737481137,74.44762154383717,73.57585197880977,74.35897064208984,143572300
2009-09-04,SPY,74.50671029185399,75.42280511581279,74.28507744742079,75.40064239501953,142687900
2009-09-08,SPY,76.09509142525447,76.13203304462391,75.64443072414609,76.05076599121094,132909100
2009-09-09,SPY,76.18372359809813,76.89295849877617,75.94731196453877,76.63438415527344,154612500
2009-09-10,SPY,76.68611324011948,77.46922586461564,76.25761531345219,77.41751098632812,162902400
2009-09-11,SPY,77.56527458118488,77.79430246971863,77.04073629125206,77.40274047851562,152360100
2009-09-14,SPY,76.74519230157136,77.91247712605318,76.20588094259395,77.77949523925781,149593800
2009-09-15,SPY,77.90509281983722,78.39269498243662,77.39533358388994,78.10456848144531,196795900
2009-09-16,SPY,78.38533021712065,79.30142487704477,78.11198252761491,79.28665161132812,206406300
2009-09-17,SPY,79.17584084664706,79.83336115300493,78.73256955331034,79.16845703125,229170900
2009-09-18,SPY,79.53810207616341,79.54552672311767,78.95167956039424,79.21891021728516,153799100
2009-09-21,SPY,78.60278121995795,79.42674132603396,78.43205401288002,79.01847076416016,151892000
2009-09-22,SPY,79.4861538962175,79.70142338638821,79.12984440754079,79.47872924804688,143126700
2009-09-23,SPY,79.66429032851575,80.19132697927282,78.67702185751418,78.81806182861328,225947400
2009-09-24,SPY,78.98881489777118,79.15954217269496,77.6081247477424,77.9495849609375,228636800
2009-09-25,SPY,77.77885985905351,78.20939890907411,77.26666665598253,77.53389739990234,204059000
2009-09-28,SPY,77.83082859269143,79.09275293045374,77.81598495586186,78.9220199584961,118285800
2009-09-29,SPY,79.06303361292768,79.44160569092656,78.52114760420365,78.68445587158203,133733900
2009-09-30,SPY,78.95172908505442,79.02595861112081,77.66011720877981,78.3801498413086,254383000
2009-10-01,SPY,76.45754049721394,78.484038965372,76.42042292095415,76.43527221679688,281840600
2009-10-02,SPY,75.73007180335019,76.53176381378684,75.70780352472914,76.0789566040039,224748800
2009-10-05,SPY,76.38332690775329,77.43740059811843,76.16063273053331,77.21470642089844,149875000
2009-10-06,SPY,77.77142142746091,78.76611472318795,77.72688486581616,78.32073211669922,202491100
2009-10-07,SPY,78.14259122744781,78.6176725275959,77.99413221470351,78.53601837158203,159200300
2009-10-08,SPY,79.09272387953273,79.55295007573986,78.57310616777598,79.13726043701172,183305800
2009-10-09,SPY,79.15957226954961,79.61980438232422,78.95172733582874,79.61980438232422,135008300
2009-10-12,SPY,79.990927305207,80.2358840764844,79.63461779453911,79.9315414428711,118031000
2009-10-13,SPY,79.7162577896568,79.95379553348955,79.24860694930226,79.76821899414062,157692700
2009-10-14,SPY,80.70355195628552,81.22316416606672,79.73855138000805,81.14151000976562,191421600
2009-10-15,SPY,80.74805537989538,81.43840026855469,80.71094347348763,81.43840026855469,173873600
2009-10-16,SPY,80.76292995179475,81.11180916528697,80.33981557555954,80.8297348022461,192069400
2009-10-19,SPY,80.96334891502892,81.75019179048165,80.7109674883168,81.49781036376953,159530400
2009-10-20,SPY,81.61655039121182,81.64624331370793,80.67382417118024,81.06724548339844,180921100
2009-10-21,SPY,80.94110258181864,81.88382935824849,80.28045024056364,80.33983612060547,225379300
2009-10-22,SPY,80.31010535305518,81.41613994696293,79.79791228980784,81.15633392333984,238444000
2009-10-23,SPY,81.42357575506566,81.47553696691261,79.89442100306727,80.22846221923828,240033200
2009-10-26,SPY,80.3175170818235,81.14147729898869,79.13725311111696,79.35994720458984,242028200
2009-10-27,SPY,79.44903067907092,79.71626136077245,78.80322791774788,78.99622344970703,253266300
2009-10-28,SPY,78.79583069064277,79.04079317800598,77.45967681716054,77.50421905517578,248821400
2009-10-29,SPY,78.08321028846069,79.32286058963581,77.89763369259562,79.16697692871094,198110600
2009-10-30,SPY,78.90716875411441,79.14470656404715,76.7841721001256,76.87324523925781,325608100
2009-11-02,SPY,77.29635317884286,78.24651000249672,76.51693495984837,77.43739318847656,254222900
2009-11-03,SPY,77.00683362699853,77.7936819481481,76.85837467156826,77.68233489990234,228362600
2009-11-04,SPY,78.320738007749,78.92942893718183,77.6823541472039,77.88277435302734,247996700
2009-11-05,SPY,78.43207392304322,79.33768270803958,78.26876565683752,79.31541442871094,180015300
2009-11-06,SPY,78.87747438238384,79.72370316880571,78.72159072839538,79.52327728271484,170954100
2009-11-09,SPY,80.13197241442909,81.3790473742841,80.07259220746326,81.33451080322266,159495700
2009-11-10,SPY,81.14149749433733,81.60172942583382,80.88911607804238,81.3493423461914,171899800
2009-11-11,SPY,81.8837883150365,82.26236603135935,81.37160093061352,81.76502227783203,169466200
2009-11-12,SPY,81.65370049780348,82.07681490112181,80.72581753760116,80.93366241455078,157144500
2009-11-13,SPY,81.14148615417254,81.72048406437433,80.72579650856031,81.3716049194336,150963000
2009-11-16,SPY,81.93580217971889,82.90822769709759,81.8912655950611,82.55191802978516,210922200
2009-11-17,SPY,82.33659399288243,82.68547877762836,82.02482677971017,82.64836120605469,147134100
2009-11-18,SPY,82.5890089313355,82.71519965597834,82.07681571992276,82.59642791748047,156486800
2009-11-19,SPY,82.03227374406755,82.62611540738058,81.00788738874496,81.52008056640625,208734600
2009-11-20,SPY,81.096983056581,81.47556094766294,80.91883108686261,81.23059844970703,134196000
2009-11-23,SPY,82.18817587881647,82.94532601042674,82.0990970607774,82.26240539550781,148010200
2009-11-24,SPY,82.39599734143195,82.544456332564,81.66111570763755,82.3885726928711,138420100
2009-11-25,SPY,82.52217120170413,82.76713358407086,82.26236518859379,82.67805480957031,109564800
2009-11-27,SPY,80.46601368743478,81.89124059488385,80.38435953158994,81.33451080322266,126001800
2009-11-30,SPY,81.26772393029152,81.80217989134299,80.25818656494509,81.60918426513672,160874800
2009-12-01,SPY,82.33660287895613,82.88591354812954,82.19556855111703,82.61868286132812,159613700
2009-12-02,SPY,82.60382650564476,83.14571248071812,82.33659584168345,82.58155822753906,132315100
2009-12-03,SPY,82.80426310050669,83.27191399156415,81.86895565504459,81.93576049804688,167324900
2009-12-04,SPY,83.01953707262007,83.42038316966776,81.68338907914229,82.40342712402344,274907800
2009-12-07,SPY,82.32921145641852,82.7894378329353,82.01743844187794,82.2772445678711,127973800
2009-12-08,SPY,81.68339638311326,82.22527687997301,81.11181728750421,81.36420440673828,169863700
2009-12-09,SPY,81.34193001638772,81.78731268728001,80.92623461532004,81.66854095458984,155063400
2009-12-10,SPY,82.1733207538762,82.48509376324317,81.98774414362504,82.1287841796875,138014600
2009-12-11,SPY,82.4776611328125,82.66323772510785,82.1065079482218,82.4776611328125,124854000
2009-12-14,SPY,83.04178619384766,83.13828394891232,82.49247559729027,83.04178619384766,107141500
2009-12-15,SPY,82.73747691714499,83.07893720734847,82.3960166269415,82.65582275390625,120408800
2009-12-16,SPY,82.98984055733413,83.23479731433835,82.59641348979369,82.78199005126953,155358200
2009-12-17,SPY,82.18815381781461,82.34403746002876,81.7130782424912,81.78730773925781,183390100
2009-12-18,SPY,82.24254300923211,82.31717782318253,81.55594599404856,82.25000762939453,174591200
2009-12-21,SPY,82.66046899593395,83.36198949535634,82.66046899593395,83.08586120605469,118039600
2009-12-22,SPY,83.26499587287691,83.56351810548921,83.16051394553831,83.38440704345703,91707500
2009-12-23,SPY,83.5859090292643,83.66800278828224,83.21275764966937,83.54859161376953,111783100
2009-12-24,SPY,83.7276786490786,84.03365971091586,83.58587935314837,83.94410705566406,39677500
2009-12-28,SPY,84.25758760095144,84.32475212018173,83.8247306086723,84.12325286865234,87508500
2009-12-29,SPY,84.3396619269258,84.35458547425802,83.99636339991265,84.00382232666016,80572500
2009-12-30,SPY,83.75756858529284,84.07101440538477,83.71278654396636,83.97399139404297,73138400
2009-12-31,SPY,84.16057010389804,84.18296397227982,83.13067421805285,83.1679916381836,90637900
2010-01-04,SPY,83.8620034372494,84.62322938631097,83.22018291238932,84.57845306396484,118944600
2010-01-05,SPY,84.52621701365474,84.83966267588339,84.22023027635832,84.8023452758789,111579900
2010-01-06,SPY,84.72028409317747,85.07104729014362,84.65311957997358,84.8620834350586,116074400
2010-01-07,SPY,84.705355715919,85.32478831807188,84.46653908174217,85.22030639648438,131091100
2010-01-08,SPY,84.99638981336251,85.54119313431706,84.82474342985138,85.50387573242188,126402800
2010-01-11,SPY,85.8845263707256,85.92183809389257,85.25762906683323,85.62332153320312,106375700
2010-01-12,SPY,85.05612008260923,85.23523113728774,84.49639305463084,84.82476806640625,163333500
2010-01-13,SPY,85.04119445839929,85.78003826633102,84.60834319899531,85.54122161865234,161822000
2010-01-14,SPY,85.44419274584723,85.92929062949273,85.39195178569081,85.77256774902344,115718800
2010-01-15,SPY,85.62331793778698,85.70540600284272,84.48146993512745,84.80984497070312,212283100
2010-01-19,SPY,84.79490362621345,85.9218164548361,84.77250976534697,85.86957550048828,139172700
2010-01-20,SPY,85.28744881597191,85.41431887449137,84.31725898196666,84.99639129638672,216490200
2010-01-21,SPY,85.0188311270775,85.28003602212944,83.25755570067062,83.3620376586914,344859600
2010-01-22,SPY,82.9888329582108,83.39183697804759,81.41413428015515,81.50369262695312,345942400
2010-01-25,SPY,82.25001347320418,82.39927741787325,81.6529747760398,81.92163848876953,186937500
2010-01-26,SPY,81.60074205389853,82.44406782717803,81.37685463943433,81.57835388183594,211168800
2010-01-27,SPY,81.47384537580496,82.1529834073306,80.84695398716873,81.9664077758789,271863600
2010-01-28,SPY,82.23510508167075,82.27988142640515,80.53353565570345,81.02609252929688,316104000
2010-01-29,SPY,81.37684737541109,81.94403902366616,80.01857668442182,80.14544677734375,310677600
2010-02-01,SPY,80.71264448897995,81.39924166043562,80.2275465570765,81.39177703857422,187865000
2010-02-02,SPY,81.54101403250996,82.53359204587582,81.25741543397433,82.37686920166016,216327900
2010-02-03,SPY,82.00371948586739,82.45150555642059,81.72759119537419,81.9664077758789,172730700
2010-02-04,SPY,81.33206416060034,81.36937587627416,79.42152553160986,79.43645477294922,356715700
2010-02-05,SPY,79.52602739370192,79.76484407050012,78.04835098533769,79.60066223144531,493585800
2010-02-08,SPY,79.66035720125936,80.10067880257775,78.96629538759757,79.0260009765625,224166900
2010-02-09,SPY,79.95138450193477,80.71261623788105,79.30956389862169,80.0185546875,337820500
2010-02-10,SPY,79.8916997126225,80.30216274741119,79.19017341054803,79.86184692382812,240511500
2010-02-11,SPY,79.75735575544938,80.7872512270851,79.29464612358237,80.69769287109375,223591600
2010-02-12,SPY,79.84691132562222,80.67530764374328,79.48868927628364,80.63053131103516,304622100
2010-02-16,SPY,81.24250954191862,81.98134759485656,80.46635407774806,81.89925384521484,159317500
2010-02-17,SPY,82.29480481444592,82.39929244168408,81.89926525316969,82.28734588623047,168845100
2010-02-18,SPY,82.15300542039779,82.94408448769659,82.12315262810604,82.7724380493164,193708600
2010-02-19,SPY,82.55598647576628,83.26497158934262,82.36194622708281,82.94406127929688,222684900
2010-02-22,SPY,83.2500801603634,83.27246833349523,82.71274122984555,82.95902252197266,132346900
2010-02-23,SPY,82.7350892638567,82.98882936136611,81.73504102971562,81.95146942138672,207497000
2010-02-24,SPY,82.19778277234094,82.83960357990854,81.98881891756787,82.70526885986328,176350700
2010-02-25,SPY,81.5261096094435,82.65302833954398,81.30222220405906,82.59332275390625,259634700
2010-02-26,SPY,82.66797228312309,82.92918286126898,82.17541531469371,82.64558410644531,173589300
2010-03-01,SPY,82.98883364554732,83.58587790813988,82.9664454821214,83.5037841796875,147709700
2010-03-02,SPY,83.86203661420367,84.1381649696922,83.5859025648774,83.73516082763672,160992400
2010-03-03,SPY,83.95157755719298,84.30980530910497,83.60081442552665,83.80978393554688,150785000
2010-03-04,SPY,83.9217306428556,84.18294112520104,83.6082848966459,84.06352996826172,135770400
2010-03-05,SPY,84.60833898801774,85.33224782281854,84.40683407085149,85.26508331298828,176118800
2010-03-08,SPY,85.27254748130838,85.46658208234587,85.13074814730292,85.2800064086914,114631200
2010-03-09,SPY,85.02628200370545,85.81736118477113,84.98150565574738,85.42182159423828,154556700
2010-03-10,SPY,85.45911541525723,86.03376593278048,85.38448629132186,85.80241394042969,186088800
2010-03-11,SPY,85.60088718631454,86.18300786958818,85.33968247231492,86.16061401367188,160791100
2010-03-12,SPY,86.53377747163631,86.5487067110255,85.92927423461417,86.1680908203125,162074800
2010-03-15,SPY,86.01885953156359,86.25021157002952,85.52629696650133,86.19050598144531,146816800
2010-03-16,SPY,86.42931191851042,86.95918614031667,86.19049528764229,86.8770980834961,168673000
2010-03-17,SPY,87.13830388522342,87.67564273431114,86.88455800922638,87.39204406738281,177468100
2010-03-18,SPY,87.39947757537394,87.51888300275444,86.9964735820229,87.34723663330078,196509100
2010-03-19,SPY,86.9051742553711,87.89435078626913,86.56795147513841,86.9051742553711,226641100
2010-03-22,SPY,86.41055054676433,87.52712497836629,86.35809445192491,87.3697509765625,184477800
2010-03-23,SPY,87.49714213426971,88.05917412639091,87.21237559919918,87.98423767089844,182941600
2010-03-24,SPY,87.65452093807443,87.99923324858663,86.61288864490245,87.55709838867188,196072600
2010-03-25,SPY,88.14909627227749,88.55375999582914,87.30979881657197,87.41471099853516,223396300
2010-03-26,SPY,87.57957099743832,87.99172434739226,87.01753902426803,87.36225128173828,205808500
2010-03-29,SPY,87.80437865793093,88.07415445721718,87.44468140373912,87.91678619384766,134513500
2010-03-30,SPY,88.02167580381709,88.29894689235799,87.6095225674968,87.97671508789062,145772500
2010-03-31,SPY,87.63950798355548,88.06665201184715,87.38472292544101,87.6769790649414,161078700
2010-04-01,SPY,88.27649688720703,88.6137138071701,87.75193024613803,88.27649688720703,161215200
2010-04-05,SPY,88.61372721805722,89.0558563896893,88.36643172343955,88.99591064453125,105847600
2010-04-06,SPY,88.74109623007222,89.3630796239216,88.64367941742583,89.2057113647461,110384200
2010-04-07,SPY,89.02587903235741,89.44552780027927,88.28399260969971,88.69615173339844,184576300
2010-04-08,SPY,88.38887661280916,89.15324315893675,88.12659621650414,89.00336456298828,158704000
2010-04-09,SPY,89.19072419329923,89.6253636220025,89.02586628471147,89.58789825439453,133006500
2010-04-12,SPY,89.70030991678492,89.962596105244,89.59539772831548,89.73028564453125,110279000
2010-04-13,SPY,89.64036883071081,89.95510541245325,89.17575360245831,89.79773712158203,125043600
2010-04-14,SPY,90.12745657877848,90.81688690185548,89.98507901456685,90.81688690185548,161609000
2010-04-15,SPY,90.66696965787492,91.10160896150528,90.63699394204352,90.89178466796876,144615300
2010-04-16,SPY,90.56956702647037,90.8917988754224,88.98838350222701,89.44550323486328,366786700
2010-04-19,SPY,89.18324035561771,89.87266491115933,88.77857662502974,89.7827377319336,217947800
2010-04-20,SPY,90.3447565206894,90.6594987432898,89.8276910383229,90.58455657958984,157708000
2010-04-21,SPY,90.6370146066366,90.84684466529608,89.91761441451473,90.4197006225586,192910100
2010-04-22,SPY,89.7827242360484,90.80187591160316,89.26565875575861,90.68946838378906,115360300
2010-04-23,SPY,90.62954064104692,91.31896522975994,90.3972301795242,91.281494140625,177335500
2010-04-26,SPY,91.31145554154313,91.51379024346828,90.84684612596678,90.936767578125,143457300
2010-04-27,SPY,90.4122396469009,90.92930533699408,88.61373562397183,88.78609466552734,355853300
2010-04-28,SPY,89.2132052874171,89.68531005733676,88.62868726910311,89.46049499511719,300674100
2010-04-29,SPY,90.00004515937995,90.75691642521431,89.9775647969674,90.56957244873048,193775000
2010-04-30,SPY,90.58457147909884,90.68199402101924,89.01088297639131,89.03336334228516,270000900
2010-05-03,SPY,89.46050518019322,90.4346962710103,89.3256172709614,90.1874008178711,182747900
2010-05-04,SPY,89.18324774016305,89.19823274596551,87.6170487800206,88.0666732788086,360353400
2010-05-05,SPY,87.3472444246892,88.27647456511461,86.90511543176864,87.54208374023438,328973200
2010-05-06,SPY,87.12244940562235,87.6769860068774,78.68447462155663,84.634521484375,647356600
2010-05-07,SPY,84.40970898721909,85.25650177694041,81.98922780052807,83.37557220458984,637558800
2010-05-10,SPY,86.78523731086395,87.41471615707519,86.11080344909647,87.04752349853516,396159600
2010-05-11,SPY,86.23068935843342,87.9467609505171,86.11079218078325,86.80021667480469,317849800
2010-05-12,SPY,87.14494788312759,88.14161947431552,86.99506923184784,88.01422119140625,235607100
2010-05-13,SPY,87.7744007135651,88.18655976240574,86.84517616024262,86.92011260986328,234452500
2010-05-14,SPY,86.26813973164855,86.42550795550696,84.58204426808696,85.34640502929688,345601400
2010-05-17,SPY,85.57871663627525,85.8185166707662,83.75773315904318,85.39137268066406,325739800
2010-05-18,SPY,86.08831536096764,86.34310618147103,83.95259484143122,84.22986602783203,360556800
2010-05-19,SPY,83.7577566726913,84.50713270551135,82.70113943940345,83.7502670288086,394742700
2010-05-20,SPY,81.96674739335691,82.34893076618717,80.53544216144022,80.58789825439453,530418300
2010-05-21,SPY,79.36637409911118,81.96670267966664,78.95421522410324,81.76437377929688,500909400
2010-05-24,SPY,81.32227897016801,81.97423813208232,80.64034980021434,80.71528625488281,269823000
2010-05-25,SPY,78.76691354434186,80.83519295052858,78.21986653674242,80.79772186279297,396505200
2010-05-26,SPY,81.29229415453732,82.03417464000444,80.07080786852627,80.31060791015625,349719300
2010-05-27,SPY,81.82435743053354,83.03085310284087,81.51711056318167,83.0008773803711,300870500
2010-05-28,SPY,82.91097951833444,82.97093098446419,81.56959547943528,81.95927429199219,297933500
2010-06-01,SPY,81.19487894953474,82.39387926568824,80.46049375720268,80.58039093017578,277909400
2010-06-02,SPY,80.99256896313395,82.68615480556701,80.56542482166567,82.67866516113281,240243700
2010-06-03,SPY,82.91843344655189,83.22567455168702,82.1166015689232,82.96339416503906,226618300
2010-06-04,SPY,81.38975452761353,81.92930633944755,79.77859445541111,80.04837036132812,398475600
2010-06-07,SPY,80.33309067721358,80.64033752706307,78.99171290613083,79.0516586303711,264609100
2010-06-08,SPY,79.11162096179036,80.05583628527869,78.42219644121124,79.89846801757812,357774300
2010-06-09,SPY,80.36309773610394,81.1424496279823,79.13412129202668,79.47134399414062,268023300
2010-06-10,SPY,80.82767705689416,81.89178935776019,79.46381328214484,81.79437255859375,317890600
2010-06-11,SPY,81.0749977390268,82.24402256277956,81.02254164353239,82.19156646728516,214128200
2010-06-14,SPY,82.82102111350224,83.27065122277546,81.98172377306548,82.06415557861328,207196100
2010-06-15,SPY,82.64120960584218,84.0050741137077,82.49882629282365,83.93013763427734,238268700
2010-06-16,SPY,83.49547511645741,84.24485113951079,83.33061147662002,83.90013885498047,216374000
2010-06-17,SPY,84.13991581910807,84.17738689687206,83.21818676586477,84.03500366210938,263185800
2010-06-18,SPY,84.20140685472825,84.42728574410829,83.85505462875761,84.12611389160156,174006600
2010-06-21,SPY,85.17272180292493,85.23295274102975,83.41836719774238,83.88519287109375,213140700
2010-06-22,SPY,83.88519373905673,84.25413337089348,82.37931112561623,82.4997787475586,239355400
2010-06-23,SPY,82.55246967820403,82.84611627586636,81.67906090539651,82.24376678466797,254639900
2010-06-24,SPY,81.83718185075547,81.94259316046475,80.67012067892126,80.88094329833984,268523600
2010-06-25,SPY,81.1218939229481,81.6338942359033,80.39153994400608,81.21977996826172,238726500
2010-06-28,SPY,81.3402079537416,81.5585615133298,80.67009098391172,80.96373748779297,169218600
2010-06-29,SPY,79.82684958392147,80.94873647458479,77.96708903751765,78.46402740478516,373649500
2010-06-30,SPY,78.24566935611318,78.96849241490213,77.46260960630339,77.71861267089844,284101700
2010-07-01,SPY,77.66590007991343,77.92189737720406,76.14495536187977,77.37225341796875,382924800
2010-07-02,SPY,77.63577902063116,77.86918898875702,76.51389807593053,76.95059967041016,233385200
2010-07-06,SPY,78.03482505930042,78.58447465971044,76.70964694647175,77.45506286621094,256935300
2010-07-07,SPY,77.65079529035039,79.99244201951551,77.5679713292944,79.89456176757812,253769400
2010-07-08,SPY,80.56471493433281,80.77553756831425,79.74401171712137,80.68518829345703,210842100
2010-07-09,SPY,80.66259400522135,81.29506764204612,80.51200805308899,81.28753662109375,144999900
2010-07-12,SPY,81.01649071661286,81.49837273655137,80.67766939601093,81.34025573730469,131283600
2010-07-13,SPY,82.18356415255512,82.89132524147932,82.0179161069066,82.56756591796875,213025900
2010-07-14,SPY,82.30400979406868,82.88377779880337,81.96518851456428,82.56001281738281,184426800
2010-07-15,SPY,82.52989779244974,82.86871908556662,81.44566046329756,82.58260345458984,232337900
2010-07-16,SPY,82.13834972481105,82.2287047334973,80.15058548959571,80.30870819091797,282693400
2010-07-19,SPY,80.60236150794682,81.0390630584561,79.97741890419387,80.78306579589844,186709000
2010-07-20,SPY,79.71389983821068,81.73930808839543,79.67625047431137,81.6790771484375,258162400
2010-07-21,SPY,82.10072704731827,82.12331436912794,80.2861356021186,80.617431640625,264527000
2010-07-22,SPY,81.57364261352623,82.77835306653921,81.56611733794665,82.41693878173828,274781300
2010-07-23,SPY,82.25130982644482,83.25272318066551,82.01789985083192,83.13225555419922,222020800
2010-07-26,SPY,83.27533808424556,84.08098534975954,83.04192803132204,83.99816131591797,184445700
2010-07-27,SPY,84.45742049475244,84.54777551475821,83.65930459040229,83.9906005859375,204855600
2010-07-28,SPY,83.81741063338231,84.07341361776108,83.16988076902365,83.44847106933594,163056200
2010-07-29,SPY,83.96798440318905,84.19386901876642,82.37928405303661,83.0418701171875,220149100
2010-07-30,SPY,82.19858321326721,83.47105558333703,82.05552830232853,83.02681732177734,220070600
2010-08-02,SPY,84.32188912408287,85.03718675950473,83.98306785879441,84.90165710449219,188263200
2010-08-03,SPY,84.69081481129257,84.9091626683286,84.21645825663308,84.49504852294922,146657300
2010-08-04,SPY,84.72848790834749,85.16519526338548,84.44990328955394,85.05978393554688,158171700
2010-08-05,SPY,84.51764259480547,85.0145865023816,84.38964398024251,84.96940612792969,140473800
2010-08-06,SPY,84.13365678365392,84.75859942298433,83.51624516555856,84.6230697631836,239728300
2010-08-09,SPY,85.02211581987247,85.217882133178,84.57035226527033,85.07482147216797,120800400
2010-08-10,SPY,84.35202646116258,85.06732425768318,83.85508811052044,84.61555480957031,242916300
2010-08-11,SPY,83.3129555009676,83.34307384212775,82.16095623790133,82.2964859008789,273406900
2010-08-12,SPY,81.05415090612713,82.08567705006757,81.01650153459441,81.79203033447266,239542600
2010-08-13,SPY,81.5360377523759,82.04050719124646,81.45321372575681,81.55109405517578,158698500
2010-08-16,SPY,80.99390397361091,81.77696369773157,80.70025729512652,81.51343536376953,147895300
2010-08-17,SPY,82.21366723020378,83.11719454565544,81.98025150719762,82.51483917236328,172270300
2010-08-18,SPY,82.4772080557798,83.10967612358385,82.00285700492675,82.66544342041016,182922100
2010-08-19,SPY,82.23623139699366,82.43952297516122,80.88846608070621,81.22728729248047,265847600
2010-08-20,SPY,80.98632479663254,81.27244602722288,80.37644448003047,80.96373748779297,209714200
2010-08-23,SPY,81.3477796987179,81.74683767329661,80.6174257100046,80.65507507324219,163490300
2010-08-24,SPY,79.77414265405163,80.10543872332873,79.0362632654637,79.4579086303711,280677800
2010-08-25,SPY,79.02117043820445,80.06775816447737,78.52423227235182,79.76658630371094,272234800
2010-08-26,SPY,80.14304495515172,80.24845623964003,78.96845304380675,79.23198699951172,224439500
2010-08-27,SPY,79.7289432962537,80.54212117182584,78.53929482026692,80.45929718017578,272649000
2010-08-30,SPY,80.24846715239018,80.49693910439483,79.28470342344666,79.29222869873047,167238600
2010-08-31,SPY,78.99858211708315,79.79670362250852,78.67481720084571,79.29222869873047,273933100
2010-09-01,SPY,80.36140139669791,81.7769285132985,80.30869575258205,81.66398620605469,256828100
2010-09-02,SPY,81.85979343750252,82.43955581279012,81.68661438050182,82.42449951171875,156112200
2010-09-03,SPY,83.23013166806535,83.56895295395485,82.78589331565797,83.49365997314453,212197300
2010-09-07,SPY,83.10213227444706,83.20754359552512,82.48472064621008,82.55248260498047,141973700
2010-09-08,SPY,82.71813552215713,83.4635458353464,82.68048615761276,83.13225555419922,149924400
2010-09-09,SPY,84.06589262701742,84.0884799456457,83.29036405018834,83.51624298095703,147017900
2010-09-10,SPY,83.66683740716682,84.03577702725809,83.47860208647938,83.93789672851562,127819000
2010-09-13,SPY,84.76614018221558,85.04472481057005,84.42731312154599,84.87155151367188,178503500
2010-09-14,SPY,84.70589768105013,85.30072200743764,84.38966370838426,84.81884002685547,209823600
2010-09-15,SPY,84.57037161211477,85.24048894937997,84.31437431225461,85.14260864257812,168608400
2010-09-16,SPY,84.87906940641926,85.17271603355205,84.59294805573595,85.12001037597656,199962900
2010-09-17,SPY,85.56813142079726,85.65139881823796,84.91713491820947,85.15179443359375,195836900
2010-09-20,SPY,85.4470219499996,86.6430394413544,85.17451148930509,86.45379638671875,214555200
2010-09-21,SPY,86.52191682486767,86.93067669312082,85.92390814875351,86.2796859741211,268389100
2010-09-22,SPY,86.14343467398515,86.62789639749228,85.61355069342221,85.85578155517578,191322400
2010-09-23,SPY,85.15179908348092,86.0450264886984,84.91713955528259,85.15937042236328,202354300
2010-09-24,SPY,86.10561286091864,86.97613229983551,86.02991677389136,86.91557312011719,209671800
2010-09-27,SPY,86.94584612871733,87.04425045688008,86.4159677843936,86.49922943115234,128761800
2010-09-28,SPY,86.6127817388682,87.08210671200722,85.67413756783128,86.8020248413086,209207500
2010-09-29,SPY,86.5824966205771,86.98369682333403,86.30998610844524,86.65062713623047,179665800
2010-09-30,SPY,87.08963767743708,87.64979538389775,85.98445338934873,86.39321899414062,287106700
2010-10-01,SPY,87.04423917863183,87.14264926928448,86.24185042540905,86.756591796875,174638700
2010-10-04,SPY,86.57493102209192,86.93827452130186,85.67413206426427,86.10560607910156,166153200
2010-10-05,SPY,86.9004139778622,88.05100922190483,86.8020038921895,87.83905792236328,229634100
2010-10-06,SPY,87.8239258521304,88.05859119803124,87.47571927864583,87.83149719238281,148626600
2010-10-07,SPY,88.18727082685152,88.20997907126636,87.19563898580242,87.72551727294922,164860000
2010-10-08,SPY,87.84662977928097,88.45977543874443,87.51356014933054,88.21754455566406,177760100
2010-10-11,SPY,88.35379959265835,88.54304265012198,87.99802172058835,88.30081176757812,103098300
2010-10-12,SPY,88.01316247804611,88.83069390814504,87.54384337113899,88.57332611083984,182210000
2010-10-13,SPY,89.06536786439997,89.73907278171214,88.85341075902619,89.26217651367188,194347200
2010-10-14,SPY,89.17890246082932,89.330300381977,88.35380544772512,88.9139633178711,217764300
2010-10-15,SPY,89.53467976602185,89.58766759426406,88.38408444908819,89.09563446044922,243705000
2010-10-18,SPY,89.12589470650407,89.82987900054165,88.8003964678579,89.53466033935547,141204800
2010-10-19,SPY,88.7096034241521,89.20920223893087,87.82394126686543,88.36139678955078,280604700
2010-10-20,SPY,88.52032747893857,89.65578573485008,88.4673396580056,89.22431182861328,200051800
2010-10-21,SPY,89.6255207021024,90.14782765743452,88.72472182479413,89.42113494873047,221585500
2010-10-22,SPY,89.55741266837535,89.72394753877207,89.32275304658455,89.58769226074219,108212400
2010-10-25,SPY,90.1856620644636,90.65498687954452,89.7844677464418,89.85259246826172,151145700
2010-10-26,SPY,89.39842717170082,89.95858505473339,89.22432677742597,89.86775207519531,158982900
2010-10-27,SPY,89.23945206091753,89.70877690329344,88.76256165472553,89.61036682128906,190024000
2010-10-28,SPY,90.12511749878512,90.16296842275102,89.19404483172156,89.62551879882812,168576000
2010-10-29,SPY,89.53470102830471,89.86777075648878,89.37573750582818,89.69366455078125,144305500
2010-11-01,SPY,90.13266545809736,90.64740670421224,89.20915859519371,89.7238998413086,174074800
2010-11-02,SPY,90.3976044081699,90.64740658062892,90.15537357357776,90.43545532226562,158345900
2010-11-03,SPY,90.5944405260188,90.85180832292347,89.66336210287056,90.79882049560548,226702800
2010-11-04,SPY,91.80558143881876,92.59283316794055,90.813949770278,92.54741668701172,215039400
2010-11-05,SPY,92.60797674887938,93.0470220136534,92.4868641992546,92.8956298828125,180654100
2010-11-08,SPY,92.60799534984126,92.87294029488824,92.30521102734316,92.72154235839844,156107100
2010-11-09,SPY,92.9713404808974,93.06974480380192,91.6844898418791,92.05540466308594,186621600
2010-11-10,SPY,92.03269985544875,92.4717452052526,91.3362866783231,92.42632293701172,221387400
2010-11-11,SPY,91.63147608094702,92.2143420636218,91.35139432160317,92.07808685302734,158017600
2010-11-12,SPY,91.4573771918469,91.8585715172219,90.57172114052028,90.98805236816406,239068800
2010-11-15,SPY,91.27574269014993,91.63152067848551,90.82156035886176,90.85940551757812,163940800
2010-11-16,SPY,90.29923195859146,90.45062411788166,89.01237550366201,89.44385528564453,299566200
2010-11-17,SPY,89.48167121564681,89.86015726551008,89.21673213579027,89.48924255371094,172308900
2010-11-18,SPY,90.35222185031088,91.13190246137572,90.34465050960166,90.80640411376952,197723700
2010-11-19,SPY,90.76097178222808,91.09403563718313,90.26893867632386,91.05619049072266,156852900
2010-11-22,SPY,90.6020131313792,91.01834441605396,89.90559425159066,90.98049926757812,181361000
2010-11-23,SPY,89.90557618439368,90.09481921446336,89.31513885461455,89.66334533691406,222309000
2010-11-24,SPY,90.23108019945974,91.01076638442622,90.21594329719096,90.98805236816406,140046100
2010-11-26,SPY,90.200801749519,90.69282901364562,89.92829132080078,89.92829132080078,76007800
2010-11-29,SPY,89.70122402606134,90.44305947472456,89.1259234194597,90.2008285522461,223642300
2010-11-30,SPY,89.30761275701317,90.20840605104684,89.17892305051564,89.69366455078125,233930700
2010-12-01,SPY,90.98806769018066,91.77531957123186,90.98050212539192,91.6012191772461,221037200
2010-12-02,SPY,91.74502302078946,92.84263611241636,91.69203520086536,92.77450561523438,191213600
2010-12-03,SPY,92.4566008857556,93.1303058044431,92.43389263965793,93.02433013916016,151288900
2010-12-06,SPY,92.82750848668634,93.13786989316488,92.72910416951127,92.92591857910156,103050500
2010-12-07,SPY,93.81915979722534,93.8721476334776,92.9259321466579,92.97891998291016,206581000
2010-12-08,SPY,93.09243087937983,93.3952150974984,92.66095701579826,93.31951904296876,138019200
2010-12-09,SPY,93.84187061760706,93.8797157729728,93.2211534722456,93.6829071044922,123705100
2010-12-10,SPY,93.97052410480832,94.3187306076934,93.66016852027045,94.22789764404295,117571700
2010-12-13,SPY,94.6593879906974,94.7729292149841,94.25818782233668,94.28846740722656,133812700
2010-12-14,SPY,94.43227852020954,94.79562770411806,94.0840720138852,94.37171936035156,147249600
2010-12-15,SPY,94.19763542749564,94.5685502396626,93.7812983498916,93.94026184082033,160823100
2010-12-16,SPY,94.00079831384454,94.55339050385022,93.67530007046892,94.48526000976562,185035200
2010-12-17,SPY,94.41908379633009,94.708243950935,94.22123431917262,94.58649444580078,141075300
2010-12-20,SPY,94.8452123861702,95.04306185626324,94.34298626130337,94.81477355957033,119085500
2010-12-21,SPY,95.1115340171907,95.47679408912954,95.02022335341492,95.4159164428711,94965500
2010-12-22,SPY,95.4844250072358,95.74314634895993,95.4311585071389,95.71270751953124,78878100
2010-12-23,SPY,95.60616819753317,95.71270119068264,95.3398357146594,95.5757293701172,70053700
2010-12-27,SPY,95.21807062111424,95.70508019850278,95.14958762067468,95.61376953125,58126000
2010-12-28,SPY,95.80399890801657,95.84204308062534,95.4996164990884,95.750732421875,55309100
2010-12-29,SPY,95.8648826344664,96.03228745466934,95.8040049876952,95.81922149658205,58033100
2010-12-30,SPY,95.7278927109308,95.9790027965065,95.52243214337422,95.6670150756836,76616900
2010-12-31,SPY,95.52246209508212,95.78118922320292,95.3702737648553,95.68987274169922,91218900
2011-01-03,SPY,96.420350119753,97.09759779851797,95.65178599457992,96.6790771484375,138725200
2011-01-04,SPY,96.8921563896176,96.9225952092773,96.0246703489558,96.62582397460938,137409700
2011-01-05,SPY,96.32146603985396,97.18895230077244,96.23014955768944,97.1280746459961,133975300
2011-01-06,SPY,97.16610869974384,97.27264167532836,96.648660330214,96.93782043457033,122519000
2011-01-07,SPY,97.06718040648424,97.22697986875954,95.99423950103233,96.7475814819336,156034600
2011-01-10,SPY,96.32144158362372,96.76279576027235,96.03227569966228,96.62582397460938,122401700
2011-01-11,SPY,96.9758957659256,97.20417828516622,96.60302444829,96.9682846069336,110287000
2011-01-12,SPY,97.56183476327682,97.94991679432412,96.9911139413562,97.8433837890625,107929200
2011-01-13,SPY,97.8814185050523,97.92707384143624,97.4400642346324,97.68356323242188,129048400
2011-01-14,SPY,97.54659966185218,98.41408590850877,97.47811665556422,98.3912582397461,117677900
2011-01-18,SPY,98.299914281452,98.64995781068124,98.1857759628026,98.55864715576172,114401300
2011-01-19,SPY,98.47493240471066,98.57384840097664,97.33350288282652,97.59222412109376,151958400
2011-01-20,SPY,97.37154365883173,97.70635902577446,96.73995128537368,97.46286010742188,175745700
2011-01-21,SPY,98.07165681413544,98.29232814373292,97.57703024378432,97.68356323242188,151462900
2011-01-24,SPY,97.62267762362087,98.35319777989947,97.59984995728942,98.2390594482422,113715500
2011-01-25,SPY,97.9803418732812,98.3760408369728,97.48572687708608,98.2923355102539,167552200
2011-01-26,SPY,98.53586263197208,98.96199468979138,98.33800731139333,98.6728286743164,141281500
2011-01-27,SPY,98.69563784784478,99.08373145086216,98.520621845024,98.91632080078124,123302700
2011-01-28,SPY,99.03042395257629,99.19022919312256,97.02911963244726,97.1889190673828,295637300
2011-01-31,SPY,97.4552861564236,97.99555644974907,97.21177554839387,97.9194564819336,149249200
2011-02-01,SPY,98.51299570892228,99.66203073640531,98.45211806617029,99.4870147705078,167194300
2011-02-02,SPY,99.22831933388406,99.563140689767,99.1750586333904,99.29681396484376,118323600
2011-02-03,SPY,99.12175714953447,99.66964436860049,98.5967092082183,99.5174560546875,145886700
2011-02-04,SPY,99.55551984606974,99.83706884642577,99.09894322977152,99.79901885986328,134634800
2011-02-07,SPY,100.01971504297632,100.75022379219376,100.01209807792108,100.42301940917967,112439100
2011-02-08,SPY,100.5143117176837,100.93283832622902,100.24036808401992,100.87957763671876,99072800
2011-02-09,SPY,100.6056431817108,100.92524218160597,100.1490665468742,100.65129852294922,146436700
2011-02-10,SPY,100.14143624448026,100.8034617499526,99.91314798393776,100.68932342529295,162708500
2011-02-11,SPY,100.29363472677257,101.4198422188672,100.27080705952382,101.2904815673828,137710300
2011-02-14,SPY,101.22961228999648,101.6176942765466,101.11547394431274,101.53398895263672,101690700
2011-02-15,SPY,101.2219953199219,101.37418363377508,100.68933041582372,101.2143783569336,119575400
2011-02-16,SPY,101.55683584548588,101.97535088518087,101.35137519662884,101.85360717773438,130183500
2011-02-17,SPY,101.55677319057304,102.2948867779891,101.46545095229608,102.15792083740234,109810500
2011-02-18,SPY,102.24927741656886,102.49278801311864,102.01338378317648,102.37103271484376,130002400
2011-02-22,SPY,101.2980764502864,102.39385080987648,100.04250843646966,100.3164520263672,233116400
2011-02-23,SPY,100.25558874094264,100.49909934960272,99.08372586763451,99.7000961303711,227584000
2011-02-24,SPY,99.59353054835871,100.01966236283069,98.69559998681754,99.6315689086914,260431400
2011-02-25,SPY,100.05014544277309,100.75783811192645,99.9892677800654,100.69696044921876,141686900
2011-02-28,SPY,101.06978804939702,101.45026456827976,100.7349668549847,101.32089233398438,141585500
2011-03-01,SPY,101.64049593900972,101.73180658176196,99.60113589818104,99.6315689086914,258565500
2011-03-02,SPY,99.49462197779528,100.3088474021671,99.19024536958008,99.84466552734376,200277400
2011-03-03,SPY,100.75021226193223,101.6785762167052,100.7426069089746,101.56443786621094,176480100
2011-03-04,SPY,101.48832768279598,101.68618295205118,100.14144883754564,100.80347442626952,277202300
2011-03-07,SPY,101.10023877463463,101.32852704820452,99.48702176752876,100.01206970214844,216790400
2011-03-08,SPY,100.17187864883792,101.20677546389516,99.7381413632579,100.88717651367188,174615000
2011-03-09,SPY,100.68936929951708,101.05462371606158,100.14148186908606,100.7426300048828,153806000
2011-03-10,SPY,99.68488164515908,99.82184766487087,98.77934536631147,98.8782730102539,301291800
2011-03-11,SPY,98.55865064878648,99.9207516149084,98.53582298424756,99.56310272216795,225621800
2011-03-14,SPY,98.9163273851216,99.2891870850275,98.2086347515402,98.96198272705078,234974100
2011-03-15,SPY,96.32906154543504,98.41407746629284,96.26057854502174,97.82814025878906,359585400
2011-03-16,SPY,97.51615525414744,97.83576584001182,95.332223121834,96.01708221435548,468670300
2011-03-17,SPY,97.40202410196476,97.6987954297014,96.7171649588752,97.28787994384766,254303700
2011-03-18,SPY,98.4671265489948,98.49770343946236,97.45066651261878,97.64173126220705,230435400
2011-03-21,SPY,98.85687728812437,99.3612792171541,98.74223147478676,99.15493774414062,153992600
2011-03-22,SPY,99.13968788048976,99.26961052349698,98.71934305801466,98.81105041503906,129538600
2011-03-23,SPY,98.53589364591028,99.35365626042233,98.06970691557926,99.09381103515624,148603100
2011-03-24,SPY,99.65936678510025,100.18670734958911,99.10146099240424,100.04149627685548,159129800
2011-03-25,SPY,100.30132193928898,100.78279701893516,100.03382671374769,100.34717559814452,155642800
2011-03-28,SPY,100.56116764133724,100.82101281732348,100.07204250820776,100.10260772705078,109762400
2011-03-29,SPY,100.0185943684736,100.80578038475085,99.68996852125883,100.77521514892578,129798800
2011-03-30,SPY,101.30253469132008,101.76873315657198,101.15732361271697,101.47067260742188,135835000
2011-03-31,SPY,101.34074178883289,101.61587547826107,101.22609594893255,101.33309173583984,132537100
2011-04-01,SPY,101.95973916782306,102.234872720961,101.516467795453,101.76102447509766,153850100
2011-04-04,SPY,101.97506116561688,102.15848750293942,101.55472809279264,101.84513854980467,100768900
2011-04-05,SPY,101.64639246579571,102.28072849486875,101.60053881626332,101.82981872558594,120791500
2011-04-06,SPY,102.31899392322954,102.41070126725803,101.7381496466055,102.1508560180664,120411600
2011-04-07,SPY,101.9674024606206,102.39538550077766,101.38657000064508,101.89098358154295,170731500
2011-04-08,SPY,102.34194895362836,102.40309108704696,101.1191296085952,101.53947448730467,147945400
2011-04-11,SPY,101.64641346478057,101.99032756898292,100.98915047515833,101.23371887207033,121385400
2011-04-12,SPY,100.6681765286666,100.86687963121813,100.11027083413244,100.47711181640624,161187400
2011-04-13,SPY,100.94331921897404,101.0197381137218,100.08735296313948,100.469482421875,162059000
2011-04-14,SPY,99.88863532082895,100.69874788428426,99.56000959332609,100.5458984375,161220400
2011-04-15,SPY,100.72931270644932,101.16493416069402,100.4312522393354,100.91272735595705,170006700
2011-04-18,SPY,99.80456593295374,100.90510060358106,98.97916492998324,99.7816390991211,210759300
2011-04-19,SPY,99.934498375261,100.38542002887644,99.68994156976872,100.35484313964844,124258800
2011-04-20,SPY,101.55471673925923,101.94448454312092,101.4859245819131,101.7228546142578,156133800
2011-04-21,SPY,102.25020736159244,102.28842264425572,101.72287844284016,102.24256896972656,135935400
2011-04-25,SPY,102.16613193862185,102.30370461516974,101.79929090393786,102.13556671142578,65757100
2011-04-26,SPY,102.44891354879462,103.2208108823265,102.34191776333806,103.01445770263672,146600000
2011-04-27,SPY,103.21313692256918,103.83982297523204,102.79279231682226,103.68697357177734,143031000
2011-04-28,SPY,103.5035903595103,104.16085356335506,103.4883135759714,104.0232925415039,124791100
2011-04-29,SPY,104.06149601505244,104.37484496704448,103.92392334714586,104.26783752441406,115094100
2011-05-02,SPY,104.75695493980815,104.84101220910136,103.90097718961538,104.10733032226562,126278700
2011-05-03,SPY,103.90865233539527,104.0844286292416,103.20552383667774,103.7328643798828,138375000
2011-05-04,SPY,103.6870110394045,103.73286471084408,102.5864762781898,103.04503631591795,182678500
2011-05-05,SPY,102.47185068217074,103.1367522970662,101.66173798777692,102.1126480102539,226900000
2011-05-06,SPY,103.12910102878206,103.65644155199564,102.16612732146486,102.56354522705078,222787200
2011-05-09,SPY,102.55591170173722,103.2590285454925,102.39541218901428,102.96096801757812,114104500
2011-05-10,SPY,103.30488767031132,104.02329299645416,103.1749650396614,103.8398666381836,114806900
2011-05-11,SPY,103.68702943483925,103.7023178819202,102.27315711405925,102.74699401855467,193564200
2011-05-12,SPY,102.47182515564404,103.45007552348652,101.94448469795344,103.236083984375,171550700
2011-05-13,SPY,103.28958147310372,103.43479252406944,102.07441267028248,102.44125366210938,157444900
2011-05-16,SPY,102.07442858801328,102.87690285787713,101.62351858381994,101.79165649414062,141675400
2011-05-17,SPY,101.40951853967732,101.9139322285571,100.9738853551905,101.77635955810548,192686200
2011-05-18,SPY,101.8298629022224,102.79282494514456,101.6082212844473,102.68582916259766,135217900
2011-05-19,SPY,103.02210077169464,103.19787705124332,102.36483765939828,102.93038177490234,119489500
2011-05-20,SPY,102.66291543694918,102.9303990966387,101.92158325547548,102.1126480102539,182594900
2011-05-23,SPY,100.8668593088043,101.43241494134736,100.56879888419724,100.9280014038086,168700000
2011-05-24,SPY,101.2184393820198,101.44006930736366,100.65288366039918,100.8439483642578,147199600
2011-05-25,SPY,100.43890473939577,101.60058155002028,100.4083395140718,101.18023681640624,151050100
2011-05-26,SPY,100.90512164447568,101.82988022799653,100.7140568815858,101.64645385742188,164850000
2011-05-27,SPY,101.92920569758424,102.31133514734547,101.61586841164566,102.03620147705078,120921900
2011-05-31,SPY,102.99918026903738,103.11381444499256,102.28841339311752,103.09852600097656,164731200
2011-06-01,SPY,102.80049589830188,103.11384495418056,100.69878319838824,100.78285217285156,233094300
2011-06-02,SPY,100.85163790733388,101.0656295265172,100.08737879263091,100.67584991455078,200466800
2011-06-03,SPY,99.46832175607464,100.43893412279677,99.41482968069222,99.67467498779295,234690200
2011-06-06,SPY,99.42244647879026,99.62879966568764,98.49004960367338,98.6199722290039,179951200
2011-06-07,SPY,99.1243897151118,99.40717347432478,98.47477656376704,98.55884552001952,161660500
2011-06-08,SPY,98.40596336909094,98.7346007321152,97.96269184551424,98.1461181640625,198696400
2011-06-09,SPY,98.4136358383256,99.30016742575567,98.17671741144052,98.89511108398438,160964400
2011-06-10,SPY,98.47477690840294,98.5359073661943,97.25960206521286,97.51944732666016,238629400
2011-06-13,SPY,97.74107440531832,98.0085696963442,97.09909970085516,97.59586334228516,207599800
2011-06-14,SPY,98.49003567008786,99.1778756418802,98.45183205637557,98.8339614868164,160570400
2011-06-15,SPY,98.00857458285006,98.81868722577734,96.81632662380945,97.076171875,300958000
2011-06-16,SPY,97.10675002706807,97.80222853988184,96.54119998017394,97.29017639160156,308032800
2011-06-17,SPY,98.25637016915935,98.2640522890499,97.25022927389762,97.58049011230467,233284900
2011-06-20,SPY,97.25023222208834,98.28709576860476,97.2195096013353,98.07971954345705,159479000
2011-06-21,SPY,98.58665847563611,99.61584015757802,98.11814864736635,99.423828125,193157300
2011-06-22,SPY,99.1165918953909,99.70030412782366,98.76328467610143,98.8247299194336,176703000
2011-06-23,SPY,97.6649911973244,98.801699010626,96.91998366387784,98.54056549072266,334286500
2011-06-24,SPY,98.5174805785748,98.59427831596676,97.25020071683012,97.39612579345705,226129300
2011-06-27,SPY,97.45759311325068,98.6403816686844,97.26558114701606,98.26404571533205,168904700
2011-06-28,SPY,98.65575349005054,99.5620561344654,98.51751048908694,99.54669189453124,165556300
2011-06-29,SPY,99.9998351345936,100.56050682517652,99.56205392179024,100.39922332763672,244295500
2011-06-30,SPY,100.72180985812672,101.52057458671544,100.39155485788272,101.35929107666016,223322700
2011-07-01,SPY,101.4514276492555,102.99521117537486,101.21333471444558,102.8569564819336,202385700
2011-07-05,SPY,102.74946621014588,102.97988296684196,102.44992794228592,102.7725067138672,165936000
2011-07-06,SPY,102.52673360632276,103.02596012762214,102.23487161077271,102.89539337158205,143331600
2011-07-07,SPY,103.80936729696504,104.2241080476252,103.5943148011439,103.96297454833984,170464200
2011-07-08,SPY,102.787850510758,103.96296284473628,102.44990756408802,103.2256317138672,194100500
2011-07-11,SPY,101.95836755297218,102.28862255321616,101.12119808216204,101.35929107666016,195918600
2011-07-12,SPY,101.14421870089365,101.9813880071349,100.89076151543462,100.92147827148438,214675700
2011-07-13,SPY,101.45144190210544,102.31933975884012,101.0136607035756,101.25942993164062,204062600
2011-07-14,SPY,101.51289236961898,101.98140207047308,100.3684967476688,100.56050872802734,226111800
2011-07-15,SPY,101.12117794797534,101.28246142591756,100.43761586267266,101.14421844482422,220012800
2011-07-18,SPY,100.6757112017184,100.82931842418706,99.56204418947078,100.31472778320312,196872100
2011-07-19,SPY,100.8754146151774,102.06589127773653,100.8523741143102,101.94300079345705,166554900
2011-07-20,SPY,102.20411348077911,102.26554698388892,101.70487544205828,101.88152313232422,137145400
2011-07-21,SPY,102.45757300989312,103.54821121157116,101.89690139090278,103.29475402832033,245246300
2011-07-22,SPY,103.3178029749862,103.47141020541888,102.73407909206938,103.36388397216795,126019400
2011-07-25,SPY,102.38076218893846,103.2947408398659,102.2732359782104,102.78782653808594,136653800
2011-07-26,SPY,102.7187262917271,102.88769776058504,102.17340714778,102.40382385253906,131278200
2011-07-27,SPY,101.83546031375006,101.86618879026511,100.1764741663356,100.30705261230467,249020100
2011-07-28,SPY,100.30704440071732,101.20565889379886,99.85388730531736,100.0151824951172,207939900
2011-07-29,SPY,99.009048211023,100.2686461787754,98.287081378382,99.33162689208984,307038400
2011-08-01,SPY,100.49135603949664,100.58352973070916,97.94912008366926,98.9091796875,325790900
2011-08-02,SPY,98.16420278830414,98.69415772826552,96.38233184814452,96.38233184814452,346653800
2011-08-03,SPY,96.5129170382527,97.01214356362708,94.87697100486942,96.90461730957033,370830800
2011-08-04,SPY,95.56051652587946,95.7141296188531,92.2118272756787,92.36544036865234,520721800
2011-08-05,SPY,93.51753195340191,93.75562497313456,89.75409534672872,92.22721099853516,655619200
2011-08-08,SPY,89.79247778454416,92.25791070261988,86.03671837243502,86.22105407714844,702263900
2011-08-09,SPY,87.61122421910501,90.35315500337916,84.6926398385359,90.2302703857422,717828700
2011-08-10,SPY,88.52519009777735,89.30859626689944,85.98294792303784,86.24408721923828,662607400
2011-08-11,SPY,86.98908217677814,91.3362290134686,86.26711547997809,90.1150360107422,487979700
2011-08-12,SPY,90.93686948383474,91.55898638686506,90.07665375516176,90.72181701660156,313731600
2011-08-15,SPY,91.5436285547206,92.73409925108706,91.39769758262304,92.64193725585938,258810600
2011-08-16,SPY,91.7586757176208,92.69569501319104,90.86773741699992,91.85083770751952,294095200
2011-08-17,SPY,92.35777700975927,93.0874203054408,91.18266444357629,91.9123077392578,238201100
2011-08-18,SPY,89.47759452543815,91.94302797185422,87.08896470924157,87.94918060302734,512956300
2011-08-19,SPY,86.75869931410287,89.0013980144438,86.40539794567172,86.51292419433594,428281300
2011-08-22,SPY,88.45607949028289,88.50216635112258,86.33627140336,86.58204650878906,275090600
2011-08-23,SPY,86.90462489027017,89.53134741779596,86.4668378023492,89.43150329589844,331136600
2011-08-24,SPY,89.239483446524,90.81397805634806,89.032107241201,90.69109344482422,246869700
2011-08-25,SPY,91.1903454627538,91.7049362381104,88.99372762136791,89.30862426757812,312365400
2011-08-26,SPY,88.85542744683896,91.02132141343704,87.44221683601019,90.60657501220705,314495900
2011-08-29,SPY,91.82780050596337,93.26405211741545,90.67572871295884,93.21028900146484,190977200
2011-08-30,SPY,92.80321524237738,94.03209052609166,91.59738045464842,93.4560546875,241315700
2011-08-31,SPY,94.05513366581128,94.86158620640346,93.16420125747813,93.8708038330078,301828400
2011-09-01,SPY,93.92456630145104,94.77709982946725,92.76481248104118,92.88770294189452,254585900
2011-09-02,SPY,90.95222950569058,92.83395034744652,90.1918637371719,90.51444244384766,255517200
2011-09-06,SPY,87.85698920385462,89.98448493563846,87.84930708496745,89.85391235351562,285130500
2011-09-07,SPY,91.2133688091894,92.42688001868812,90.9061484820764,92.38848114013672,209803200
2011-09-08,SPY,91.83547013566104,92.8876976730084,91.22102958572668,91.42840576171876,250568200
2011-09-09,SPY,90.38389357134552,91.44379775691844,88.54057710360613,89.0321273803711,380195100
2011-09-12,SPY,87.91845112481123,89.67728166050227,87.59587238719303,89.608154296875,305793500
2011-09-13,SPY,89.90002065275893,90.76791278237224,89.2625394070673,90.42996978759766,272514700
2011-09-14,SPY,90.89082071899104,92.7802244380786,89.64658639147328,91.68191528320312,319389500
2011-09-15,SPY,92.66498452242662,93.29478359468756,91.70492460375196,93.2640609741211,326777200
2011-09-16,SPY,93.6384707965594,94.16344555323536,92.88960914026596,93.81603240966795,284528300
2011-09-19,SPY,92.27972119568338,93.3605523828415,91.65438571806634,92.88189697265624,241517000
2011-09-20,SPY,93.27562643437938,94.17889006963102,92.65029097767528,92.77381134033205,218932200
2011-09-21,SPY,92.8201372105706,93.10578136415702,89.8941753442712,90.04085540771484,316251300
2011-09-22,SPY,87.43147440245536,88.17261467071542,85.92603415287388,87.13038635253906,513911300
2011-09-23,SPY,86.55134333265757,88.13398999218585,86.48185832479575,87.65533447265625,307242500
2011-09-26,SPY,88.48136113213155,89.86327995762815,87.22296854111859,89.73975372314453,260673700
2011-09-27,SPY,91.50769245485452,92.30287352711854,90.20297444887434,90.74339294433594,311753900
2011-09-28,SPY,90.92868484964926,91.47681936879226,88.75930647401823,88.89054870605469,286696800
2011-09-29,SPY,90.36510764626608,90.81287558390598,87.95639874664424,89.59308624267578,298108900
2011-09-30,SPY,88.35784947419278,89.12987089691201,87.29246203126041,87.3542251586914,288392300
2011-10-03,SPY,86.84469744775615,87.97184813824315,84.77567957876528,84.86832427978516,365136800
2011-10-04,SPY,83.64851071987863,86.91416356833801,82.93825250316374,86.72887420654297,459177500
2011-10-05,SPY,86.94504379803857,88.56628740357394,86.1421409127137,88.33467864990234,284108000
2011-10-06,SPY,88.288351360747,90.06400260664253,87.63213447076117,89.93275451660156,257800800
2011-10-07,SPY,90.45776293046907,90.51952606762568,88.82879700081939,89.33061218261719,312657900
2011-10-10,SPY,90.85147937726666,92.35691876432932,90.8437575139839,92.31832122802734,230666300
2011-10-11,SPY,91.77018406395642,92.67344766989328,91.67753937742864,92.41095733642578,209088000
2011-10-12,SPY,93.10580660143094,94.29472060824068,92.89736335474409,93.22161102294922,281544900
2011-10-13,SPY,92.67344965839648,93.31422883467084,91.96319138327728,93.03630065917967,212538800
2011-10-14,SPY,94.11711696781153,94.64980764518432,93.5921422623906,94.62664794921876,211397600
2011-10-17,SPY,94.17890595135002,94.61124201869475,92.58854346484956,92.82015228271484,202311600
2011-10-18,SPY,92.75067249640328,95.344665486096,92.0249703236746,94.63440704345705,318857900
2011-10-19,SPY,94.479972691807,95.0203911822757,93.19069842363884,93.51494598388672,226601300
2011-10-20,SPY,93.74658861893076,94.26384170763784,92.50363329886542,93.92415618896484,262075600
2011-10-21,SPY,95.0281064467248,95.82329339577018,94.74246231294526,95.70748901367188,278999400
2011-10-24,SPY,95.8619132476948,97.12031212804985,95.77699040705524,96.8809814453125,203215600
2011-10-25,SPY,96.4177547458318,96.46407414624906,94.78878907719,94.99723815917967,268596800
2011-10-26,SPY,96.0009083464554,96.32515608443175,94.34878218812766,95.96231079101562,289053800
2011-10-27,SPY,98.53310260946004,99.91502181087222,97.74564326561148,99.3051300048828,393220200
2011-10-28,SPY,98.81874196866846,99.47496488909896,98.66434004036482,99.2819595336914,225906500
2011-10-31,SPY,98.17026869490913,99.29741362499377,96.74974589948626,96.88871002197266,228146700
2011-11-01,SPY,94.20978232212632,95.35237672913688,93.81604970950056,94.1866226196289,416565800
2011-11-02,SPY,95.59942578720056,96.03947781593604,94.79652270335644,95.7229461669922,244717600
2011-11-03,SPY,96.7111438963756,97.66073306244198,95.42186922924408,97.4677276611328,291174800
2011-11-04,SPY,96.68024750868058,97.04309263778032,95.7383804096094,96.87325286865234,249401600
2011-11-07,SPY,96.80374981362894,97.5757711094646,95.88504258676689,97.47541046142578,196617200
2011-11-08,SPY,97.98494967813646,98.83417788687902,97.0508045385752,98.72608947753906,224426300
2011-11-09,SPY,96.41778565462164,97.12032819979724,94.85058261083964,95.08219146728516,337982000
2011-11-10,SPY,96.34055793490631,96.45636233099766,94.97407666312972,95.97770690917967,231866500
2011-11-11,SPY,97.14346149873796,98.039003327419,97.11257993360324,97.78424072265624,189924400
2011-11-14,SPY,97.42139690131414,98.39413976975918,96.44092627844344,96.85781860351562,159258300
2011-11-15,SPY,96.63393674387548,97.8537322158804,96.28652939972356,97.33647918701172,184709400
2011-11-16,SPY,96.35599944737454,97.53719137443314,95.65346296038985,95.79242706298828,235782500
2011-11-17,SPY,95.61484568865134,95.85417631907016,93.59215346482182,94.2715301513672,331219600
2011-11-18,SPY,94.5726139707232,94.76561930535732,93.77743293443946,94.1711654663086,215580400
2011-11-21,SPY,92.7969598749694,92.91276425044008,91.60033036858626,92.38007354736328,229611600
2011-11-22,SPY,92.1793662362428,92.71977891825004,91.49998356165486,92.01724243164062,216494900
2011-11-23,SPY,91.152585876543,92.01725214912416,89.98683166503906,89.98683166503906,224329100
2011-11-25,SPY,89.84786765340466,90.86693588404614,89.70890353604187,89.81698608398438,99557000
2011-11-28,SPY,92.28744368184616,92.78153693244212,91.73158730241168,92.41868591308594,210686000
2011-11-29,SPY,92.6811752319336,93.41459323602874,92.34148391716646,92.6811752319336,199241500
2011-11-30,SPY,95.3369022107066,96.67250156059175,92.64254970597318,96.49493408203124,324439500
2011-12-01,SPY,96.38687038747928,96.99676799886538,96.06262281384794,96.4795150756836,176954800
2011-12-02,SPY,97.3673640156096,97.66073009626872,96.332852033183,96.39461517333984,221109700
2011-12-05,SPY,97.92319909580108,98.18568945486048,96.84237376454558,97.44454956054688,225263900
2011-12-06,SPY,97.43680704061198,98.13162738487507,97.08939981350797,97.47541046142578,178842100
2011-12-07,SPY,97.15119037500816,98.24746546768782,96.47953538680976,97.83829498291016,237802500
2011-12-08,SPY,97.19750008453646,97.41366514446128,95.4604518514969,95.69205474853516,240862800
2011-12-09,SPY,96.12437987203694,97.56034005326023,96.03945705239052,97.31329345703124,209111400
2011-12-12,SPY,96.46407834554029,96.47952207305568,95.0821651257822,95.89278411865234,215826100
2011-12-13,SPY,96.39459504562316,96.9427295474328,94.53402059478304,94.99723815917967,245159800
2011-12-14,SPY,94.61897366934508,94.9818247954232,93.77747287912804,93.98591613769533,238618800
2011-12-15,SPY,94.9817630775092,95.11300526207054,94.1788603583422,94.32554626464844,199109200
2011-12-16,SPY,94.9626487129472,95.52202445220291,94.2401150480708,94.46541595458984,220481400
2011-12-19,SPY,94.8306017387112,95.03260206252942,93.25345927090837,93.45545959472656,183903000
2011-12-20,SPY,94.9238407756716,96.44659933312974,93.51762110283512,96.283447265625,225418100
2011-12-21,SPY,96.28339008460068,96.61746486082748,95.36662715872792,96.4698486328125,194230900
2011-12-22,SPY,96.827266473995,97.42549651907868,96.51650408567438,97.32449340820312,119465400
2011-12-23,SPY,97.635244172214,98.22570327322003,97.4332498416003,98.1946258544922,92187200
2011-12-27,SPY,98.02370255775286,98.52870023675356,97.93824113850296,98.2723159790039,86075700
2011-12-28,SPY,98.2878883669274,98.30342411736795,96.90497540859542,96.982666015625,119107100
2011-12-29,SPY,97.3011946344422,98.08588336100593,97.00596797086789,97.9848861694336,123507200
2011-12-30,SPY,97.90719141735022,98.148039997649,97.5031967163086,97.5031967163086,95599000
2012-01-03,SPY,99.259007097788,99.7406982060741,99.0026228339868,99.0570068359375,193697900
2012-01-04,SPY,98.8239282382267,99.2978485054354,98.4432402281024,99.21238708496094,127186500
2012-01-05,SPY,98.67634394040716,99.6241787974756,98.2257301367334,99.4765625,173895000
2012-01-06,SPY,99.6008571202714,99.6163987952371,98.89386502204977,99.2201690673828,148050000
2012-01-09,SPY,99.4454416067664,99.5852810687121,98.98706311951712,99.4609832763672,99530200
2012-01-10,SPY,100.52538148177273,100.72737581754932,100.18353579444046,100.3233871459961,115282000
2012-01-11,SPY,100.0126171846358,100.50984406321648,99.84947109820833,100.37776947021484,111540700
2012-01-12,SPY,100.66521632134672,100.76620754525788,99.86498030917691,100.61859130859376,118983700
2012-01-13,SPY,99.94269469418076,100.26123380347892,99.227931816737,100.09807586669922,179836200
2012-01-17,SPY,101.06143447466908,101.24789895098776,100.14466561796156,100.48651123046876,132209200
2012-01-18,SPY,100.46322908548838,101.6519122559089,100.28454132815568,101.5975341796875,163395200
2012-01-19,SPY,101.94713382601384,102.21905974236108,101.62082983929056,102.13359832763672,126328900
2012-01-20,SPY,101.96268491844664,102.51428985595705,101.71406555997967,102.51428985595705,138230200
2012-01-23,SPY,102.1724255712256,102.74734884193316,101.760660206672,102.2501220703125,129295800
2012-01-24,SPY,101.62082983929056,102.16466981716268,101.465448682016,102.13359832763672,103083300
2012-01-25,SPY,101.97820960901382,103.22904753819353,101.5819858630586,102.98820495605467,198613200
2012-01-26,SPY,103.44658445082672,103.64081387101592,102.05590701839434,102.45990753173828,184880500
2012-01-27,SPY,101.96267826445523,102.5919796741248,101.89274666518538,102.41329193115234,135259100
2012-01-30,SPY,101.395532806929,102.1180724897844,101.0459221851454,102.06368255615234,147311800
2012-01-31,SPY,102.56869668510144,102.69299452999036,101.52761776852525,102.0248565673828,157212000
2012-02-01,SPY,102.77839973822309,103.43878428369736,102.65410196133551,102.91825103759766,166234500
2012-02-02,SPY,103.12029967826282,103.34561248640146,102.71631094440257,103.08145141601562,113090400
2012-02-03,SPY,104.10696656641956,104.58865172266124,103.92827882375292,104.52649688720705,160598500
2012-02-06,SPY,104.09145926370226,104.50322481157691,103.97492631801194,104.45661163330078,107694500
2012-02-07,SPY,104.23908642408152,104.89947146466112,103.8273208333105,104.72077178955078,135528100
2012-02-08,SPY,104.77515557003484,105.05484650718584,104.34784832510594,105.0315399169922,139361400
2012-02-09,SPY,105.20242247245112,105.3422619599881,104.54203772399968,105.16357421875,148602900
2012-02-10,SPY,104.2312765531488,104.4721191319994,103.9826572105787,104.38665771484376,167907500
2012-02-13,SPY,105.13250272868268,105.28788388866458,104.68188906635925,105.16357421875,115841900
2012-02-14,SPY,104.88392360921428,105.09369477578431,104.30123514471865,105.0315399169922,165329500
2012-02-15,SPY,105.37333016652757,105.5287113041868,104.33225164908664,104.54202270507812,195195100
2012-02-16,SPY,104.54982631515084,105.79288759045396,104.3633617891846,105.6996612548828,186567800
2012-02-17,SPY,106.06479337985054,106.15025478948624,105.62972142345852,105.97933197021484,129869400
2012-02-21,SPY,106.22798010204772,106.4765995179172,105.6996816255644,106.02598571777344,134042300
2012-02-22,SPY,105.86278501380336,106.08809775034314,105.49763280340149,105.68409729003906,124455300
2012-02-23,SPY,105.62976548908662,106.22798375127384,105.27237803020354,106.15029907226562,137704300
2012-02-24,SPY,106.3833236694336,106.59309474549984,106.15025786805114,106.3833236694336,105539100
2012-02-27,SPY,105.67633377091276,106.84947506252016,105.50541095295384,106.56201934814452,145728900
2012-02-28,SPY,106.59311948238116,106.99712005656986,106.3833483576337,106.87281036376952,129355900
2012-02-29,SPY,107.02818915828884,107.36226996836372,106.08034851783152,106.45327758789062,185934700
2012-03-01,SPY,106.67855594819947,107.20686609154735,106.38332346059856,107.0048599243164,145023500
2012-03-02,SPY,106.9349425912202,107.07479392974534,106.4377157800174,106.67855834960938,120638300
2012-03-05,SPY,106.51541805482373,106.5931027094813,105.87833987058768,106.24349212646484,140765000
2012-03-06,SPY,105.1558068129571,105.21794979161616,104.38665408529998,104.6896514892578,202129900
2012-03-07,SPY,104.93047531681582,105.5908599316267,104.82947224859716,105.41993713378906,143692200
2012-03-08,SPY,106.0648223110661,106.68635892751432,105.84728627353296,106.46881103515624,116968900
2012-03-09,SPY,106.67079836794233,107.16024843833137,106.53872378673746,106.8805694580078,122836800
2012-03-12,SPY,106.8650601104752,107.02820623168006,106.5076726583634,106.88836669921876,104003500
2012-03-13,SPY,107.46328735192309,108.86950682449378,107.28458770321689,108.81511688232422,184090500
2012-03-14,SPY,108.84618652753204,109.11810063965484,108.36448943907732,108.69857025146484,145163600
2012-03-15,SPY,108.86170261660097,109.37447113568582,108.58201177481132,109.3278579711914,165118500
2012-03-16,SPY,109.52605785866986,109.61969274104864,109.24514130475802,109.47924041748048,152893500
2012-03-19,SPY,109.4090260689342,110.24396497610545,109.330989054009,109.90843200683594,125291100
2012-03-20,SPY,109.28413761687928,109.7211161882818,108.9642026246835,109.58846282958984,121729700
2012-03-21,SPY,109.65094047119432,109.75237431756705,109.18274212548847,109.40904235839844,122388400
2012-03-22,SPY,108.60529322931411,108.89402068653158,108.26196128866232,108.62090301513672,135216700
2012-03-23,SPY,108.71454230804883,109.09689273343696,108.11369061658267,108.97203826904295,120521000
2012-03-26,SPY,109.75235761537174,110.50147247314452,109.71335101481442,110.50147247314452,120164000
2012-03-27,SPY,110.60288573428204,110.67311188279665,110.08787016496198,110.15809631347656,119868500
2012-03-28,SPY,110.10350730490052,110.27517920400024,108.96423123876382,109.61190032958984,148562100
2012-03-29,SPY,108.96423416154023,109.62751305374196,108.53505440227892,109.42462158203124,164963700
2012-03-30,SPY,109.96304084283386,110.06448657391697,109.28416410534156,109.87720489501952,135486800
2012-04-02,SPY,109.74457681201476,110.96968908544976,109.5260874229706,110.68096160888672,151741100
2012-04-03,SPY,110.524874126961,110.71215580611975,109.58067869968596,110.22834777832033,155806700
2012-04-04,SPY,109.41684192063424,109.51047682759652,108.73015418483448,109.13592529296876,146896000
2012-04-05,SPY,108.7613375532694,109.4011957158099,108.66769077070218,109.08126068115234,137439400
2012-04-09,SPY,107.70787700717422,109.12025834563975,107.55961387762969,107.85614013671876,127555900
2012-04-10,SPY,107.64548563718256,107.94981093349016,105.93657747069491,106.04582214355467,235360300
2012-04-11,SPY,107.1304630744169,107.32554368537436,106.70909419373004,106.9041748046875,154133000
2012-04-12,SPY,107.0056002464556,108.38676213731564,106.92756325415662,108.3009262084961,154321500
2012-04-13,SPY,108.05125809362538,108.32437573276682,106.91198199867506,107.013427734375,169246700
2012-04-16,SPY,107.55961798958744,107.71568006100016,106.57641622359178,106.94316864013672,147825300
2012-04-17,SPY,107.5596480333968,108.74574153962696,107.45040336221616,108.52725219726562,147877600
2012-04-18,SPY,108.0434635844474,108.52725974664762,107.98103635274788,108.16050720214844,123884200
2012-04-19,SPY,108.17611502936708,108.58187416790658,106.95881380019507,107.4660186767578,198666700
2012-04-20,SPY,107.9420189305728,108.33218020253751,107.58306532138332,107.64549255371094,143199600
2012-04-23,SPY,106.54523765732566,106.83396510263528,106.07705126295804,106.74031829833984,171844900
2012-04-24,SPY,106.8339633885804,107.41920530223328,106.7481274316402,107.14608764648438,137484200
2012-04-25,SPY,108.19170209818672,108.65990032729825,108.09806721507464,108.6130828857422,150252200
2012-04-26,SPY,108.37899741345238,109.49486484035916,108.31657018126108,109.37001037597656,136291600
2012-04-27,SPY,109.69773980541235,109.86160086459915,109.08908920059392,109.54947662353516,130725000
2012-04-30,SPY,109.33098132451006,109.4090183339182,108.8471852051522,109.1436996459961,115092200
2012-05-01,SPY,109.08130809504482,110.5405196821382,108.95646550864812,109.82262420654295,138832200
2012-05-02,SPY,109.18273686252424,109.60411773470328,108.82379513399331,109.494873046875,121081000
2012-05-03,SPY,109.51049156439502,109.59632754292092,108.45706299897384,108.65994262695312,143759700
2012-05-04,SPY,108.090268253206,108.69891880685122,106.84174758036804,106.9041748046875,193927300
2012-05-07,SPY,106.5217937831412,107.34113458639214,106.48278719323156,106.98219299316406,127765900
2012-05-08,SPY,106.34235675659905,106.72471909467872,105.28111760638878,106.55304718017578,213377700
2012-05-09,SPY,105.42157642803755,106.5998591380054,104.94557921811848,105.92098236083984,220752500
2012-05-10,SPY,106.65448444410696,106.78714976057796,105.89758249627494,106.13948059082033,150600000
2012-05-11,SPY,105.47618289332978,106.8027286613247,105.42936545196622,105.81952667236328,153032400
2012-05-14,SPY,104.80508704326812,105.81950842270828,104.49296288348968,104.6490249633789,163910000
2012-05-15,SPY,104.578851027514,105.1953007182278,103.88436430450658,104.04822540283205,207629300
2012-05-16,SPY,104.51638878631653,104.99238594765214,103.62682168722093,103.65023040771484,207265500
2012-05-17,SPY,103.67363615735042,103.79849060092384,102.05836304890376,102.1129913330078,247992900
2012-05-18,SPY,102.51093857643914,102.69042128152988,101.09075815653092,101.23902130126952,319615900
2012-05-21,SPY,101.56678978934168,103.01819026325408,101.40291680869034,102.97917175292967,177861100
2012-05-22,SPY,103.24445868516791,103.96235389109928,102.487544976428,103.15862274169922,197531200
2012-05-23,SPY,102.41730943847266,103.36150473018134,101.43410755430205,103.21324157714844,204958400
2012-05-24,SPY,103.49417470630476,103.65803575990184,102.5499792631136,103.4161376953125,167357600
2012-05-25,SPY,103.37710369685848,103.6658310688378,102.83088042210278,103.0805892944336,135465600
2012-05-29,SPY,103.9077403078425,104.50858002151152,102.35489434578048,104.32910919189452,152883500
2012-05-30,SPY,103.43956044003032,104.32132877531976,102.60462146175036,102.81529998779295,162370400
2012-05-31,SPY,102.7762938545585,103.35372495243136,101.70724380666766,102.5890121459961,196186000
2012-06-01,SPY,100.9815525616782,102.6124239709664,100.0061492919922,100.0061492919922,253240900
2012-06-04,SPY,100.18560836129514,100.45872600735464,99.21020520647812,99.95932006835938,202545800
2012-06-05,SPY,99.76424704416398,100.86449885658404,99.70962469820536,100.71624755859376,164149400
2012-06-06,SPY,101.41852659417562,103.02598920260787,101.38730702320504,102.97917175292967,184202800
2012-06-07,SPY,104.14962120918769,104.1964386433966,102.8308745806924,103.04156494140624,184772700
2012-06-08,SPY,102.77628357808268,103.88434011936684,102.44853764417492,103.86093139648438,143915400
2012-06-11,SPY,104.69584537415685,104.7582725892426,102.44071432131857,102.54216003417967,169756100
2012-06-12,SPY,102.83870593172132,103.7907004166124,102.34711081080556,103.72047424316406,181931800
2012-06-13,SPY,103.41613925050018,104.06380834979193,102.70604292283107,103.05719757080078,172223900
2012-06-14,SPY,103.26788985640734,104.56322822790209,102.98697324459856,104.149658203125,230615500
2012-06-15,SPY,104.61867685785572,105.30891037670185,104.39905546979544,105.21479034423828,169444500
2012-06-18,SPY,104.77559603628552,105.67761201390644,104.54028387780552,105.41876983642578,131360900
2012-06-19,SPY,105.95212025237282,106.86982668567737,105.39521533892948,106.43842315673828,137382600
2012-06-20,SPY,106.44623602749806,106.75213806144777,105.316747911848,106.2658233642578,206451800
2012-06-21,SPY,106.39133779446044,106.50114848763448,103.795089859192,103.8813705444336,205272200
2012-06-22,SPY,104.42261538764838,104.87754895564208,104.02258119816057,104.68145751953124,130029200
2012-06-25,SPY,103.5754903943048,103.61471107198248,102.6342539723932,103.0029067993164,146375700
2012-06-26,SPY,103.3009322100572,103.83430696464396,102.69696743409597,103.5205535888672,141634000
2012-06-27,SPY,103.86569004062068,104.65789497824584,103.51272791864788,104.45396423339844,108088000
2012-06-28,SPY,103.76371626182107,104.31278173703882,102.97151134268826,104.15589904785156,169242100
2012-06-29,SPY,106.0462380807746,106.885515107502,105.77171727246296,106.7521743774414,212250900
2012-07-02,SPY,107.05020046114558,107.1835411603932,106.29721628086864,107.07373046875,129524500
2012-07-03,SPY,107.05024243514336,107.8581382622487,106.9404317004438,107.77970886230467,80450000
2012-07-05,SPY,107.37966908010152,108.08560545388544,106.90120548186545,107.29338836669922,126177500
2012-07-06,SPY,106.25800623661964,106.49331830466012,105.77170340621328,106.27369689941406,151192100
2012-07-09,SPY,106.18741799189684,106.33644936977684,105.65404316414048,106.1403579711914,103780500
2012-07-10,SPY,106.68155003631276,106.85411140814128,104.8539769390146,105.21479034423828,167884800
2012-07-11,SPY,105.2697046795908,105.57560676229495,104.61867984338076,105.23048400878906,141733400
2012-07-12,SPY,104.61869794906488,105.28540159420304,104.00689367777552,104.7206573486328,143583200
2012-07-13,SPY,104.99520267371146,106.58746423271208,104.97951200710604,106.47765350341795,129642600
2012-07-16,SPY,106.23450537051995,106.54040755235155,105.8109411381548,106.22665405273438,97525200
2012-07-17,SPY,106.6502135543936,107.17573717841036,105.53641560922004,106.95611572265624,138860300
2012-07-18,SPY,106.70509096077484,107.96008070819668,106.64235224502607,107.74829864501952,113349700
2012-07-19,SPY,107.96791948213088,108.3836322904568,107.62280867346854,108.03067016601562,129847300
2012-07-20,SPY,107.418896416395,107.5836185043566,106.9247540894554,107.04240417480467,142904500
2012-07-23,SPY,105.47365043261998,106.97179170393376,104.979496240775,105.95995330810548,145210900
2012-07-24,SPY,106.03840306652518,106.08546309453226,104.34417024744376,105.0500946044922,173301200
2012-07-25,SPY,105.26972270573968,105.54424351142342,104.51672639019738,105.0736312866211,129122300
2012-07-26,SPY,106.58743122173496,107.03452531798143,106.09327710871896,106.80705261230467,156526500
2012-07-27,SPY,107.37181621564044,109.08173960188468,106.7835419624387,108.77582550048828,236768900
2012-07-30,SPY,108.65033608917602,109.29350971573868,108.45424467144213,108.77582550048828,106782000
2012-07-31,SPY,108.62683433221952,108.92488522614336,108.01502990722656,108.01502990722656,120575900
2012-08-01,SPY,108.79153735113246,108.81506736836512,107.77185938665008,107.92089080810548,138293800
2012-08-02,SPY,107.10514542865003,107.90520184386934,106.34430969457834,107.1757354736328,199556600
2012-08-03,SPY,108.681720673592,109.52883715307964,107.20710917576476,109.30137634277344,157825000
2012-08-06,SPY,109.59158681150222,109.94454901582036,109.46608541533118,109.51314544677734,86326200
2012-08-07,SPY,109.95235689885506,110.53279171368398,109.8347068539086,110.06217956542967,109545100
2012-08-08,SPY,109.6935705970375,110.32105371191012,109.66218926020994,110.19556427001952,89754700
2012-08-09,SPY,110.03863199683308,110.50925608964307,109.92882130430644,110.28963470458984,90291700
2012-08-10,SPY,109.84256730250438,110.50928293453234,109.6621665427737,110.47006225585938,99792700
2012-08-13,SPY,110.28182802239266,110.470068140497,109.84257315371592,110.41516876220705,79426900
2012-08-14,SPY,110.82306066356972,110.8936626956546,110.10144542022464,110.43087768554688,102379400
2012-08-15,SPY,110.31321446428716,110.74461808251726,110.24262440906948,110.55636596679688,71085900
2012-08-16,SPY,110.71322448227528,111.50544157576616,110.43870364179,111.37210083007812,112014200
2012-08-17,SPY,111.56031594957724,111.61522728644874,111.27010450745422,111.5210952758789,90813700
2012-08-20,SPY,111.36426197232582,111.55251408825636,111.05835976423448,111.52898406982422,78255700
2012-08-21,SPY,111.80350823057027,112.23491186197502,110.9485522864514,111.19170379638672,105581100
2012-08-22,SPY,110.90931773833547,111.41916268209005,110.65048756031166,111.23876190185548,133243500
2012-08-23,SPY,110.9641762343778,110.97201557988106,110.1562808142824,110.32884216308594,111466400
2012-08-24,SPY,110.0543461623952,111.24658534192962,109.9837561239382,110.9955825805664,99481200
2012-08-27,SPY,111.29369029467378,111.4427217483355,110.86228660472548,111.01915740966795,68785900
2012-08-28,SPY,110.7367555867272,111.25443987635028,110.57204547451116,110.90931701660156,75689600
2012-08-29,SPY,111.00343389715302,111.29364536756762,110.689680445449,110.9955825805664,65421300
2012-08-30,SPY,110.5171451774261,110.54852651425368,109.96025211770568,110.19556427001952,96589900
2012-08-31,SPY,110.82304401513284,111.23876892038132,110.09358953046076,110.72108459472656,151970400
2012-09-04,SPY,110.6269570868694,110.9564012846695,109.9131932408982,110.6191177368164,120226200
2012-09-05,SPY,110.6661663643284,110.96422919423924,110.30536480351516,110.52498626708984,100660300
2012-09-06,SPY,111.19165941936292,112.77608122941248,111.18382007227468,112.76824188232422,158272500
2012-09-07,SPY,112.95653195050494,113.2545948303332,112.85457251935904,113.20753479003906,107272100
2012-09-10,SPY,113.097690688384,113.29378211076668,112.5251070861984,112.56431579589844,86458500
2012-09-11,SPY,112.63492318557934,113.2388761780754,112.6035418541552,112.8780746459961,88760000
2012-09-12,SPY,113.25454711914062,113.38004848603724,112.87020367119568,113.25454711914062,87640900
2012-09-13,SPY,113.2388707857051,115.33312574086976,112.94081996219587,114.98016357421876,225470200
2012-09-14,SPY,115.20759531968368,116.17236142339073,115.11346333187024,115.4899673461914,169777000
2012-09-17,SPY,115.25466427968432,115.45075564752958,114.80757021613285,115.09779357910156,119427800
2012-09-18,SPY,114.9017256040789,115.15271638241704,114.71347354397304,115.0036849975586,98326600
2012-09-19,SPY,115.13703443668122,115.4350972289671,114.83898361286596,115.06644439697266,128318300
2012-09-20,SPY,114.5409277479632,115.137041400117,114.227186240192,115.07430267333984,154009800
2012-09-21,SPY,115.63338072923273,115.65703635036124,114.97888046916874,115.02619171142578,108737500
2012-09-24,SPY,114.4583925055124,115.11289253550828,114.3716512477453,114.85266876220705,95682000
2012-09-25,SPY,115.0971713274345,115.31796514758948,113.5989137965418,113.63046264648438,133165200
2012-09-26,SPY,113.60679667175678,113.63833348646452,112.72360943926444,112.99171447753906,146502200
2012-09-27,SPY,113.4648901842699,114.3165288643674,113.16523619524564,114.05630493164062,111830300
2012-09-28,SPY,113.6225613211369,113.99318207120704,113.1257812773688,113.52793884277344,150696100
2012-10-01,SPY,113.9616663772129,114.88427180932956,113.55949670491133,113.8276138305664,135911200
2012-10-02,SPY,114.27707545154335,114.45843923460713,113.41755574880489,113.94588470458984,113422200
2012-10-03,SPY,114.25342464525912,114.67923790004564,113.65412879679911,114.4111328125,121283100
2012-10-04,SPY,114.84486687698968,115.39685161107424,114.68715867187476,115.23126220703124,124311600
2012-10-05,SPY,115.84627123832892,116.0434093983428,114.89211724962398,115.23908233642578,124842100
2012-10-08,SPY,114.81332706434428,115.22336598051116,114.58463994536233,114.84486389160156,78415400
2012-10-09,SPY,114.75808911685948,114.85271160340724,113.66988239211628,113.70931243896484,148872900
2012-10-10,SPY,113.69356433811186,113.80397330779604,112.83404446666238,112.98387145996094,124247500
2012-10-11,SPY,113.7724032067134,113.9380045979552,113.02328041245909,113.04693603515624,123601500
2012-10-12,SPY,113.12577322438308,113.5121563384354,112.43184301282275,112.6762924194336,124181900
2012-10-15,SPY,112.94440280373789,113.73295552434668,112.58167529037922,113.61467742919922,107689100
2012-10-16,SPY,114.15089051763344,114.84482078044628,114.07204246290648,114.76596069335938,108815500
2012-10-17,SPY,114.84485786505972,115.38108015921053,114.67137524333714,115.28644561767578,128834100
2012-10-18,SPY,114.98678588867188,115.53877049412648,114.60039064867266,114.98678588867188,148108500
2012-10-19,SPY,114.7738331414974,114.78171433583522,112.80245164484631,113.070556640625,185645200
2012-10-22,SPY,112.88133330866144,113.2913841511647,112.1952961938351,113.08636474609376,125578600
2012-10-23,SPY,111.86410077756872,112.021808931221,111.05189235551666,111.5171356201172,192056300
2012-10-24,SPY,111.91925671436928,112.05332123522751,111.02820052228908,111.2016830444336,120179400
2012-10-25,SPY,111.99026442027414,112.19528380270224,110.84686534438973,111.52500915527344,134457400
2012-10-26,SPY,111.4225526665579,111.8483660357316,110.70496647562908,111.46198272705078,146023500
2012-10-31,SPY,111.85625926724924,111.99819304618542,110.93364157470354,111.46198272705078,103438500
2012-11-01,SPY,111.69848410971832,112.77091625310106,111.59598044167,112.62898254394533,100995600
2012-11-02,SPY,113.29926879601088,113.33081764843509,111.50926247269238,111.6275405883789,137702200
2012-11-05,SPY,111.46193243895608,112.1085394163231,111.13072970613624,111.85620880126952,98378500
2012-11-06,SPY,112.19529181434515,113.17310162141958,112.07701370687526,112.73151397705078,107068100
2012-11-07,SPY,111.70643062093318,111.7221930190074,109.6561878289795,110.1766357421875,264304500
2012-11-08,SPY,110.16083786161089,110.72071571555212,108.7650958577999,108.85183715820312,181517300
2012-11-09,SPY,108.52066206058632,109.95583432324445,108.46546960637244,108.9464874267578,201055300
2012-11-12,SPY,109.28552612660977,109.45900869958292,108.78874606069614,109.03319549560548,97677500
2012-11-13,SPY,108.45755538793804,109.80598607672806,108.3156216482558,108.65469360351562,123018300
2012-11-14,SPY,108.98589217814556,109.15936273137044,106.94353119917342,107.18798065185548,191505000
2012-11-15,SPY,107.22741615600462,107.62958582140064,106.59657145198808,107.00662231445312,178128400
2012-11-16,SPY,107.16433705063014,107.74787054327442,106.21807595278857,107.5349578857422,239483900
2012-11-19,SPY,108.7414360518742,109.72712714020648,107.56649997529372,109.71136474609376,151495800
2012-11-20,SPY,109.53783509886156,109.9399925585,108.88333505347268,109.75862884521484,119807400
2012-11-21,SPY,109.85330241627314,110.058333870691,109.6325085671788,109.96369934082033,81710800
2012-11-23,SPY,110.49994700637733,111.50140075517852,110.42896808454412,111.46198272705078,65409200
2012-11-26,SPY,110.90993637445924,111.46981410554828,110.54720885771964,111.2253646850586,100124400
2012-11-27,SPY,111.11497772865188,111.49347970288534,110.58664879751996,110.6576156616211,128646200
2012-11-28,SPY,110.20811118210332,111.61173390021357,109.6088155152516,111.54866027832033,177086500
2012-11-29,SPY,111.9665881407546,112.37662682995176,111.47767734616136,112.069091796875,151085900
2012-11-30,SPY,112.08489224130948,112.30568605825016,111.70639027403408,112.0927734375,136568300
2012-12-03,SPY,112.60533009180578,112.69995256723674,111.454037833838,111.54077911376952,124656300
2012-12-04,SPY,111.5329294002887,111.8720013878646,111.0834484503992,111.3831024169922,127512200
2012-12-05,SPY,111.47771498979507,112.10067849302855,110.68916212256616,111.58023071289062,147300500
2012-12-06,SPY,111.47767689209236,112.00600568869494,111.31208758468736,111.9586944580078,103220600
2012-12-07,SPY,112.39239009152472,112.5185613829152,111.71423444074658,112.29776763916016,108726400
2012-12-10,SPY,112.14008103928602,112.61320542416732,112.09275777167488,112.34510040283205,98840700
2012-12-11,SPY,112.81035434477616,113.6383371376836,112.75516190917436,113.1100082397461,152570400
2012-12-12,SPY,113.55160210911752,113.9853085514231,113.00749875716694,113.16520690917967,145880100
2012-12-13,SPY,113.09424968263303,113.41755924284354,112.18741870701622,112.47129821777344,135715000
2012-12-14,SPY,112.22683492628308,112.43185431286832,111.87986978563096,112.05335235595705,137701700
2012-12-17,SPY,112.34508797122182,113.43329439104288,112.31353912963876,113.37020874023438,143238200
2012-12-18,SPY,113.55158367279076,114.73441266938232,113.38598231903008,114.63189697265624,177762800
2012-12-19,SPY,114.75806011518806,114.79749015207184,113.74083254479054,113.7802505493164,150895400
2012-12-20,SPY,113.85120940303077,114.45050494823565,113.5357811957999,114.43473052978516,168487000
2012-12-21,SPY,112.9036754889032,114.42843354614315,112.72102539872702,113.3960418701172,245883800
2012-12-24,SPY,113.1498386381196,113.21337172729729,112.91954179283606,113.0466079711914,53874600
2012-12-26,SPY,113.2769568212539,113.3325528439448,112.25251406748046,112.5701675415039,106947700
2012-12-27,SPY,112.60188530184254,112.8321942831396,111.11683709201836,112.4192352294922,167920600
2012-12-28,SPY,111.68859936583164,112.30803175736176,111.07710406527636,111.20417022705078,148806700
2012-12-31,SPY,110.91033116238896,113.21334759511194,110.81502549008864,113.09423065185548,243935200
2013-01-02,SPY,115.23841570649408,116.06432142033351,114.93663663908416,115.99285125732422,192059000
2013-01-03,SPY,115.93729000035596,116.23905700891734,115.4210882255615,115.73080444335938,144761800
2013-01-04,SPY,115.92142895787448,116.42968163417636,115.68318286511116,116.23908233642578,116817700
2013-01-07,SPY,115.82613890218391,116.03261239277268,115.49258709151744,115.9214324951172,110002500
2013-01-08,SPY,115.7149491872028,115.87377586784996,115.1352142321771,115.58788299560548,121265100
2013-01-09,SPY,115.84198128694992,116.19935639773904,115.65933124473766,115.8816909790039,90745600
2013-01-10,SPY,116.52497694065627,116.81086983264365,115.92143066543846,116.8029327392578,130735400
2013-01-11,SPY,116.77114739719823,116.85850388571596,116.42967065334624,116.79498291015624,113917300
2013-01-14,SPY,116.65204307172668,116.79499557648536,116.28673077529884,116.715576171875,89567200
2013-01-15,SPY,116.17553828031345,116.90616279393348,116.10406809453492,116.79498291015624,93172600
2013-01-16,SPY,116.5567387395636,116.96174858327484,116.42967255097622,116.7790985107422,104849500
2013-01-17,SPY,117.2952470514763,117.86703258163668,116.85846475514622,117.5334930419922,133833500
2013-01-18,SPY,117.50972325441782,117.92268235182878,117.08087785234108,117.79561614990234,169906000
2013-01-22,SPY,117.79559704363504,118.43091583251952,117.51764128671743,118.43091583251952,111797300
2013-01-23,SPY,118.43093381288176,118.72476379880013,118.21651111406844,118.62152099609376,104596100
2013-01-24,SPY,118.44680419613974,119.2330126547421,118.335624303603,118.65328979492188,146426400
2013-01-25,SPY,119.02650549484048,119.3203353881836,118.6214836227232,119.3203353881836,147211600
2013-01-28,SPY,119.35217591642318,119.38394853672388,118.73274311530515,119.17747497558594,113357700
2013-01-29,SPY,118.93918414052918,119.79686280108552,118.8597647372982,119.6459732055664,105694400
2013-01-30,SPY,119.63013181438563,119.86837799582428,119.06628292223762,119.17747497558594,137447700
2013-01-31,SPY,119.03446501885912,119.4236006648168,118.80416816240144,118.88357543945312,108975800
2013-02-01,SPY,119.6380123377226,120.2495077534614,119.43153887421914,120.1065673828125,131173000
2013-02-04,SPY,119.37595248644334,120.13038825699932,118.66915138740563,118.75650787353516,159073600
2013-02-05,SPY,119.39976622962514,120.29714229529291,119.35210732656294,119.9556655883789,113912400
2013-02-06,SPY,119.53476198490677,120.12242179108812,119.44740551132624,120.0430145263672,138762800
2013-02-07,SPY,120.08274505199236,120.19392493604856,119.01064379182998,119.88420867919922,162490000
2013-02-08,SPY,120.09065616250518,120.62273207235052,120.09065616250518,120.55126190185548,103133700
2013-02-11,SPY,120.50367293629571,120.63072703890136,120.22571709408604,120.52749633789062,73775000
2013-02-12,SPY,120.535322475851,120.9482812528572,120.40031928518736,120.72592163085938,65392700
2013-02-13,SPY,120.97221430506382,121.19457412865144,120.48778494988328,120.82926177978516,82322600
2013-02-14,SPY,120.463949591835,121.08338219858972,120.32894629217824,120.9404296875,80834300
2013-02-15,SPY,121.05159799197212,121.1786641857238,120.35275816173628,120.79747772216795,215226500
2013-02-19,SPY,121.00396778051656,121.72664322409943,120.8372039813518,121.70281982421876,95105400
2013-02-20,SPY,121.61538436870042,121.65509404862318,120.1223876509942,120.18592071533205,160574800
2013-02-21,SPY,119.8842134100596,120.24951356450326,119.0741815841426,119.4553680419922,183257000
2013-02-22,SPY,120.03507734584672,120.62274932861328,119.51095056953888,120.62274932861328,106356600
2013-02-25,SPY,121.21043461074916,121.39308468741676,118.3276824951172,118.3276824951172,245824800
2013-02-26,SPY,118.899434042662,119.280620389723,118.11322584150912,119.13768005371094,186596200
2013-02-27,SPY,119.03447164166066,120.9721886514668,118.93122884628112,120.6386489868164,150781900
2013-02-28,SPY,120.63071040274151,121.40103259528014,120.241586818554,120.4004135131836,126866000
2013-03-01,SPY,119.98744588412502,120.980127802124,119.4474327372292,120.79747772216795,170634800
2013-03-04,SPY,120.51949283996844,121.44070434570312,120.32890571305524,121.44070434570312,99010200
2013-03-05,SPY,122.0284059640012,122.85431198961288,122.0125196603262,122.5287094116211,121431900
2013-03-06,SPY,122.96548690974508,123.02902000417788,122.4254737836143,122.69548034667967,94469900
2013-03-07,SPY,122.85432883276547,123.07668864390382,122.71138843319122,122.91786193847656,86101400
2013-03-08,SPY,123.45787238792131,123.60874986337431,122.8225535251372,123.44198608398438,123477800
2013-03-11,SPY,123.34668593700104,123.91845955363422,123.19579635187192,123.9105224609375,83746800
2013-03-12,SPY,123.82314472249492,123.96609719039674,123.25930829531248,123.6325454711914,105755800
2013-03-13,SPY,123.69613209642532,123.9820250382801,123.27523583726445,123.80731201171876,92550900
2013-03-14,SPY,124.13289859076174,124.52203430275642,123.81524519325204,124.46643829345705,126329900
2013-03-15,SPY,124.31804283445828,124.4695913348216,123.88729016978412,124.30208587646484,138601100
2013-03-18,SPY,123.11357091916584,124.15055434345808,123.0018965301864,123.6161117553711,126704300
2013-03-19,SPY,123.87932554156907,124.0468310104254,122.51529158005768,123.32892608642578,167567300
2013-03-20,SPY,124.05486405901335,124.39785969606956,123.84746002581828,124.19046783447266,113759300
2013-03-21,SPY,123.44862102335708,124.1505814338831,122.92216288706074,123.12955474853516,128605000
2013-03-22,SPY,123.52034852577574,124.1186065673828,123.42461896243672,124.1186065673828,111163600
2013-03-25,SPY,124.44564902676689,124.65305294430937,123.12151376940008,123.60011291503906,151322300
2013-03-26,SPY,124.11066769667542,124.62118092660208,123.97506395124442,124.58927917480467,86856600
2013-03-27,SPY,123.84743260086388,124.62916549324804,123.64004078519211,124.58927917480467,99950600
2013-03-28,SPY,124.5095058255696,125.11574865061094,124.23829833625922,124.97216033935548,102932800
2013-04-01,SPY,124.90831770708674,125.16358035129716,124.17445586237098,124.47757720947266,99194100
2013-04-02,SPY,124.92431733304494,125.40292886861243,124.73287028449852,125.09183502197266,101504300
2013-04-03,SPY,125.16354470906175,125.25926208758727,123.4964021179325,123.8234405517578,154167400
2013-04-04,SPY,123.98306488122896,124.57335088389772,123.711857327948,124.3260726928711,131885000
2013-04-05,SPY,122.80250462518116,123.91926093680074,122.65892845214913,123.7677001953125,159666000
2013-04-08,SPY,123.8553981262646,124.61318937380528,123.44060238709535,124.60521697998048,86571200
2013-04-09,SPY,124.83655318118738,125.49065470156307,124.42175739196364,125.03597259521484,101922200
2013-04-10,SPY,125.37095823906851,126.72700741440488,125.339056497871,126.56747436523438,135711100
2013-04-11,SPY,126.5914257908078,127.39708791274728,126.4637944605767,126.98229217529295,110142500
2013-04-12,SPY,126.5754892731402,126.86265372673948,125.96925861402865,126.67121887207033,116359900
2013-04-15,SPY,126.03307149832814,126.13677349004104,123.71981113060454,123.73575592041016,217259000
2013-04-16,SPY,124.66903931549618,125.6262622692624,124.36593007362598,125.56244659423828,147507800
2013-04-17,SPY,124.66903700620566,124.69297853404224,123.06570928005856,123.727783203125,226834800
2013-04-18,SPY,123.93514224160454,123.96705615588402,122.48337560328105,122.9540023803711,167583200
2013-04-19,SPY,123.2411752614471,124.07873908103764,122.93805391281992,124.02289581298828,149687600
2013-04-22,SPY,124.26222468145892,124.86845532021324,123.4406176668386,124.57331848144533,106553500
2013-04-23,SPY,125.19551575331032,125.9772365110734,124.57332810527087,125.85758972167967,166141300
2013-04-24,SPY,125.89744584255806,126.27235525485564,125.66611254309282,125.93733215332033,96781200
2013-04-25,SPY,126.30430289874693,127.0461495994096,126.1128680120708,126.44789123535156,131060600
2013-04-26,SPY,126.29629062331249,126.51166697441396,125.81767921455226,126.22450256347656,95918800
2013-04-29,SPY,126.56748948447192,127.34921003890253,126.36807010628912,127.07003021240234,88572800
2013-04-30,SPY,127.0460999003973,127.4050523440944,126.51962982479202,127.37313842773438,116010700
2013-05-01,SPY,127.09392651996104,127.15774216497876,126.11278684244144,126.25636291503906,138874200
2013-05-02,SPY,126.57552542138689,127.54072105184092,126.45587860304914,127.42904663085938,96407600
2013-05-03,SPY,128.53778997006205,129.1280758768344,127.45294776158084,128.72125244140625,144202300
2013-05-06,SPY,128.81698812717477,129.23177180617628,128.76114484061864,129.04830932617188,66882100
2013-05-07,SPY,129.32748310363812,129.74226672390836,128.96054602398883,129.702392578125,90359200
2013-05-08,SPY,129.55880160162923,130.33254989077582,129.48701353478344,130.29266357421875,97419200
2013-05-09,SPY,130.2368139652392,130.579809461391,129.59866950577353,129.92572021484375,106738600
2013-05-10,SPY,130.01353324069186,130.46023094450896,129.63063906176328,130.3485565185547,103203000
2013-05-13,SPY,130.18101719506748,130.66760114990888,129.87790790153835,130.4522247314453,81843200
2013-05-14,SPY,130.55594783918727,131.89605311644632,130.55594783918727,131.80032348632812,119000900
2013-05-15,SPY,131.58485069170345,132.7733820601727,131.54496439301352,132.51014709472656,120718500
2013-05-16,SPY,132.23899584992665,132.70165033354684,131.68859634059237,131.8880157470703,109913600
2013-05-17,SPY,132.37461656668438,133.2440823692801,132.19912649274443,133.16432189941406,129801000
2013-05-20,SPY,133.03664902310987,133.67479344086442,132.9010453122208,133.1562957763672,85071200
2013-05-21,SPY,133.27594449748707,133.85027321233582,132.81329013432608,133.3477325439453,95804200
2013-05-22,SPY,133.48338633989536,134.86337755487074,131.7524271533222,132.35865783691406,244031800
2013-05-23,SPY,130.94680047619892,132.342736731811,130.7713103731941,131.97579956054688,211064400
2013-05-24,SPY,131.19402848182347,131.919917978262,130.80316209798883,131.86407470703125,151573900
2013-05-28,SPY,133.24411297599056,133.83439901225196,132.26297255293352,132.65383911132812,143679800
2013-05-29,SPY,131.95187628475725,132.25499778058307,131.09038269525124,131.79234313964844,160363400
2013-05-30,SPY,131.8959573835576,132.88506952793068,131.79225543103178,132.27883911132812,107793800
2013-05-31,SPY,131.9119565845916,132.6617755656729,130.12516633683595,130.3804168701172,176850100
2013-06-03,SPY,130.6835014265176,131.1860421277418,129.75022024681,131.09829711914062,168390700
2013-06-04,SPY,131.170161159059,131.6966315156579,129.80612653907073,130.46820068359375,157631500
2013-06-05,SPY,130.09324650253228,130.3564815906289,128.52980510677637,128.6414794921875,211737800
2013-06-06,SPY,128.58564537691703,129.8140758755747,127.82785398108317,129.80609130859375,200225500
2013-06-07,SPY,130.69951442079818,131.57695271141537,130.1331578185328,131.45730590820312,188337800
2013-06-10,SPY,131.8641172107222,131.93590529264955,131.1142981196656,131.45730590820312,105667100
2013-06-11,SPY,130.26072934391692,131.24984158696952,129.81403192168776,130.1011962890625,159505400
2013-06-12,SPY,130.99464867540982,131.13025244018223,128.9047367441219,129.02438354492188,177361500
2013-06-13,SPY,128.9525531534094,131.21795443029413,128.66538875411464,130.98663330078125,163587800
2013-06-14,SPY,130.8430546265045,131.35356779924052,129.94965961711506,130.16502380371094,141197500
2013-06-17,SPY,131.05043079402125,131.792277196407,130.19692220036924,131.1700897216797,136295600
2013-06-18,SPY,131.24188186816346,132.40649640709088,131.233909474708,132.2070770263672,114695600
2013-06-19,SPY,132.09543121807025,132.32675239421872,130.32458576067268,130.3804168701172,206149500
2013-06-20,SPY,129.11207989708947,130.39634115159473,126.81476481534274,127.14978790283205,321255900
2013-06-21,SPY,128.01505912026812,128.11128301202228,126.27494107372284,127.5579833984375,271956800
2013-06-24,SPY,126.22686692609206,127.04479472292512,124.8796708581281,125.94619750976562,222329000
2013-06-25,SPY,127.08486329696332,128.3839471101948,126.23485289526822,127.15704345703124,162262200
2013-06-26,SPY,128.1994996202335,128.704699552689,127.70232650321324,128.416015625,134848000
2013-06-27,SPY,129.1858106779038,129.76317838654214,129.06551860093975,129.16976928710938,129483700
2013-06-28,SPY,128.8089680442393,129.4264211180211,128.1915027344567,128.64056396484375,160402900
2013-07-01,SPY,129.31413814726946,130.29245522384082,129.16980230121752,129.3943328857422,131954800
2013-07-02,SPY,129.20183719488122,130.14808345649593,128.70466421436927,129.27401733398438,154863700
2013-07-03,SPY,128.68861816068022,129.7230736783842,128.48012903614853,129.33013916015625,75216400
2013-07-05,SPY,130.2844173564216,130.77357580727158,129.3461978167907,130.7254638671875,122416900
2013-07-08,SPY,131.39911501617053,131.82412032741095,130.77363503977887,131.47128295898438,108092500
2013-07-09,SPY,132.29720361774588,132.57787297126393,131.72786256712266,132.41749572753906,119298000
2013-07-10,SPY,132.28917281340395,132.91465255241786,132.01653030891026,132.46559143066406,121410100
2013-07-11,SPY,134.00523900916974,134.40618819988163,132.45756877030271,134.26986694335938,135592200
2013-07-12,SPY,134.22978013050357,134.6627999066781,134.02129093990092,134.3260040283203,104212700
2013-07-15,SPY,134.69488229335548,135.0316781707049,134.46232489299567,134.83921813964844,69450600
2013-07-16,SPY,134.92742716617727,135.00762190461066,133.9731783004153,134.3340301513672,88702100
2013-07-17,SPY,134.84725233248912,135.10385348527035,134.50242962081455,134.67884826660156,92873900
2013-07-18,SPY,134.96751904961852,135.73734690489206,134.87930973532673,135.4165802001953,103620100
2013-07-19,SPY,135.13593640538627,135.705277478786,134.96753233933856,135.65716552734375,103831700
2013-07-22,SPY,135.84964602681256,136.1142740355953,135.52887924222665,135.92181396484375,79428600
2013-07-23,SPY,136.16237364534706,136.18642962250908,135.5609497442952,135.63311767578125,80829700
2013-07-24,SPY,136.1543274774179,136.2104662401507,134.86327053055038,135.13592529296875,112914000
2013-07-25,SPY,134.89531975959278,135.58495271931804,134.67078923651906,135.46466064453125,111088600
2013-07-26,SPY,134.89533503952677,135.64912141065577,134.3340086682596,135.60902404785156,107814600
2013-07-29,SPY,135.26424557172925,135.56897094533062,134.80716974732837,135.19207763671875,79695000
2013-07-30,SPY,135.60105374044718,135.74538961046815,134.87132310156028,135.19207763671875,85209600
2013-07-31,SPY,135.47273278706984,136.2024633492258,135.1118809139597,135.28829956054688,142388700
2013-08-01,SPY,136.31468886561782,136.97223907244936,136.24250872326127,136.85195922851562,110438400
2013-08-02,SPY,136.54721761651024,137.10052930430712,136.36278446590958,137.08448791503906,91116700
2013-08-05,SPY,136.77984048927866,137.0925804319207,136.60342183076256,136.8840789794922,54072700
2013-08-06,SPY,136.61944625023372,136.9161570216227,135.80151857386485,136.10623168945312,87495000
2013-08-07,SPY,135.67321846698053,135.86566628912405,135.1600038812631,135.66519165039062,84854700
2013-08-08,SPY,136.3067199071867,136.46709717916897,135.4647239342779,136.16238403320312,102181300
2013-08-09,SPY,135.9858487470435,136.4028390854039,135.2962160565206,135.7693328857422,91757700
2013-08-12,SPY,135.0877950393886,135.76940126307116,135.0236417061013,135.60902404785156,68593300
2013-08-13,SPY,135.8496172664968,136.2425396699278,135.04771882880212,136.00999450683594,80806000
2013-08-14,SPY,135.94584179700064,136.1623578022669,135.28026462229258,135.31234741210938,79829200
2013-08-15,SPY,134.24583057322442,134.26185973327472,133.1873186819031,133.4198760986328,152931800
2013-08-16,SPY,133.1631928975181,133.6202806753326,132.71413193152085,132.978759765625,130868200
2013-08-19,SPY,132.82641643452655,133.28350427862458,132.12074210791718,132.12876892089844,96437600
2013-08-20,SPY,132.34527317476213,133.27547802080468,132.20093737244284,132.77830505371094,89294400
2013-08-21,SPY,132.409464604604,133.13919511121296,131.66370493934355,131.9604034423828,159530500
2013-08-22,SPY,132.2330486515827,133.35571381588915,132.2250340720945,133.1632537841797,101471400
2013-08-23,SPY,133.55617816339753,133.78070873180397,132.93069840340837,133.6123046875,90888900
2013-08-26,SPY,133.74859122029108,134.15756712056535,133.02688775721134,133.11509704589844,89702100
2013-08-27,SPY,131.80004509708417,133.11515821896404,130.87786666647358,130.97409057617188,158619400
2013-08-28,SPY,130.91787633724255,131.90421978707536,130.74948459233997,131.43911743164062,108113000
2013-08-29,SPY,131.15045580528064,132.3452763172794,131.0301637311628,131.6476287841797,119200500
2013-08-30,SPY,131.92025420471975,131.936295593063,130.84571366961214,131.23062133789062,134928900
2013-09-03,SPY,132.4976578236043,132.7783271338926,131.2707543558823,131.82406616210938,142375100
2013-09-04,SPY,131.8561458490721,133.1391881621649,131.6155861218658,132.91465759277344,97389400
2013-09-05,SPY,132.99485953090235,133.4358938786728,132.89862339880784,133.08306884765625,63090500
2013-09-06,SPY,133.52409475530175,133.9009879725176,131.896242023922,133.14720153808594,159756500
2013-09-09,SPY,133.47597952498268,134.50240844651975,133.47597952498268,134.42222595214844,87559300
2013-09-10,SPY,135.23214699249382,135.44063617354774,134.9274216820316,135.4165802001953,105847200
2013-09-11,SPY,135.23214487656293,135.84158325195312,134.99959972579515,135.84158325195312,94545900
2013-09-12,SPY,135.79340685050008,135.96982539258468,135.29623399698485,135.4806671142578,83209000
2013-09-13,SPY,135.62499274379107,135.88962051325896,135.31225305914552,135.78536987304688,72727800
2013-09-16,SPY,137.2529534745458,137.3171068243979,136.3548188126163,136.5713348388672,106299200
2013-09-17,SPY,136.69161234021303,137.2128414275196,136.69161234021303,137.18077087402344,82523300
2013-09-18,SPY,137.13262946038176,139.145402106355,136.7878190506239,138.7685089111328,203460600
2013-09-19,SPY,139.14541558871983,139.20956892986706,138.39964370438193,138.5359649658203,146616900
2013-09-20,SPY,138.86476348145015,138.86476348145015,137.45460080803025,137.56741333007812,132867100
2013-09-23,SPY,137.38209433646844,137.511014162907,136.49570136670613,136.9308319091797,104616500
2013-09-24,SPY,136.90660412749807,137.4142664711598,136.3506076268674,136.60845947265625,106333100
2013-09-25,SPY,136.69711221190212,136.97108366745204,136.09275690343833,136.213623046875,117306500
2013-09-26,SPY,136.4392820261885,137.12421077392506,136.2217106377817,136.7374267578125,77146900
2013-09-27,SPY,136.0524285597512,136.29417307913218,135.75428395337568,136.1088409423828,99141800
2013-09-30,SPY,134.9565901480199,135.81074383635507,134.69067228918382,135.3836669921875,143937000
2013-10-01,SPY,135.48843230597524,136.58433067222114,135.35144654714986,136.4553985595703,127160000
2013-10-02,SPY,135.65766779262466,136.4554091734608,135.2386445417382,136.32647705078125,113350000
2013-10-03,SPY,136.0121591769283,136.1330376052511,134.44083797384468,135.06936645507812,176698000
2013-10-04,SPY,135.1741385930636,136.22974390776957,134.99686005060178,136.09275817871094,96878000
2013-10-07,SPY,134.90819086419728,135.73817099457008,134.77120516551454,134.91624450683594,96295000
2013-10-08,SPY,134.89207272895538,135.06935123400655,133.24823203150726,133.3449249267578,178015000
2013-10-09,SPY,133.6028093390724,133.9251272359672,132.57943095819,133.441650390625,168973000
2013-10-10,SPY,134.80343838418665,136.3908790490781,134.75509193480124,136.318359375,195955000
2013-10-11,SPY,136.108884070142,137.24507506430265,135.99607156476984,137.19671630859375,105040000
2013-10-14,SPY,136.35063177113503,137.85748719055837,136.24587290817493,137.7446746826172,112106000
2013-10-15,SPY,137.39815461906903,137.91387063530237,136.56012070355484,136.74545288085938,155485000
2013-10-16,SPY,137.56738320446246,138.7277473460735,137.50291716374628,138.6552276611328,161676000
2013-10-17,SPY,138.09116110150356,139.66249480929125,138.06698787175057,139.5819091796875,129389000
2013-10-18,SPY,140.09758154982245,140.62135109198235,139.8155442298059,140.524658203125,138316000
2013-10-21,SPY,140.5730839626658,140.81482861684495,140.21852677595558,140.5327911376953,104104000
2013-10-22,SPY,140.94373033961415,141.76564477265055,140.55693405809455,141.3466339111328,126663000
2013-10-23,SPY,140.86323154539042,140.92769763205197,140.17830242895332,140.6698455810547,105484000
2013-10-24,SPY,140.95176804057175,141.31437875479287,140.62138419834457,141.13710021972656,70350000
2013-10-25,SPY,141.42718123622248,141.8220310901193,141.15320980893355,141.78173828125,93625000
2013-10-28,SPY,141.73344424287887,142.20081394819366,141.58033888993947,142.00741577148438,84979000
2013-10-29,SPY,142.3297163645197,142.82125920239216,142.12826458335297,142.7648468017578,87401000
2013-10-30,SPY,142.93406416185863,143.03881072149943,141.54807499695318,142.05572509765625,140002000
2013-10-31,SPY,141.94286193394126,142.53916338830447,141.44326565595117,141.65277099609375,133795000
2013-11-01,SPY,141.83815141674415,142.31357459523426,141.19350335837098,141.9912567138672,142805000
2013-11-04,SPY,142.37807798528954,142.54729061392862,141.8059494557731,142.4908905029297,85677000
2013-11-05,SPY,141.93488346061525,142.4264263574085,141.47557973823203,142.03964233398438,85825000
2013-11-06,SPY,142.6520342961301,143.0307646283748,142.25718437861258,142.7648468017578,87348000
2013-11-07,SPY,143.03080011081445,143.14361264442817,140.82288361506636,140.95986938476562,157000000
2013-11-08,SPY,140.911489954176,142.87766133354828,140.89538266431572,142.86154174804688,136713000
2013-11-11,SPY,142.7245251822137,143.05490898760402,142.5553126057425,142.8856964111328,62614000
2013-11-12,SPY,142.57952250367805,142.91796003930807,142.12020651526768,142.59564208984375,83990000
2013-11-13,SPY,141.8945932257774,143.78017920692352,141.8945932257774,143.73989868164062,103844000
2013-11-14,SPY,143.86881365227862,144.57792793064394,143.63513497180398,144.45706176757812,103435000
2013-11-15,SPY,144.69073659960168,145.14198665723475,144.5054043892828,145.08558654785156,102818000
2013-11-18,SPY,145.32731838908316,145.44818453831022,144.25559344858715,144.57791137695312,104796000
2013-11-19,SPY,144.50535537318817,144.94048569669795,144.01381266378834,144.26361083984375,93891000
2013-11-20,SPY,144.55376491508815,144.98889542852228,143.41757371939468,143.8124237060547,124909000
2013-11-21,SPY,144.21527203727675,145.08554502606796,144.1266327802062,144.9727325439453,92841000
2013-11-22,SPY,145.02916140581752,145.71410237319768,144.85994879688698,145.69798278808594,81296000
2013-11-25,SPY,145.9558362680311,145.98806314025146,145.34341503508614,145.5529327392578,79486000
2013-11-26,SPY,145.62545511083798,146.02835864704645,145.37565688569114,145.5932159423828,86994000
2013-11-27,SPY,145.74628692680326,146.04444383440995,145.56900842897355,145.94773864746094,58800000
2013-11-29,SPY,146.1089842307191,146.45547546471022,145.68996099568776,145.8511199951172,55870900
2013-12-02,SPY,145.9236469897869,146.1976185320669,145.24677178098543,145.47239685058594,99726000
2013-12-03,SPY,144.99691633540252,145.35952703324722,144.37644149069266,144.84381103515625,116563000
2013-12-04,SPY,144.32003246778618,145.43203771936143,143.7156772435419,144.8276824951172,123033000
2013-12-05,SPY,144.5698619312295,144.83577976289334,144.05414585348058,144.19113159179688,106934000
2013-12-06,SPY,145.5851325495481,145.93968955626457,145.16610951473427,145.80270385742188,127728000
2013-12-09,SPY,146.22981327698673,146.3909722354961,145.98001504695117,146.17340087890625,70124000
2013-12-10,SPY,145.83499042500188,146.1412011099101,145.56101891515908,145.649658203125,80976000
2013-12-11,SPY,145.7060703535577,145.7302435869926,143.83659166364,144.0138702392578,130591000
2013-12-12,SPY,143.94937882248914,144.1266573668723,143.24026464495654,143.53842163085938,115565000
2013-12-13,SPY,143.83655734613754,143.96548942412403,143.2483216468288,143.5222930908203,107808000
2013-12-16,SPY,144.19922239660568,144.8922172073805,144.15892957009603,144.4167938232422,96195000
2013-12-17,SPY,144.54570663410888,144.56987986765552,143.63514051837691,143.95745849609375,89886000
2013-12-18,SPY,144.17506324757048,146.43938014831863,142.8857787427933,146.4152069091797,234906000
2013-12-19,SPY,145.99610015680534,146.41512322178596,145.61738219487955,146.24591064453125,136531200
2013-12-20,SPY,146.3917643799095,147.44500328563038,146.2945465112687,147.09661865234375,197087000
2013-12-23,SPY,147.81769128605507,147.9716278313944,147.5098305577716,147.88250732421875,85598000
2013-12-24,SPY,147.89058780407177,148.2713742583008,147.8824904361242,148.20655822753906,45368800
2013-12-26,SPY,148.538769634162,149.04109089655717,148.52257489457256,148.96006774902344,63365000
2013-12-27,SPY,149.15448027252967,149.21928394020773,148.79799828833194,148.95193481445312,61814000
2013-12-30,SPY,148.9681420273581,149.08967672981967,148.73319471576394,148.92764282226562,56857000
2013-12-31,SPY,149.13021367539196,149.6325225830078,149.01677632216584,149.6325225830078,86119900
2014-01-02,SPY,149.0572619019038,149.1301876680309,147.84198905678443,148.19847106933594,119636900
2014-01-03,SPY,148.44960740394913,148.74938307567257,147.96350574252648,148.1741485595703,81390600
2014-01-06,SPY,148.6603217639927,148.71702808398945,147.51796200693553,147.74481201171875,108028200
2014-01-07,SPY,148.33619022120848,148.90331503712193,148.2227652580258,148.65216064453125,86144200
2014-01-08,SPY,148.62788215737586,148.93575526656878,148.17418222534167,148.68460083007812,96582300
2014-01-09,SPY,149.162631680905,149.17883878489306,148.10129507405247,148.78184509277344,90683400
2014-01-10,SPY,149.0329836006231,149.25173621262283,148.27141050598445,149.18692016601562,102026400
2014-01-13,SPY,148.8061530346556,149.2193414779922,146.9184271540029,147.20199584960938,149892000
2014-01-14,SPY,147.68806674499515,148.8871449686092,147.4126078405416,148.80612182617188,105016100
2014-01-15,SPY,149.1545001646257,149.83505002755044,148.8385297023824,149.6082000732422,98525800
2014-01-16,SPY,149.30030184857904,149.60817489005757,148.93572250926636,149.41372680664062,72290600
2014-01-17,SPY,149.15453431011005,149.43809063671137,148.52259324095513,148.78184509277344,107848700
2014-01-21,SPY,149.640612675958,149.69733134981286,148.3038173231638,149.2193145751953,88621200
2014-01-22,SPY,149.4704801355454,149.53529617838467,149.00057309675756,149.31654357910156,61270900
2014-01-23,SPY,148.56303131271588,148.58733577749584,147.30725942444167,148.09312438964844,132496900
2014-01-24,SPY,147.12903957428043,147.17764851082234,144.88483222556744,144.93344116210938,208677100
2014-01-27,SPY,145.07115235403123,145.44384142462874,143.4993976707869,144.220458984375,180843100
2014-01-28,SPY,144.32576350325067,145.26557721591556,144.30955640823473,145.07923889160156,110463200
2014-01-29,SPY,143.87211414643215,144.65799163774983,143.3049892460987,143.68577575683594,216597300
2014-01-30,SPY,144.88480979510462,145.67878448129093,144.423000244662,145.20887756347656,118938100
2014-01-31,SPY,143.4103039247274,145.2575177998419,143.3373905154876,144.35821533203125,194677900
2014-02-03,SPY,144.18808417422994,144.51215201274135,140.83393135981478,141.10939025878906,254837100
2014-02-04,SPY,141.7413268091277,142.4623882355272,141.0607769518868,142.09780883789062,165012400
2014-02-05,SPY,141.60358523152996,142.235526096595,140.7366970653076,141.9195556640625,164230500
2014-02-06,SPY,142.25173603247998,143.79107666015625,141.96007006106404,143.79107666015625,132877600
2014-02-07,SPY,144.46354101651005,145.72742287606482,143.99363400368154,145.573486328125,170787200
2014-02-10,SPY,145.58972686434663,145.88950266006307,145.19274553101138,145.84088134765625,92218800
2014-02-11,SPY,145.96235000322815,147.80956344164937,145.86511978483205,147.43687438964844,117814100
2014-02-12,SPY,147.65565347037497,148.12556046284902,147.2181606773239,147.50982666015625,94717700
2014-02-13,SPY,146.51328441295342,148.4253140946679,146.5051870448254,148.27137756347656,100542200
2014-02-14,SPY,148.1336548379803,149.3651347808746,147.99592539920312,149.0896759033203,96498400
2014-02-18,SPY,149.2192772673955,149.4704440085894,148.78988190446648,149.2678985595703,80460900
2014-02-19,SPY,148.87900661461964,149.84312495724913,148.15794529017805,148.27947998046875,126524300
2014-02-20,SPY,148.4820731474718,149.49480074668332,147.9392526377821,149.15452575683594,104998100
2014-02-21,SPY,149.43805965964395,149.7945416990972,148.91144633197612,148.98435974121094,118116400
2014-02-24,SPY,149.3003266619537,150.8153629312274,149.23551062337577,149.8107452392578,114063900
2014-02-25,SPY,149.93231516873809,150.36171074349716,149.2598624627722,149.7540740966797,117085000
2014-02-26,SPY,149.97280414356274,150.36979781010294,149.3408631151256,149.7621612548828,98677200
2014-02-27,SPY,149.5433590032566,150.58848809192418,149.3732153848072,150.54798889160156,93880800
2014-02-28,SPY,150.5236810461113,151.62552886080928,149.92415438675698,150.92877197265625,150842000
2014-03-03,SPY,149.6000853844687,150.24823338775485,148.87092660726864,149.86744689941406,167748500
2014-03-04,SPY,151.3338721036812,152.2979905454811,151.3014702670402,151.9739227294922,167545900
2014-03-05,SPY,152.10353593322412,152.37089741132786,151.86857628774212,152.11163330078125,88376900
2014-03-06,SPY,152.4843540639575,152.80842190710715,152.13596938829565,152.4600372314453,82516500
2014-03-07,SPY,153.09193258663473,153.09193258663473,151.85234326798093,152.52479553222656,114513500
2014-03-10,SPY,152.28986536855896,152.50050817424858,151.568804101615,152.4438018798828,74939200
2014-03-11,SPY,152.6707096449894,152.88946226306263,151.34201155864315,151.6903839111328,99009100
2014-03-12,SPY,150.95306741510348,151.78755361656718,150.61278020610982,151.7308349609375,104824400
2014-03-13,SPY,152.18459778141232,152.30613250992536,149.60822472058095,150.02951049804688,155014300
2014-03-14,SPY,149.76213661989323,150.531806990753,149.4299590573721,149.6082000732422,153919600
2014-03-17,SPY,150.3616730332421,151.3176942129153,150.29685699034934,150.96121215820312,98359500
2014-03-18,SPY,151.26905653240894,152.24127226630128,151.1070102747654,152.03872680664062,101804600
2014-03-19,SPY,152.05492272348843,152.26557791510368,150.26442776912222,151.22854614257812,176267300
2014-03-20,SPY,150.89636059797874,152.22505825854708,150.628999119875,152.11163330078125,117241000
2014-03-21,SPY,152.75044944260213,153.8164699459679,151.38333017408104,151.52166748046875,163128000
2014-03-24,SPY,152.0424511250663,152.2296242937265,150.23590844837983,150.89505004882812,121411000
2014-03-25,SPY,151.65998374239342,152.12383148499654,150.7648579281597,151.6111602783203,103852000
2014-03-26,SPY,152.20520838479206,152.44933813590373,150.48004633299152,150.52073669433594,119843000
2014-03-27,SPY,150.34169116039294,150.8218050830826,149.6499923506544,150.20335388183594,142383000
2014-03-28,SPY,150.6347072707036,151.70072800493435,150.54519341577802,150.94393920898438,101642000
2014-03-31,SPY,151.90420294820723,152.41687445683658,150.96838622375074,152.18087768554688,99745000
2014-04-01,SPY,152.6772090689357,153.27939421088394,152.17268329027638,153.18988037109375,89193000
2014-04-02,SPY,153.3851954141977,153.90599985255164,153.1003752485691,153.7025604248047,78774000
2014-04-03,SPY,153.9385386735108,153.97922904085934,153.02713404629642,153.49911499023438,77435000
2014-04-04,SPY,154.33729107895064,154.3698359240624,151.4403156026668,151.68443298339844,169381000
2014-04-07,SPY,151.3182221224456,151.57048498987527,149.69885245722065,150.00807189941406,140803000
2014-04-08,SPY,149.94299048633408,150.8706737747982,149.39777431317123,150.62655639648438,112660000
2014-04-09,SPY,151.03343487087818,152.29474937886064,150.59399875710085,152.2459259033203,100254000
2014-04-10,SPY,152.23774883428374,152.3109840264459,148.86064788679155,149.04782104492188,172959000
2014-04-11,SPY,148.21779511557287,149.25940375427805,147.54237487974848,147.7051239013672,167251000
2014-04-14,SPY,148.86067466742165,149.21873000501265,147.6481837669817,148.8688201904297,132382000
2014-04-15,SPY,149.17809708228373,149.9999880520286,147.70518492319698,149.89419555664062,157093000
2014-04-16,SPY,150.9276690376019,151.47288530563895,150.26038164220893,151.46475219726562,105197000
2014-04-17,SPY,151.26131851823197,152.0994881402246,151.00091003681766,151.67633056640625,105255000
2014-04-21,SPY,151.7169683461561,152.25405134015608,151.52980757562477,152.20521545410156,68329000
2014-04-22,SPY,152.3598590471574,153.31195411831976,152.27849072287074,152.89694213867188,85790000
2014-04-23,SPY,152.83993232233564,152.92130061828337,152.41677496576574,152.53883361816406,73869000
2014-04-24,SPY,153.2875224162851,153.30380104580553,152.11570942993745,152.8480987548828,88170000
2014-04-25,SPY,152.35166474693656,152.4411785595686,151.25308726617547,151.59486389160156,100380000
2014-04-28,SPY,152.21331895269222,152.73412317421972,150.51256902487066,152.07498168945312,135121000
2014-04-29,SPY,152.5632409993683,153.01894317793543,152.2377429909498,152.782958984375,84098000
2014-04-30,SPY,152.5307432797794,153.39332444378468,152.3191583336942,153.23870849609375,101508000
2014-05-01,SPY,153.1654757800572,153.6700015822539,152.76673003566995,153.25498962402344,93019000
2014-05-02,SPY,153.2387330340173,153.91415351437263,152.80744238295264,153.03529357910156,98122000
2014-05-05,SPY,152.28665320841264,153.4340548297366,151.86349562283274,153.32826232910156,75883000
2014-05-06,SPY,152.98648374201258,153.09227624143162,151.9611532678898,151.9936981201172,85454000
2014-05-07,SPY,152.5063420703446,152.96204442112963,151.3670737764242,152.88880920410156,106500000
2014-05-08,SPY,152.75048311772537,153.84091559691004,152.23781172688774,152.72605895996094,93618000
2014-05-09,SPY,152.75046377265326,153.01899288750838,152.03435302115395,152.9539031982422,83679000
2014-05-12,SPY,153.63744209724788,154.51630182236187,152.98643351379798,154.44305419921875,86940000
2014-05-13,SPY,154.64652585388436,154.95575778932218,154.42682018950765,154.58143615722656,66454000
2014-05-14,SPY,154.44305387051818,154.5163014935054,153.6292962471767,153.84901428222656,72367000
2014-05-15,SPY,153.53977767771636,153.57233493514147,151.74951344495696,152.4981689453125,154956000
2014-05-16,SPY,152.58767882300322,153.09221696437143,151.9448158005078,153.02711486816406,97458000
2014-05-19,SPY,152.734159858664,153.71066645645118,152.59582256219832,153.58860778808594,63839000
2014-05-20,SPY,153.51539585772022,153.5316744896049,152.2296695288642,152.62026977539062,111644000
2014-05-21,SPY,153.05967567853824,153.9792258101026,153.03526394203269,153.90599060058594,89093000
2014-05-22,SPY,153.94666035132914,154.59766892970487,153.68626437015237,154.28030395507812,61549000
2014-05-23,SPY,154.41864674437025,155.00455324402114,154.28030943430772,154.89877319335938,61092800
2014-05-27,SPY,155.47657229889722,155.89972985618869,155.38705843902707,155.8509063720703,72010000
2014-05-28,SPY,155.85084877760173,156.0949785249351,155.4765148427632,155.73692321777344,66723000
2014-05-29,SPY,156.0949999841699,156.5669684990892,155.69625426147576,156.5425567626953,64377000
2014-05-30,SPY,156.39606654941716,156.8924591548588,156.26586236049198,156.7947998046875,76316000
2014-06-02,SPY,157.01452153887968,157.04707879535923,156.21704259250285,156.9738311767578,64656000
2014-06-03,SPY,156.59137255113365,156.9738396251444,156.44490213995806,156.89247131347656,65047000
2014-06-04,SPY,156.62390197511905,157.2993221684052,156.4611529637503,157.20980834960938,55529000
2014-06-05,SPY,157.38882045489393,158.39787167597152,156.81104724205724,158.23512268066406,92103000
2014-06-06,SPY,158.57694952795757,159.03265182595115,158.50371431941352,158.99197387695312,78696000
2014-06-09,SPY,158.9675176141077,159.53714532704743,158.82103482109295,159.15467834472656,65119000
2014-06-10,SPY,158.959420307931,159.2035500923687,158.61764357650085,159.17100524902344,57129000
2014-06-11,SPY,158.6013513761247,158.7803790415973,158.2595746739376,158.6176300048828,68772000
2014-06-12,SPY,158.43045752788692,158.5199713540095,157.1447191240147,157.49462890625,106350000
2014-06-13,SPY,157.80389789329402,158.12940843625597,157.29937207289998,157.97479248046875,82017000
2014-06-16,SPY,157.77948235059347,158.43862411088267,157.59232155350134,158.10498046875,87424000
2014-06-17,SPY,157.8852765674043,158.65834391926754,157.71438198246568,158.54441833496094,84834000
2014-06-18,SPY,158.54438624306275,159.79756741677176,158.1944640369068,159.7080535888672,105267000
2014-06-19,SPY,159.84644036348794,159.98479011785662,159.33378138766497,159.8871307373047,85929000
2014-06-20,SPY,160.28531710020567,160.3425590847571,160.01548876544248,160.21173095703125,100587000
2014-06-23,SPY,160.25255565925482,160.3016130694721,159.86825597728316,160.16261291503906,70611000
2014-06-24,SPY,159.87650239427978,160.66963083212752,159.0179598869081,159.19784545898438,96237000
2014-06-25,SPY,158.86254355978355,160.08085675522173,158.8298427754924,159.91732788085938,82782000
2014-06-26,SPY,159.94185661236418,159.95821324273888,158.7317279701559,159.8028564453125,84312000
2014-06-27,SPY,159.4267755074071,160.1626743724009,159.35318936384482,160.11361694335938,71445100
2014-06-30,SPY,160.01548845772493,160.39978828439496,159.87648825095488,160.03184509277344,70201200
2014-07-01,SPY,160.42432465971527,161.5935808306111,160.3670951489979,161.1029815673828,90470000
2014-07-02,SPY,161.1192767376603,161.47086317689607,161.0456906191857,161.26644897460938,52475000
2014-07-03,SPY,161.72437372206824,162.13320222505553,161.60173016175438,162.0596160888672,52938800
2014-07-07,SPY,161.748906502179,161.8797221342282,161.25830733351543,161.49542236328125,61696000
2014-07-08,SPY,161.20107438754272,161.2583163668906,160.0645316437118,160.45701599121094,108143000
2014-07-09,SPY,160.8576280006354,161.32369839207587,160.5142136221045,161.176513671875,72992000
2014-07-10,SPY,159.62303107784254,160.96398831534168,159.4922029384626,160.53880310058594,99040000
2014-07-11,SPY,160.44065102516717,160.87400821945897,160.08087996353885,160.75953674316406,64243000
2014-07-14,SPY,161.57720284032473,161.7816170935777,161.43820264528745,161.56903076171875,58658000
2014-07-15,SPY,161.6671053026143,161.97781888255494,160.5550915431166,161.26644897460938,111307000
2014-07-16,SPY,161.9860010824008,162.10864462085627,161.42181585259846,161.8633575439453,79986400
2014-07-17,SPY,161.3646080550795,161.9778507827125,159.7946956930584,160.02365112304688,145398000
2014-07-18,SPY,160.54698238672265,161.8225255126589,160.4570396034088,161.65899658203125,124330000
2014-07-21,SPY,161.15204628178157,161.4872887109238,160.6123895631318,161.35646057128906,67592000
2014-07-22,SPY,161.9042592614991,162.35397311007625,161.78978777972088,162.0596160888672,67678000
2014-07-23,SPY,162.3049620792512,162.59114710372785,161.97790417395737,162.41943359375,65612000
2014-07-24,SPY,162.57478182898325,162.76283949071396,162.26406810193873,162.42759704589844,56888000
2014-07-25,SPY,161.9697044508617,162.1087046714195,161.34828949840482,161.66717529296875,76837000
2014-07-28,SPY,161.69984593685984,161.96967424755277,160.76771744376416,161.73255920410156,69259000
2014-07-29,SPY,162.03507911564066,162.2640220675247,161.01300791028154,161.03753662109375,80466000
2014-07-30,SPY,161.60988613735938,161.82248492266098,160.39158530478142,161.0620574951172,104222000
2014-07-31,SPY,159.9418771902756,160.08087737521083,157.78326333186325,157.88137817382812,183479000
2014-08-01,SPY,157.4480137175457,158.4291995212605,156.63854135579683,157.39895629882812,189261000
2014-08-04,SPY,157.70149361097822,158.87074954951996,157.03102139269023,158.53550720214844,91340000
2014-08-05,SPY,157.8895618308642,158.29839030533412,156.42594890544714,156.99830627441406,152690000
2014-08-06,SPY,156.26246791514572,157.71789673232198,156.23793919727436,157.04742431640625,94818000
2014-08-07,SPY,157.7586877610272,157.9140445322947,155.8044887214833,156.19696044921875,135733000
2014-08-08,SPY,156.54858487699323,158.11029996727902,156.13157190152958,158.00401306152344,117014000
2014-08-11,SPY,158.60096005866026,159.16514549435212,158.38837368893994,158.4619598388672,74544000
2014-08-12,SPY,158.3065792211802,158.7481085309297,157.75875050429667,158.2411651611328,73632000
2014-08-13,SPY,158.86257253309796,159.4921719144952,158.59275670324052,159.31228637695312,69047000
2014-08-14,SPY,159.57394270607392,160.0645294189453,159.42675795869354,160.0645294189453,57371000
2014-08-15,SPY,160.64508790429497,160.7922601903608,158.87894561276332,160.03184509277344,139951000
2014-08-18,SPY,160.91491676317918,161.44638887764782,160.82497398480447,161.372802734375,75424000
2014-08-19,SPY,161.7652063419477,162.33756356428478,161.4381486367413,162.2149200439453,59135000
2014-08-20,SPY,161.99420258616487,162.84457286210682,161.9615017954544,162.64833068847656,72763000
2014-08-21,SPY,162.787316255925,163.33514490540614,162.65648815192674,163.12255859375,67791000
2014-08-22,SPY,162.9917231340231,163.27790803904705,162.5011364808516,162.86907958984375,76107000
2014-08-25,SPY,163.6458888600855,164.01383205386983,162.8364038525944,163.6949462890625,63855000
2014-08-26,SPY,163.80123901367188,164.20189546138394,163.76035366570835,163.80123901367188,47298000
2014-08-27,SPY,163.88296632054315,163.99745026382894,163.4823224248595,163.7357940673828,47874000
2014-08-28,SPY,163.19617538801586,163.75218869625556,163.03264646551844,163.64588928222656,58330000
2014-08-29,SPY,163.899339676143,164.12828263316752,163.38422426106558,164.1119384765625,65907000
2014-09-02,SPY,164.3244930643598,164.3490217709855,163.41689348985,164.03013610839844,72426000
2014-09-03,SPY,164.65972751081733,164.68425621627424,163.7112426449756,163.940185546875,57462000
2014-09-04,SPY,164.2182251555205,164.8232958133007,163.2533959061348,163.70310974121094,85236000
2014-09-05,SPY,163.67039580569727,164.5044094167494,163.04898099387813,164.43899536132812,102177000
2014-09-08,SPY,164.2836375023405,164.52076501130287,163.53139458442675,164.01380920410156,64146000
2014-09-09,SPY,163.8666306451541,163.98110211790924,162.64014523286824,162.9753875732422,88591000
2014-09-10,SPY,163.06535627997027,163.69495576669377,162.52571205352214,163.5886688232422,67251000
2014-09-11,SPY,162.9345171520805,163.801231593235,162.81186111374646,163.77670288085938,66774400
2014-09-12,SPY,163.6131507745798,163.6294949295422,162.35395216104206,162.8200225830078,117409300
2014-09-15,SPY,162.84454189908553,162.97536998996358,162.2067705516219,162.69735717773438,76401000
2014-09-16,SPY,162.39488951777614,164.2182614964576,162.30494673085687,163.9239044189453,116201000
2014-09-17,SPY,164.1610099547734,164.9050683905817,163.3269962676584,164.1446533203125,151266000
2014-09-18,SPY,164.64338834023368,165.04404469926882,164.43080204491403,165.01951599121094,94990000
2014-09-19,SPY,165.5444991170389,165.85665270301035,164.53407063191025,164.87088012695312,121649000
2014-09-22,SPY,164.58331898547505,164.6079623521423,163.25251451157166,163.5975341796875,125553000
2014-09-23,SPY,163.0060456210686,163.68787458509792,162.61173927450238,162.66102600097656,111393000
2014-09-24,SPY,162.6857353128319,164.04118351419962,162.25857515371405,163.93438720703125,107276000
2014-09-25,SPY,163.50717537324027,163.51539818553275,161.2316875581392,161.2891845703125,150300000
2014-09-26,SPY,161.5849064808038,162.9732079077673,161.35489337826505,162.5706787109375,103547000
2014-09-29,SPY,161.17415416761492,162.56245548398402,161.0509373492041,162.27493286132812,95112000
2014-09-30,SPY,162.39818299639077,162.8992856800085,161.5109841859803,161.84779357910156,131302000
2014-10-01,SPY,161.58490215839535,161.64241169987864,159.29298147127415,159.65443420410156,177798000
2014-10-02,SPY,159.51477133593158,160.23767679968202,158.01147593664618,159.6790771484375,157285000
2014-10-03,SPY,160.74702079838477,161.78209246427895,160.25414086989915,161.43707275390625,121569000
2014-10-06,SPY,162.11066336986852,162.32425593280718,160.6648648377657,161.24810791015625,104778000
2014-10-07,SPY,160.4184243574114,160.7798771370357,158.72617955714793,158.759033203125,147913000
2014-10-08,SPY,158.84943446093106,161.76568823010842,158.01974495236843,161.53567504882812,186461000
2014-10-09,SPY,161.280985481495,161.50278833760757,158.2004390040593,158.33187866210938,210705000
2014-10-10,SPY,158.2908307642907,159.07944378533804,156.48357901171445,156.52464294433594,221909000
2014-10-13,SPY,156.45889788893538,157.02570787709192,153.86302120684854,153.95338439941406,230939000
2014-10-14,SPY,154.7831164444795,155.933194897987,153.64947108546195,154.191650390625,215847000
2014-10-15,SPY,152.10510680216515,154.18344838200522,149.44350941703738,153.14837646484375,380715000
2014-10-16,SPY,150.37998345406402,154.09307302453345,150.24033349135146,153.01693725585938,270391000
2014-10-17,SPY,154.78305074586507,155.87561917229954,154.1258651277756,154.82412719726562,214625000
2014-10-20,SPY,154.54490605620003,156.450731530591,154.49561930333863,156.3275146484375,130011000
2014-10-21,SPY,157.461076526223,159.53120695586858,157.2967832458834,159.42442321777344,154949000
2014-10-22,SPY,159.70373159227262,160.11447108248385,158.22506692055734,158.29078674316406,151822000
2014-10-23,SPY,159.87621818246237,161.17415633788306,159.58048527952127,160.13087463378906,154944000
2014-10-24,SPY,160.39380453756925,161.41244319926489,159.76948489414252,161.36314392089844,117927000
2014-10-27,SPY,160.78808440907653,161.3795503038094,160.2130516044126,161.14132690429688,82954000
2014-10-28,SPY,161.6835664602166,162.9979258568858,161.60962379467256,162.98971557617188,106736000
2014-10-29,SPY,163.10460144403785,163.57283779371917,161.66701369213706,162.74314880371094,142557000
2014-10-30,SPY,162.3078644502813,164.25476617446097,162.1599916738189,163.78652954101562,113330000
2014-10-31,SPY,165.7580736159183,165.7909398037196,164.9283841282159,165.6595001220703,146903000
2014-11-03,SPY,165.8730642675814,166.30844720328497,165.3719614973672,165.74984741210938,93600000
2014-11-04,SPY,165.30623181391417,165.61018759726343,164.34510279416602,165.1748046875,93343000
2014-11-05,SPY,166.3823719268475,166.42344838893314,165.48696271335152,166.21807861328125,91709000
2014-11-06,SPY,166.25913384340643,166.97381656027878,165.64302459513033,166.88345336914062,107089000
2014-11-07,SPY,166.89994658187425,167.25318919621876,166.4399201830082,167.0395965576172,89540000
2014-11-10,SPY,167.0723668097527,167.6145333057819,166.86699710427698,167.56524658203125,66319000
2014-11-11,SPY,167.63101026693292,167.8363800261612,167.29420085345245,167.72958374023438,54499400
2014-11-12,SPY,167.0477559622911,167.77887175469928,167.0148897835455,167.54885864257812,90120300
2014-11-13,SPY,167.71316485896764,168.26355431502145,166.93276227306376,167.73780822753906,85357900
2014-11-14,SPY,167.66387832263254,167.98425464921996,167.35171227398692,167.7788848876953,80417500
2014-11-17,SPY,167.45850582160978,168.05818200571437,167.2941999872576,167.8856658935547,80441000
2014-11-18,SPY,167.9431687947785,169.15895420525305,167.9431687947785,168.85501098632812,76068100
2014-11-19,SPY,168.6578839733172,168.85504348381534,167.82819453601152,168.58395385742188,82373000
2014-11-20,SPY,167.79531079731285,168.98646547998158,167.72959096735502,168.87966918945312,72840300
2014-11-21,SPY,170.5719354601238,170.73622878823045,169.2082770207614,169.78330993652344,142327300
2014-11-24,SPY,170.18585076135489,170.3665771949351,169.97227067384108,170.25978088378906,65880800
2014-11-25,SPY,170.4897656382271,170.69513541170875,169.8818791309782,170.13653564453125,79108300
2014-11-26,SPY,170.28440721568992,170.6705034183542,170.07082714955146,170.57192993164062,62167800
2014-11-28,SPY,170.44870043246496,170.76085396216712,169.97224105738928,170.21046447753906,57890100
2014-12-01,SPY,169.5532423399224,169.6682488861552,168.7153428751293,169.02749633789062,103968400
2014-12-02,SPY,169.0685945306488,170.3254564242295,169.04395116291388,170.12008666992188,74507200
2014-12-03,SPY,170.29258264275492,170.990832203972,170.1282893656905,170.77725219726562,68952000
2014-12-04,SPY,170.48979287558095,171.08948173499218,169.79975333478853,170.58837890625,91316600
2014-12-05,SPY,170.76084897425383,171.25374142642474,170.49798219193158,170.86764526367188,91025500
2014-12-08,SPY,170.47333323362324,170.96621313485872,169.1671720386272,169.7257843017578,108588200
2014-12-09,SPY,167.88565270285022,169.7175598267876,167.50777939699023,169.6107635498047,125180100
2014-12-10,SPY,169.1507915188003,169.20828854690436,166.7027743845804,166.8917236328125,159856400
2014-12-11,SPY,167.48315172911757,169.3807663177685,167.3435017956211,167.73780822753906,159012800
2014-12-12,SPY,166.46447397653924,167.433825539449,164.99403234756608,165.02688598632812,202330200
2014-12-15,SPY,165.92236517201553,166.37418123860553,163.29363424109798,163.893310546875,189965800
2014-12-16,SPY,163.12929259461615,166.2673356886068,162.53782674348534,162.5789031982422,259543800
2014-12-17,SPY,163.01430333652465,166.21806659106207,162.8910739591806,165.76625061035156,253910100
2014-12-18,SPY,168.18963614241468,174.95040565365042,167.51601726093492,169.86544799804688,257633900
2014-12-19,SPY,170.51390606577024,171.25732553971102,169.83658176707223,170.5882568359375,245084600
2014-12-22,SPY,170.77816400149624,171.37289428710938,170.53862581054813,171.37289428710938,148318900
2014-12-23,SPY,171.95112622110676,172.0006849849126,171.3150926763629,171.6042022705078,122167900
2014-12-24,SPY,171.82724606982146,172.091563703884,171.5794396226657,171.62074279785156,42963400
2014-12-26,SPY,172.06679333682945,172.51284748587747,172.017234565593,172.17417907714844,57326700
2014-12-29,SPY,171.99238910090492,172.6118987112663,171.92630656332508,172.4053955078125,79643900
2014-12-30,SPY,171.984169328845,172.11632182757245,171.4059501555861,171.4803009033203,73540800
2014-12-31,SPY,171.80247454080862,171.96767464514608,169.6548353725416,169.7787322998047,130333800
2015-01-02,SPY,170.47258874432092,170.88559529706598,168.65534982907482,169.6878662109375,121465900
2015-01-05,SPY,168.647096929558,168.8122970325031,166.31774648892383,166.6233673095703,169632600
2015-01-06,SPY,166.928980437492,167.44937271154942,164.26096171619886,165.05393981933594,209151400
2015-01-07,SPY,166.37553619335011,167.44935560927416,165.9294947211136,167.11068725585938,125346700
2015-01-08,SPY,168.51491617689666,170.2908517797395,168.4984049909054,170.07608032226562,147217800
2015-01-09,SPY,170.4890728778248,170.5055966664213,168.10189588592164,168.71315002441406,158567300
2015-01-12,SPY,168.8452700051996,169.00221444503197,166.78849371110647,167.3914794921875,144396100
2015-01-13,SPY,168.60577637472915,169.72915460451395,165.62386881945935,166.92071533203125,214553300
2015-01-14,SPY,164.91348263853635,166.111211515272,164.0213997320499,165.9129638671875,192991100
2015-01-15,SPY,166.5489757172567,166.86285203095846,164.27744036968454,164.39308166503906,176613900
2015-01-16,SPY,164.18661346110187,166.70595572276284,164.0048895862307,166.54901123046875,211879600
2015-01-20,SPY,167.1850008985163,167.4493310684787,165.34299571593226,166.90415954589844,130991100
2015-01-21,SPY,166.44163246500446,168.22582370893434,165.97906716560615,167.74673461914062,122942700
2015-01-22,SPY,168.49836906255456,170.37340919341256,167.12718468012818,170.2412567138672,174356000
2015-01-23,SPY,169.98518533689273,170.24125991747914,169.17569624213647,169.307861328125,117516800
2015-01-26,SPY,169.0931194349828,169.79522289212784,168.3827477816635,169.70436096191406,92009700
2015-01-27,SPY,167.6558913620966,168.6058014503683,166.63989870883796,167.46591186523438,134044600
2015-01-28,SPY,168.64706860560267,168.74618612993115,165.1282578484053,165.3182373046875,168514300
2015-01-29,SPY,165.51649304484636,167.10243653138437,164.1122608271368,166.84637451171875,173585400
2015-01-30,SPY,165.6734494946458,166.9950628601836,164.48398864289024,164.74830627441406,197729700
2015-02-02,SPY,165.24388830461308,166.87939036836673,163.43491798072392,166.7885284423828,163107000
2015-02-03,SPY,167.68065470962785,169.20878394437813,167.3089513455954,169.2005157470703,124212900
2015-02-04,SPY,168.44057206127013,169.64655660572535,168.10190370106497,168.55621337890625,134306700
2015-02-05,SPY,169.21704055366874,170.40650140888124,169.1427024012078,170.2578125,97953200
2015-02-06,SPY,170.62122529181084,171.18292062670562,169.26656461865574,169.78695678710938,125672000
2015-02-09,SPY,169.14271042465256,169.8613378071158,168.62231812482196,169.02706909179688,87219000
2015-02-10,SPY,170.0595726937605,171.08382082082983,169.06834693936443,170.8277587890625,96164200
2015-02-11,SPY,170.6625470171787,171.3563949145991,170.01825788329432,170.92686462402344,91087800
2015-02-12,SPY,171.71982537678446,172.62844463006107,170.95989500311532,172.57061767578125,97545900
2015-02-13,SPY,172.69452848136683,173.3305493595107,172.43845388699384,173.28099060058594,93670400
2015-02-17,SPY,172.9670836873572,173.7270265917829,172.71928991847454,173.55355834960938,76968200
2015-02-18,SPY,173.18184134699794,173.64440648413964,172.9175112092286,173.570068359375,80652900
2015-02-19,SPY,172.9753766774431,173.80964522816615,172.83495598696246,173.44619750976562,91462500
2015-02-20,SPY,173.03320849141335,174.56133766054108,172.4136987099765,174.48699951171875,140896400
2015-02-23,SPY,174.2391617104285,174.46218872070312,173.85919023381086,174.46218872070312,74411100
2015-02-24,SPY,174.38785846833633,175.1560571033271,174.090493287688,174.9578094482422,72472300
2015-02-25,SPY,174.83395297110542,175.3130421287133,174.47050515471588,174.80917358398438,73061700
2015-02-26,SPY,174.7182566612815,174.87520113297848,173.99961684898244,174.6026153564453,72697900
2015-02-27,SPY,174.50350429733115,174.76783451094943,173.95834528867053,174.00790405273438,108076000
2015-03-02,SPY,174.1070098663145,175.16430544173227,174.05745110558516,175.1064910888672,87491400
2015-03-03,SPY,174.67698803921306,175.15607714083993,173.52883035557673,174.38787841796875,110325800
2015-03-04,SPY,173.79314592999464,173.86749668575007,172.6862914344985,173.65272521972656,114497200
2015-03-05,SPY,173.97484964121526,174.12353853152536,173.33882872209776,173.8426971435547,76873000
2015-03-06,SPY,172.98361779581307,173.41314802743403,171.06727444635007,171.39767456054688,188128000
2015-03-09,SPY,171.59596916334027,172.46327285150772,171.43902465475077,172.10809326171875,89818900
2015-03-10,SPY,170.745173850606,170.82776759842554,169.27485893348538,169.316162109375,157121300
2015-03-11,SPY,169.57220721520224,169.74567549502646,168.83705613205854,168.91966247558594,110145700
2015-03-12,SPY,169.5474329380123,171.13337647061587,169.497874171987,171.0673065185547,93993500
2015-03-13,SPY,170.79474969819526,171.75291541326115,168.98577880740035,170.01829528808594,162410900
2015-03-16,SPY,170.74515462838175,172.3806568570192,170.0430385291803,172.289794921875,136099200
2015-03-17,SPY,171.55465239072544,172.1576383881858,170.96817757941653,171.77767944335938,94510400
2015-03-18,SPY,171.30683124757832,174.51176564005567,170.67079772450302,173.8426971435547,228808500
2015-03-19,SPY,173.4296999300412,173.85096203452886,172.6615012642596,173.0497283935547,117917300
2015-03-20,SPY,173.9964371148031,175.08334236742368,173.81390205525545,174.5772247314453,177715100
2015-03-23,SPY,174.58551785943564,175.15801303387462,174.23704528808594,174.23704528808594,71784500
2015-03-24,SPY,174.1125550997898,174.56887998481383,173.19158756674477,173.25796508789062,77805300
2015-03-25,SPY,173.46537261303482,173.69768758352507,170.67758030693514,170.71905517578125,159521700
2015-03-26,SPY,170.05532553117254,171.22519296417158,169.35836787678124,170.31253051757812,153067200
2015-03-27,SPY,170.19636661978635,170.87671404274337,170.00552650267113,170.70248413085938,118939000
2015-03-30,SPY,171.73135707604655,173.0837725574656,171.71477218612802,172.7850799560547,96180400
2015-03-31,SPY,171.96361589192352,172.66057350740502,171.2168909627428,171.27496337890625,126768700
2015-04-01,SPY,171.24183724971087,171.2667272448523,169.68199669966828,170.66934204101562,137303600
2015-04-02,SPY,170.6029193047295,171.73131187302016,170.4203842819018,171.2832794189453,86900900
2015-04-06,SPY,170.39547128941044,172.95094860378316,170.26272892181655,172.43653869628906,114368200
2015-04-07,SPY,172.46143685403993,173.20816176547933,171.94702692216907,171.98020935058594,81236300
2015-04-08,SPY,172.2042701655457,173.0007752267654,171.81431007882907,172.56103515625,89351900
2015-04-09,SPY,172.39514149434223,173.55671694575037,171.90562131555046,173.32440185546875,85548900
2015-04-10,SPY,173.57325759435778,174.31169017357283,173.37413767380824,174.27020263671875,72722900
2015-04-13,SPY,174.12914439239796,174.75972452913572,173.4321993930522,173.4819793701172,74436600
2015-04-14,SPY,173.28288096153133,173.99642359516923,172.6606058505757,173.8138885498047,75099900
2015-04-15,SPY,174.2785335608359,175.09992867523593,174.1955584748344,174.59381103515625,99529300
2015-04-16,SPY,174.2619265856519,175.05013921914878,174.0627939861519,174.5440216064453,68934900
2015-04-17,SPY,173.35752513560135,173.59813257219798,171.75619750508687,172.53611755371094,191113200
2015-04-20,SPY,173.4571243470922,174.4444696253035,173.37416192199962,174.1125946044922,92189500
2015-04-21,SPY,174.79295459151788,174.9505996686606,173.606489280764,173.90518188476562,72559800
2015-04-22,SPY,174.24532765331014,174.94228541591448,173.324359960795,174.75975036621094,78264600
2015-04-23,SPY,174.36147293633184,175.8466432219657,174.24531542741792,175.19947814941406,102585900
2015-04-24,SPY,175.6143384293135,175.87154345258304,175.15800081050318,175.6060333251953,61327400
2015-04-27,SPY,176.17026119156623,176.29471116892657,174.6850906072183,174.8759307861328,79358100
2015-04-28,SPY,174.85106650126215,175.4816342463108,173.68118590116646,175.43185424804688,86863500
2015-04-29,SPY,174.54402602905753,175.30734868948554,173.9051659940532,174.70997619628906,125684900
2015-04-30,SPY,174.13744681855195,174.52740684652383,172.26231664314207,172.9592742919922,161304900
2015-05-01,SPY,173.7391862143041,174.87588389704135,173.63962625911066,174.8343963623047,103399700
2015-05-04,SPY,175.25754698417074,175.9130171469318,175.14969458110048,175.3322296142578,70927200
2015-05-05,SPY,175.09166769103237,175.44844543267956,173.1833543120994,173.32440185546875,113326200
2015-05-06,SPY,173.87197243782254,174.17895746152567,171.54880933841025,172.61082458496094,135060200
2015-05-07,SPY,172.51128675011236,173.72265477190496,172.17941169055874,173.29949951171875,88244900
2015-05-08,SPY,174.96722183216667,175.78032466735576,174.88424672929662,175.58119201660156,155877300
2015-05-11,SPY,175.53965118852454,175.8051486295798,174.66846357652057,174.74313354492188,75708100
2015-05-12,SPY,173.9134587041349,174.75975644947212,173.0920509518764,174.22044372558594,119727600
2015-05-13,SPY,174.62697884122056,175.2492539083147,174.02130132077684,174.2536163330078,94667900
2015-05-14,SPY,175.26585334388207,176.1619309693813,174.99205079218353,176.07066345214844,95934000
2015-05-15,SPY,176.26150512695312,176.40255263581574,175.78027751189376,176.26150512695312,76510100
2015-05-18,SPY,176.09555469393385,177.05799719315343,176.02917716636372,176.80909729003906,74549700
2015-05-19,SPY,176.92528021508664,177.19908280806544,176.46894256012197,176.75103759765625,72114600
2015-05-20,SPY,176.85061213628197,177.3733273713964,176.3113120106909,176.62660217285156,76857500
2015-05-21,SPY,176.48557923592963,177.34846208916338,176.3196290262639,177.1410369873047,64764600
2015-05-22,SPY,176.7593246131695,177.1741747121736,176.65147219637822,176.7178497314453,57433500
2015-05-26,SPY,176.22834385452498,176.65149912254975,174.40300567272314,174.81785583496094,124308600
2015-05-27,SPY,175.2741862570893,176.70956421388289,174.86762855732204,176.4772491455078,93214000
2015-05-28,SPY,176.1702721131509,176.38598964068927,175.58948441576126,176.27813720703125,74974600
2015-05-29,SPY,176.21166321151807,176.253138077027,174.9173334342992,175.18283081054688,124919600
2015-06-01,SPY,175.84670372277478,176.1785788166493,174.75149312458691,175.5397186279297,93338800
2015-06-02,SPY,175.08329201026015,176.05403946034752,174.46101702993104,175.36538696289062,91531000
2015-06-03,SPY,175.89644040068288,176.45233800913786,175.34054279222792,175.83006286621094,87820900
2015-06-04,SPY,175.1247685850004,175.78022595277886,174.02955861123456,174.3448486328125,151882800
2015-06-05,SPY,174.19558937868064,174.71830466073908,173.3907790105239,174.04624938964844,121704700
2015-06-08,SPY,173.93833102314068,174.08768362665737,172.90120588284333,172.9758758544922,89063300
2015-06-09,SPY,172.95098876953125,173.49030144767775,172.32042123131572,172.95098876953125,105034700
2015-06-10,SPY,173.71432547087372,175.40692095542522,173.65625304064022,175.02525329589844,134551300
2015-06-11,SPY,175.46501489863908,175.97113258516208,175.23269982878148,175.5894775390625,73876400
2015-06-12,SPY,174.76800006322568,175.4649449951425,173.97148252659449,174.2452850341797,135382400
2015-06-15,SPY,173.10860566512972,173.78066063239635,172.403355608492,173.49856567382812,124384200
2015-06-16,SPY,173.3492173976957,174.52740255550577,173.17498748493023,174.44442749023438,85308200
2015-06-17,SPY,174.72653198242188,175.33222213944873,173.70600445707225,174.72653198242188,126708600
2015-06-18,SPY,175.32394929798113,177.00823971096892,174.75975923225266,176.54360961914062,165867900
2015-06-19,SPY,176.3017778218902,176.3768109906399,175.38466335339805,175.7598419189453,130478700
2015-06-22,SPY,176.67697185866157,177.24390614570285,176.45185961090112,176.66029357910156,70696000
2015-06-23,SPY,176.86877909092357,177.11890247001577,176.39355612027157,176.785400390625,68476800
2015-06-24,SPY,176.5185779533559,176.89375658989982,175.47640800639996,175.5014190673828,92307300
2015-06-25,SPY,176.0016256279538,176.12668090437373,174.8927555304371,174.96778869628906,97107400
2015-06-26,SPY,175.32633823537532,175.56812880012623,174.38422520408892,174.9344940185547,104174800
2015-06-29,SPY,173.45876660249095,174.94281557284336,171.19100380518373,171.2660369873047,202621300
2015-06-30,SPY,172.80014629128402,172.85018114556345,171.1493523105692,171.6245880126953,182925100
2015-07-01,SPY,173.19198460957617,173.44210796677788,172.21651496611176,173.00022888183594,135979900
2015-07-02,SPY,173.4754443357118,173.6421889804988,172.4249289021321,172.841796875,104373700
2015-07-06,SPY,171.55789823748768,173.12531361343667,171.35779697336875,172.34994506835938,117975400
2015-07-07,SPY,172.5499731339721,173.55878636499753,170.17382092755489,173.43373107910156,173820200
2015-07-08,SPY,172.09980861176086,172.38327583973646,170.29060275537043,170.5240478515625,164020100
2015-07-09,SPY,172.61668341636218,172.87515224406943,170.72411199229873,170.83248901367188,144113100
2015-07-10,SPY,172.82515438619453,173.40043434338125,170.87421492236402,172.9835662841797,129456900
2015-07-13,SPY,174.24247873239707,175.0011687694546,174.20078939102447,174.89279174804688,106069400
2015-07-14,SPY,174.85110984533196,175.95998021965312,174.79274222056702,175.6514892578125,81709600
2015-07-15,SPY,175.69316863008046,176.1517259350618,175.11788880399487,175.59312438964844,97914100
2015-07-16,SPY,176.6436231738465,177.00213623046875,176.4018453575481,177.00213623046875,106683300
2015-07-17,SPY,176.99379455908894,177.21057404232326,176.58527209631774,177.15220642089844,89030000
2015-07-20,SPY,177.37734308080402,177.73584347269255,176.92713121534828,177.2439422607422,70446800
2015-07-21,SPY,177.11055933777794,177.3690282234421,176.2434793633619,176.5436248779297,77965000
2015-07-22,SPY,175.85996069770812,176.56030873500586,175.82661684917207,176.226806640625,88667900
2015-07-23,SPY,176.3601524260903,176.4601966622729,174.876103554315,175.23460388183594,90509100
2015-07-24,SPY,175.3346790374915,175.39303394072115,173.0835944371468,173.41708374023438,117755000
2015-07-27,SPY,172.53337800449282,173.0419576152356,171.9664307510033,172.40830993652344,132361100
2015-07-28,SPY,173.24199465957545,174.66768879097515,172.4166041766928,174.5259552001953,123544800
2015-07-29,SPY,174.65099030361242,175.95161625375798,174.5092567292299,175.7265167236328,105791300
2015-07-30,SPY,175.21795021419427,175.9349636396938,174.6009810316665,175.76821899414062,91304400
2015-07-31,SPY,176.26845462172625,176.2934656827091,175.21795189504306,175.5014190673828,103266900
2015-08-03,SPY,175.46811453396106,175.52646944872632,173.95904142640262,174.9095001220703,113965700
2015-08-04,SPY,174.8344311081119,175.29298843792213,174.08407382064158,174.56764221191406,81820800
2015-08-05,SPY,175.4597248225571,176.1767382349005,174.85943393213935,175.14291381835938,85786800
2015-08-06,SPY,175.32629910097288,175.43468882799883,173.1252370562084,173.7088623046875,116030800
2015-08-07,SPY,173.5504868841622,173.70055325602934,172.47496033190805,173.37539672851562,117858000
2015-08-10,SPY,174.4842726082692,175.64316516294912,174.4842726082692,175.55979919433594,80270700
2015-08-11,SPY,174.22575497501467,174.64262283632794,173.2169291530456,173.9756317138672,126081400
2015-08-12,SPY,172.67506764659507,174.36755074979908,171.2160296112949,174.1841278076172,172123700
2015-08-13,SPY,174.02570109250638,174.7093706772288,173.42541019141387,173.96734619140625,89383300
2015-08-14,SPY,173.7755643017148,174.67600058360037,173.6338307279643,174.60096740722656,72786500
2015-08-17,SPY,174.00904675741438,175.5764617919922,173.55048941147336,175.5764617919922,79072600
2015-08-18,SPY,175.30134670011097,175.65151433328523,174.83445652254528,175.06790161132812,71692700
2015-08-19,SPY,174.32583589007928,175.09287138975742,172.87514356925766,173.68386840820312,172946000
2015-08-20,SPY,172.17476635204378,173.658814979638,169.9987155205132,170.0570831298828,194327900
2015-08-21,SPY,168.1895379121759,170.0320998308811,164.67951693145798,164.93797302246094,346588500
2015-08-24,SPY,156.31716098493249,164.64617515076566,152.07343524562975,157.9929656982422,507244300
2015-08-25,SPY,162.937051181498,162.953729466756,155.8419610598146,156.13377380371094,369833100
2015-08-26,SPY,160.14398522546526,162.40340227776665,157.05081959287378,162.12828063964844,339257000
2015-08-27,SPY,164.2626591901485,166.2636203663114,162.75359916753715,166.13856506347656,274143900
2015-08-28,SPY,165.49656815069264,166.61377114946035,165.01299982544998,166.14688110351562,160414400
2015-08-31,SPY,165.1714571207478,166.02187149373609,164.254342334015,164.8046112060547,163298800
2015-09-01,SPY,161.0110950686607,162.3867671258326,159.0184665026377,159.88555908203125,256000400
2015-09-02,SPY,162.2616905798971,162.96203846399754,160.4274739883416,162.92034912109375,160269300
2015-09-03,SPY,163.62899367032688,165.12138796903685,162.54514724058606,163.03704833984375,152087800
2015-09-04,SPY,160.78599337005926,161.62806215377893,159.75215614582967,160.5692138671875,207081000
2015-09-08,SPY,163.36221854722507,164.75455600996594,162.7202383253575,164.60447692871094,116025700
2015-09-09,SPY,166.18026284486265,166.3053181540487,162.03659397647715,162.40342712402344,149347700
2015-09-10,SPY,162.2116440453836,164.42938444737737,161.95318796879775,163.28717041015625,158611100
2015-09-11,SPY,162.89538460417893,164.09596678076616,162.18670373772525,164.02926635742188,119691200
2015-09-14,SPY,164.2042918267338,164.25431394794666,162.93700962820373,163.4205780029297,79452000
2015-09-15,SPY,163.92080987050704,165.90510531161007,163.3788866438561,165.46322631835938,113806200
2015-09-16,SPY,165.76337869686665,167.0890157322511,165.42154392267057,166.89724731445312,99581600
2015-09-17,SPY,166.76387002000322,169.15668815047755,166.1469008307215,166.52207946777344,276046600
2015-09-18,SPY,164.0187945909634,166.50785238419843,163.3902416722408,163.80088806152344,223657500
2015-09-21,SPY,164.63054336180713,165.669742422647,163.59972040089897,164.64730834960938,105726200
2015-09-22,SPY,162.48509755782862,162.971179937286,161.3788384622485,162.51023864746094,153890900
2015-09-23,SPY,162.6778691251511,163.14718657021248,161.67218705888504,162.25045776367188,92790600
2015-09-24,SPY,161.03525019150445,162.12474445816738,159.70272109335767,161.66380310058594,159378800
2015-09-25,SPY,163.121996846105,163.4237026548314,160.75025644738236,161.62185668945312,155054800
2015-09-28,SPY,160.72520407056442,160.83415735794168,157.2555917492138,157.565673828125,178515900
2015-09-29,SPY,157.78353990565944,159.01550458938314,156.6605156934075,157.65782165527344,159045600
2015-09-30,SPY,159.54347975454826,160.76706833242253,158.76408031426854,160.59945678710938,163452000
2015-10-01,SPY,160.97658756861168,161.32019955209685,159.08255279057036,161.01849365234375,131079000
2015-10-02,SPY,159.04063173097632,163.44887766254922,158.495878269638,163.42373657226562,211003300
2015-10-05,SPY,164.64734619822048,166.55814603288178,164.53839293436835,166.3318634033203,126320800
2015-10-06,SPY,166.1977019469901,166.75920745532682,165.09983201367962,165.76190185546875,110274500
2015-10-07,SPY,166.69214392005813,167.4715557915179,165.50208586873794,167.11956787109375,124307300
2015-10-08,SPY,166.73412628130978,168.91311473391343,166.4324203846099,168.628173828125,153055200
2015-10-09,SPY,168.77065059171088,169.20643806817367,168.1001915975367,168.72874450683594,107069200
2015-10-12,SPY,168.80414255469205,169.08908342854323,168.3767312439153,168.88795471191406,56395600
2015-10-13,SPY,168.15881617556323,169.42431063021064,167.65598162169104,167.82359313964844,88038700
2015-10-14,SPY,167.76492510688843,168.34319572404036,166.72572600400844,167.01904296875,99106200
2015-10-15,SPY,167.6810884036993,169.59188745094457,167.31233546687366,169.58351135253906,134142200
2015-10-16,SPY,169.98581547086303,170.37132068160702,169.22316836151683,170.3545684814453,114580100
2015-10-19,SPY,169.70923741616932,170.4383544921875,169.39915549426513,170.4383544921875,76523900
2015-10-20,SPY,170.00258054949444,170.83226203580736,169.75115687960545,170.22047424316406,78448500
2015-10-21,SPY,170.6395042149771,170.79035073953665,168.99688070478732,169.1645050048828,102038000
2015-10-22,SPY,170.1115543212638,172.23187176059804,169.1645433085749,172.02235412597656,174911700
2015-10-23,SPY,173.69006531550164,174.27671195318962,172.89390110807238,173.907958984375,144442300
2015-10-26,SPY,173.73201452401705,173.79067280838166,173.1118377599379,173.4805908203125,69033000
2015-10-27,SPY,172.81011938125604,173.48057828002285,172.46650743729634,173.14535522460938,77905800
2015-10-28,SPY,173.4805724101665,175.1399482178146,172.81850242234762,175.11480712890625,135906700
2015-10-29,SPY,174.6120119254061,175.38303533093182,174.49468255473792,175.0142822265625,90525500
2015-10-30,SPY,175.2070182725639,175.52548915759263,174.10077185226265,174.25999450683594,131076900
2015-11-02,SPY,174.58679552115595,176.51434680953145,174.461077314564,176.32159423828125,86270800
2015-11-03,SPY,175.96967410022543,177.3860153733307,175.74339147149564,176.8328857421875,95246100
2015-11-04,SPY,177.126141855424,177.25184727022832,175.7600833375138,176.29644775390625,96224500
2015-11-05,SPY,176.3551573584658,176.8160986601643,175.23214603282946,176.12049865722656,78408700
2015-11-06,SPY,175.77687892154736,176.2629612566358,174.70414990202073,176.02828979492188,110471500
2015-11-09,SPY,175.41655015621294,175.567409509571,173.43870308601487,174.38572692871094,131008700
2015-11-10,SPY,173.90800255500784,174.82150910678078,173.63982664827824,174.78797912597656,75874600
2015-11-11,SPY,175.05615355217398,175.1064357313411,174.03370661597697,174.1007537841797,67846000
2015-11-12,SPY,173.06156452946777,173.53088198042622,171.65361217659247,171.6703643798828,121315200
2015-11-13,SPY,171.25973163297792,171.5279075743205,169.65901372340684,169.74281311035156,153577100
2015-11-16,SPY,169.55839847536257,172.38269144815004,169.44105635054686,172.3240203857422,117645200
2015-11-17,SPY,172.63411865075938,173.51408230141928,171.70386003645876,172.1983184814453,121123700
2015-11-18,SPY,172.6760538291458,175.07293615993984,172.63416053119036,174.9304656982422,121342500
2015-11-19,SPY,174.81310398174264,175.19862199754098,174.48625703293217,174.7795867919922,88220500
2015-11-20,SPY,175.5338943203775,176.09540011887867,175.0394357081375,175.41656494140625,94011500
2015-11-23,SPY,175.47517757537733,175.9780121229308,174.75443654807228,175.2153778076172,64931200
2015-11-24,SPY,174.20971963158328,175.85234352208911,173.82421434316055,175.4500732421875,98874400
2015-11-25,SPY,175.57574276884174,175.77688426159057,175.16508368329,175.42489624023438,51980100
2015-11-27,SPY,175.51711484805486,175.8272096574253,175.0394212687719,175.62606811523438,37317800
2015-11-30,SPY,175.7852488515511,175.90257818432067,174.78794312904074,174.8968963623047,112822700
2015-12-01,SPY,175.5254827993396,176.68202415007264,175.24891800729733,176.56468200683594,97858400
2015-12-02,SPY,176.51438142859806,176.83285226890064,174.51139370825462,174.7628173828125,108441300
2015-12-03,SPY,175.0142618268885,175.28243773375337,171.59493269576072,172.315673828125,166224200
2015-12-04,SPY,172.31562763233055,175.96961449785195,172.31562763233055,175.67628479003906,192913900
2015-12-07,SPY,175.34946223361192,175.7684974241062,173.6481803832403,174.61196899414062,102027100
2015-12-08,SPY,173.05316968576795,174.56168624677528,172.45813404692703,173.4386749267578,103372400
2015-12-09,SPY,172.801735673859,174.88852275963552,171.1172060065192,172.08937072753906,162401500
2015-12-10,SPY,172.15642494397923,173.8409418923696,171.92176624832106,172.53355407714844,116128900
2015-12-11,SPY,170.42161596421371,171.08368593413098,168.8795567545404,169.1896514892578,211173300
2015-12-14,SPY,169.34889219017325,170.17019760312135,167.5721742429756,170.0444793701172,182385200
2015-12-15,SPY,171.55302505022993,172.73470749855906,170.01935453413182,171.82958984375,154069600
2015-12-16,SPY,172.95259575159645,174.645501651764,171.6368317866301,174.3437957763672,197017000
2015-12-17,SPY,174.65386687143496,174.72091403822824,171.6703382828012,171.68710327148438,173092500
2015-12-18,SPY,170.94690416829022,171.08178369521318,168.46831115642496,168.6284942626953,251393500
2015-12-21,SPY,169.80037124585664,170.19660966654243,168.6875281416203,170.01956176757812,99094300
2015-12-22,SPY,170.9047174300948,171.85737707901342,169.91834112162374,171.5623016357422,111026200
2015-12-23,SPY,172.56559014783053,173.7290146149224,172.47285322851093,173.68685913085938,110987200
2015-12-24,SPY,173.4339217902471,173.94818777080295,173.1810017751457,173.4001922607422,48539600
2015-12-28,SPY,172.70887655655358,173.0460946385875,171.9332646766393,173.0039520263672,65899900
2015-12-29,SPY,174.09992902631632,175.17904239882662,174.06621236144557,174.85025024414062,92640700
2015-12-30,SPY,174.60577723904296,174.69008820124438,173.46764356955748,173.6109619140625,63317700
2015-12-31,SPY,172.9365137681449,173.57723329901134,171.87425231933594,171.87425231933594,114877900
2016-01-04,SPY,169.02469215873788,169.47993778922142,167.422874343536,169.4715118408203,222353500
2016-01-05,SPY,169.7918801127749,170.21340912285035,168.65375950399786,169.75816345214844,110845800
2016-01-06,SPY,167.21209846423417,168.66215906111373,166.5882438599309,167.6167755126953,152112600
2016-01-07,SPY,164.67458789447326,166.45344151506174,163.20766174470162,163.59547424316406,213436100
2016-01-08,SPY,164.55651679400643,165.11293824156806,161.51307646082637,161.79971313476562,209817200
2016-01-11,SPY,162.71860109243212,163.0558319717789,160.02925718988166,161.95985412597656,187941300
2016-01-12,SPY,163.4015244612569,164.0169532623226,161.14212210067134,163.26663208007812,172330500
2016-01-13,SPY,163.93267001905855,164.27832698024162,158.81531325949402,159.19468688964844,221168900
2016-01-14,SPY,159.8017267214328,162.9294662682444,158.2083468158371,161.80819702148438,240795600
2016-01-15,SPY,157.45797250848364,159.13564997514615,156.40414983282272,158.33474731445312,324846400
2016-01-19,SPY,160.14736603081948,160.27381963470282,156.97745847695202,158.54554748535156,195244400
2016-01-20,SPY,155.99102579083947,158.07338014777642,152.61036773180177,156.5137176513672,286547800
2016-01-21,SPY,156.98583868428858,159.22836322824276,155.6622314255676,157.3905029296875,195772900
2016-01-22,SPY,159.99551732719468,160.82171041611127,159.23677040978748,160.619384765625,168319600
2016-01-25,SPY,160.11363928195084,160.30753909929825,157.99756746780884,158.19146728515625,130371700
2016-01-26,SPY,158.8490429279834,160.6278964509055,158.5118247544825,160.3496856689453,141036800
2016-01-27,SPY,159.82695436366987,161.49620578116728,157.70244437337146,158.60452270507812,185681700
2016-01-28,SPY,160.14732966105083,160.3496553813156,157.78676430027338,159.43072509765625,143798800
2016-01-29,SPY,160.1978876241089,163.4520920768119,160.0798600165619,163.31719970703125,210529300
2016-02-01,SPY,162.31397302549723,164.04224468266708,161.7322608851968,163.25819396972656,136061600
2016-02-02,SPY,161.83348660747848,161.84191255992488,159.79327407909,160.31597900390625,182564900
2016-02-03,SPY,161.36980602725322,161.68173350831097,157.73622650318634,161.27706909179688,205054900
2016-02-04,SPY,160.77967729837886,162.49951081884743,160.14738348196312,161.52999877929688,139531800
2016-02-05,SPY,161.01567798450176,161.58895134209288,157.8204804460133,158.45277404785156,180788300
2016-02-08,SPY,156.61489968589137,156.9099622889876,154.1110162141271,156.31982421875,191526700
2016-02-09,SPY,154.5831236069045,157.60127295093122,154.44823123236765,156.3282470703125,184513100
2016-02-10,SPY,157.1544910391713,158.781587282469,156.06693869578498,156.1934051513672,148214100
2016-02-11,SPY,153.72322723314252,155.20701788010714,152.66940449594475,154.16162109375,219058900
2016-02-12,SPY,155.93206008196765,157.35681772325216,155.0890018292547,157.3399658203125,127632400
2016-02-16,SPY,159.14410602685712,160.02088092779238,158.18302015711848,159.99559020996094,120250700
2016-02-17,SPY,161.15902381299634,162.98003278427333,161.03255735262937,162.6090850830078,136009500
2016-02-18,SPY,162.87881866605304,162.9378389064611,161.63109630818496,161.94302368164062,102343000
2016-02-19,SPY,161.1674172080311,162.01890126735088,160.56041434022336,161.86715698242188,114793000
2016-02-22,SPY,163.4436752219077,164.35417954418443,163.37622902795616,164.2108612060547,103640300
2016-02-23,SPY,163.55332530829386,163.82311016395872,162.01895288581227,162.13699340820312,111455300
2016-02-24,SPY,160.7121922829566,163.1570559705891,159.60778807514922,162.87884521484375,150812200
2016-02-25,SPY,163.3256446324791,164.86001657290862,162.5668974763839,164.85157775878906,110728300
2016-02-26,SPY,165.71994908705076,165.81267313539044,164.312030636082,164.4722137451172,129833700
2016-02-29,SPY,164.4891160692248,165.4333373098158,162.98847322726425,163.182373046875,125918100
2016-03-01,SPY,164.40482419838662,167.10262153774923,163.9327135232135,167.018310546875,141799700
2016-03-02,SPY,166.70633648257544,167.81916663985717,166.29323332513397,167.76858520507812,102415000
2016-03-03,SPY,167.5915456709263,168.44304274563157,167.0182722294656,168.42617797851562,95172200
2016-03-04,SPY,168.62003825160113,169.7497458306991,167.79384495325377,168.97412109375,129293600
2016-03-07,SPY,168.05523173245695,169.51373179540596,167.9793595758545,169.1090545654297,100219000
2016-03-08,SPY,168.03835062068885,168.54417777416353,167.10255559310772,167.26272583007812,123974900
2016-03-09,SPY,168.07206345871057,168.43457226724504,167.288012735809,168.08892822265625,94801200
2016-03-10,SPY,168.5779422396233,169.51373746114254,166.40285029598266,168.22384643554688,156838700
2016-03-11,SPY,169.67382867472193,170.98057099523967,168.20691615866795,170.93841552734375,137964500
2016-03-14,SPY,170.43264735941028,171.17452982159008,170.10385517875008,170.7192840576172,73612000
2016-03-15,SPY,169.75818029203575,170.7445567297748,169.49683433811077,170.44105529785156,93169100
2016-03-16,SPY,169.96050122511295,171.83209105035002,169.9183457514907,171.4274139404297,129303200
2016-03-17,SPY,171.3431490346913,173.02082657892635,170.94691066119776,172.51499938964844,134278500
2016-03-18,SPY,173.01495584424373,173.53187424367286,172.701419627185,173.1929168701172,138372400
2016-03-21,SPY,172.9302388198123,173.66747828660118,172.70143545996896,173.4386749267578,72926700
2016-03-22,SPY,172.66753124752051,173.91321974650177,172.5065348857441,173.345458984375,97471900
2016-03-23,SPY,172.96415303947393,173.1505835166322,172.03200065368247,172.2014923095703,81052500
2016-03-24,SPY,171.17610725384458,172.15910186414206,170.95578622618342,172.1251983642578,84360900
2016-03-28,SPY,172.54046502735622,172.75231668556324,171.7778042299705,172.2269287109375,62408200
2016-03-29,SPY,171.82006724704564,173.93011322688284,171.51500051418233,173.8199462890625,92922900
2016-03-30,SPY,174.81994487938724,175.3029598090337,174.21828063922183,174.58267211914062,86365300
2016-03-31,SPY,174.48949990479315,174.91320321400954,173.99800251445427,174.1590118408203,94584100
2016-04-01,SPY,173.16746390532504,175.53172153802493,172.85391481546566,175.3452911376953,114423500
2016-04-04,SPY,175.26903929948693,175.4724214579797,174.47247534171535,174.7775421142578,63497000
2016-04-05,SPY,173.43868814815048,174.78606139030236,172.7777121074572,173.0319366455078,99662200
2016-04-06,SPY,173.03190307804113,174.98094025112778,172.85394205681024,174.92161560058594,91839800
2016-04-07,SPY,173.8369066537569,174.19281570468272,172.09972136464393,172.8284912109375,113859000
2016-04-08,SPY,174.00638903997393,174.43857448496388,172.76070086981346,173.29457092285156,95040600
2016-04-11,SPY,173.93012339335658,174.6250026873143,172.79460218314483,172.8878173828125,83757500
2016-04-12,SPY,173.05735163971852,174.7775857523279,172.6166966514925,174.49794006347656,115350600
2016-04-13,SPY,175.41312217712402,176.34527437534416,175.2775340518565,176.26052856445312,96336400
2016-04-14,SPY,176.3198982265034,176.76902269200207,175.92161608835949,176.26904296875,65212900
2016-04-15,SPY,176.2690270780215,176.40461522567665,175.752108579184,176.07412719726562,75761600
2016-04-18,SPY,176.07410600301003,177.3452156408778,175.4131300257505,177.3113250732422,82531000
2016-04-19,SPY,177.73503026630098,178.12482998523546,177.05710253247176,177.87060546875,88316100
2016-04-20,SPY,177.91295087628632,178.7349360253094,177.4384054150759,178.04006958007812,81100300
2016-04-21,SPY,178.05703173609004,178.16719870773824,176.8113432719301,177.08251953125,85695000
2016-04-22,SPY,176.7266103886894,177.3536828601742,176.1842708004453,177.08251953125,99251700
2016-04-25,SPY,176.4808531477876,176.81982346782792,175.87071950211055,176.77745056152344,66166500
2016-04-26,SPY,177.14179997053336,177.54856428767246,176.56556991684317,177.0401153564453,75864200
2016-04-27,SPY,176.65880402601422,177.79432543947834,176.30289490822972,177.40452575683594,77329400
2016-04-28,SPY,176.65030689544608,177.7519246407792,175.37919756123753,175.79441833496094,97216200
2016-04-29,SPY,175.1758401291601,175.5232798328265,173.74372134169164,174.84535217285156,142424100
2016-05-02,SPY,175.34529776552623,176.41302497381514,174.91312523773163,176.23507690429688,62188000
2016-05-03,SPY,175.00634545912317,175.24361817887922,173.95555703563667,174.70127868652344,106422100
2016-05-04,SPY,173.70986782004962,174.43863794710984,173.22683989530623,173.726806640625,92243800
2016-05-05,SPY,174.19288361774173,174.54879280742685,173.26921360662573,173.6929168701172,67619200
2016-05-06,SPY,172.92171743762816,174.37078781560305,172.76919051910093,174.3284149169922,89315000
2016-05-09,SPY,174.20130986701582,174.9046456791933,174.02334886427658,174.47247314453125,74374900
2016-05-10,SPY,175.1758666469914,176.65882797062716,175.1080725776919,176.64187622070312,77472200
2016-05-11,SPY,176.18424108823578,176.7180982468476,174.98939514160156,174.98939514160156,81727000
2016-05-12,SPY,175.6588403846355,175.8283319833032,174.03182189449538,175.0402374267578,89586300
2016-05-13,SPY,174.74367267247877,175.29448163900955,173.1929174688306,173.51492309570312,96474600
2016-05-16,SPY,173.68444198123655,175.7012606591688,173.6251173196283,175.22671508789062,77486800
2016-05-17,SPY,174.95552656862571,175.24364163397829,173.0658010349655,173.59120178222656,114924900
2016-05-18,SPY,173.24379248276094,174.81996914050632,172.55739526461974,173.64207458496094,120062100
2016-05-19,SPY,172.9217383836145,173.32848981268344,171.83705928583413,173.04037475585938,115430500
2016-05-20,SPY,173.65053228615866,174.650478644596,173.5996899668205,174.13356018066406,104990400
2016-05-23,SPY,174.15049760539685,174.43014328991345,173.7098555543978,173.8962860107422,58682600
2016-05-24,SPY,174.70975671321835,176.4638939748023,174.68433555844706,176.1503448486328,93537800
2016-05-25,SPY,176.82829640945806,177.76044864519628,176.15036868622988,177.34521484375,76621400
2016-05-26,SPY,177.48077241103627,177.70957572593335,177.0824904271165,177.39602661132812,55280700
2016-05-27,SPY,177.55710332663935,178.1672371112262,177.50626099965686,178.1587677001953,64211200
2016-05-31,SPY,178.4299121622553,178.5400791459648,177.26048704410013,177.8197784423828,109879400
2016-06-01,SPY,177.20964832225997,178.36212171316362,177.01474844207405,178.18417358398438,69936200
2016-06-02,SPY,177.78586458863467,178.74342502410155,177.31131907541297,178.7264862060547,63044700
2016-06-03,SPY,178.16722105071435,178.54008198883983,176.98932650367107,178.19264221191406,101757100
2016-06-06,SPY,178.54851283883448,179.45524382712608,178.38750356574386,179.09933471679688,64887000
2016-06-07,SPY,179.25189200266425,179.93828918383645,179.22647084265023,179.37899780273438,60974800
2016-06-08,SPY,179.51459018821174,180.09083333308234,179.38748438513582,179.96371459960938,66170900
2016-06-09,SPY,179.23491345533657,179.8365776566402,178.96375014559598,179.7179412841797,73786900
2016-06-10,SPY,178.34515166586806,178.68410904426875,177.4723112022157,178.01466369628906,113829200
2016-06-13,SPY,177.4130192122889,178.2688950927016,176.55714333187618,176.64187622070312,117751200
2016-06-14,SPY,176.26048200142745,176.88756721733515,175.34528179323456,176.29437255859375,125059300
2016-06-15,SPY,176.29443297815249,177.41301570387913,175.86226034161066,176.04869079589844,109124500
2016-06-16,SPY,176.04869354899654,176.7435730586443,174.2182924766721,176.57408142089844,149533100
2016-06-17,SPY,176.47010087336312,176.49565422401903,175.26052795098747,175.9164276123047,117055700
2016-06-20,SPY,177.8756679387866,178.54859475858052,176.96422142590865,177.04940795898438,82789600
2016-06-21,SPY,177.43273333856484,177.96085348588815,176.98978673242604,177.55198669433594,72461700
2016-06-22,SPY,177.7308159554772,178.45486236220714,177.11750942210634,177.2623291015625,95560500
2016-06-23,SPY,178.71892654071584,179.62184645879435,178.2589531287725,179.57073974609375,102731400
2016-06-24,SPY,173.45476529696333,179.60485903143808,172.67961199025197,173.12255859375,333444400
2016-06-27,SPY,171.71704230971076,171.72556876131333,169.2127090948055,170.02194213867188,230775800
2016-06-28,SPY,171.62333532467787,173.11400855868138,171.31668202520586,173.0884552001953,159382400
2016-06-29,SPY,174.48539942212344,176.26568575451566,174.3831860051859,176.03570556640625,137328600
2016-06-30,SPY,176.50424407060433,178.4889576718171,175.95055761303408,178.43785095214844,165021900
2016-07-01,SPY,178.4378526432485,179.2981924246243,178.27600603100393,178.81265258789062,106055300
2016-07-05,SPY,177.986355830234,178.09709569943664,176.9301158383466,177.52638244628906,109803700
2016-07-06,SPY,177.03233631305994,178.71040933220064,176.3764365193641,178.59115600585938,96021500
2016-07-07,SPY,178.77005163259213,179.43446496128354,177.71381146782082,178.48043823242188,85593800
2016-07-08,SPY,179.7751834231794,181.38510989572447,179.54519021349057,181.13807678222656,133971000
2016-07-11,SPY,181.59805826929207,182.34765804487336,181.3936184220505,181.7769317626953,73633900
2016-07-12,SPY,182.73942336344783,183.39532294643183,181.80242395918492,183.09718322753903,101275600
2016-07-13,SPY,183.5146322808212,183.52314573341144,182.5861590406213,183.0716857910156,87324100
2016-07-14,SPY,184.3323481790319,184.5623413535461,183.7020148085183,184.0938415527344,91230900
2016-07-15,SPY,184.65606748793812,184.85198088781613,183.4039010235686,183.8468475341797,107155400
2016-07-18,SPY,183.96612717664067,184.50277373745143,183.71058057636697,184.34092712402344,58725900
2016-07-19,SPY,183.92349496786625,184.1875549664378,183.67647487174236,184.1534881591797,54345700
2016-07-20,SPY,184.1535087713769,185.15864216846143,184.1535087713769,184.92013549804688,58159500
2016-07-21,SPY,184.80943298769503,185.0308997829632,183.77873309932335,184.2216796875,67777300
2016-07-22,SPY,184.34089084954488,185.0990040493372,184.07683084702492,185.0478973388672,62787500
2016-07-25,SPY,184.84344312947383,184.8945498359708,183.96607667424624,184.54530334472656,55873100
2016-07-26,SPY,184.44307799515505,184.9882378252352,183.78717830974068,184.63047790527344,70080500
2016-07-27,SPY,185.0053141240369,185.0734607409088,183.6679611384984,184.43460083007807,84083900
2016-07-28,SPY,184.23868801764283,184.93718114385536,183.7787145668885,184.64756774902344,65035700
2016-07-29,SPY,184.38350708685488,185.3034539852409,184.10240714659952,184.94569396972656,79519400
2016-08-01,SPY,185.00537280474933,185.39719972899596,184.3409593265553,184.79241943359372,73311400
2016-08-02,SPY,184.54530878477047,184.69864190641763,182.77354891834585,183.6083221435547,92295500
2016-08-03,SPY,183.548737525343,184.2046374459929,183.25061065060416,184.1450042724609,53993600
2016-08-04,SPY,184.25574059138555,184.65609389903167,182.5010071992208,184.34092712402344,46585500
2016-08-05,SPY,184.3409325222498,185.89122608006628,184.3409325222498,185.8486328125,71892200
2016-08-08,SPY,186.0359807982686,186.1382072113854,185.4737940154916,185.73785400390625,39906500
2016-08-09,SPY,185.80605254257412,186.34268612145965,185.52495257380536,185.8486328125,51251700
2016-08-10,SPY,185.95930877684123,186.0359688335209,185.03934910377703,185.3885955810547,57941100
2016-08-11,SPY,185.9167709854497,186.4960108031976,185.65271093524512,186.2489776611328,72504300
2016-08-12,SPY,185.942323242528,186.30009627357856,185.68678964554863,186.08714294433597,61313500
2016-08-15,SPY,186.45338874073167,186.9729953068201,186.44487528797663,186.62374877929688,49813500
2016-08-16,SPY,186.20638433318723,186.2745179562473,185.6612243652344,185.6612243652344,53213600
2016-08-17,SPY,185.6953007652244,186.1467607777324,184.86052736442625,186.01046752929688,75134300
2016-08-18,SPY,185.98490989689367,186.4619232578189,185.8741830080184,186.4278564453125,52989300
2016-08-19,SPY,185.95934477450407,186.33414467656132,185.473817990576,186.1552581787109,75443000
2016-08-22,SPY,185.91675056339253,186.3767369854356,185.55047711402335,186.1467437744141,61368800
2016-08-23,SPY,186.76006735483244,187.05820721101117,186.46192749865372,186.5215606689453,53399200
2016-08-24,SPY,186.37672479739825,186.4704247663063,185.1501117490151,185.5675048828125,71728900
2016-08-25,SPY,185.18419646592585,185.85713621615523,185.03087631886928,185.4397430419922,69224800
2016-08-26,SPY,185.627115791674,186.64928894848688,184.20458942381688,185.0904693603516,122506300
2016-08-29,SPY,185.21827125245895,186.26599788851843,185.1841914445002,186.0019378662109,70502200
2016-08-30,SPY,185.9167334635116,186.19783336276384,185.1415933751172,185.6952667236328,58114500
2016-08-31,SPY,185.3630734334427,185.4823267631208,184.3920068924529,185.1671600341797,85269500
2016-09-01,SPY,185.1586192774392,185.4652725297236,184.0171927819061,185.1756591796875,97844200
2016-09-02,SPY,186.0275074347612,186.43637418242807,185.43975417381776,186.01046752929688,79293900
2016-09-06,SPY,186.29154717458263,186.64930716450087,185.57602719474625,186.57264709472656,56702100
2016-09-07,SPY,186.4108268379016,186.73452006397048,185.95085335663944,186.55563354492188,76554900
2016-09-08,SPY,186.2233691470298,186.49595556821143,185.82301596444177,186.12966918945312,74102900
2016-09-09,SPY,184.8179524021347,184.8690591259492,181.64920554922557,181.6747589111328,221589100
2016-09-12,SPY,180.91659072552463,184.68160321216067,180.84844411519543,184.28125,168110900
2016-09-13,SPY,183.00359175487807,183.2676518350536,181.0103514745452,181.63217163085935,182828800
2016-09-14,SPY,181.68326396938676,182.8843239140845,181.0103371408601,181.5640106201172,134185500
2016-09-15,SPY,181.40214184170569,183.76165500904517,181.22325535365331,183.3783416748047,134427900
2016-09-16,SPY,182.7636373925048,182.94342749776692,181.9845817718176,182.66946411132807,155236400
2016-09-19,SPY,183.32012466255208,183.9622116674637,182.37839183003092,182.70372009277344,80250500
2016-09-20,SPY,183.5598398399784,183.7139344539165,182.67804138032696,182.7122802734375,69665300
2016-09-21,SPY,183.41428773203177,184.94672955056805,182.7293923522737,184.76695251464844,110284400
2016-09-22,SPY,185.77716455183224,186.23090496857745,185.5288966696349,185.93125915527344,76678700
2016-09-23,SPY,185.5374671479672,185.67444884801776,184.81833281764256,184.9125061035156,73630900
2016-09-26,SPY,184.0821220553539,184.26189915467572,183.2174362714336,183.4143524169922,89827300
2016-09-27,SPY,183.2516479102736,184.6471082252483,182.8835112062276,184.55294799804688,78494800
2016-09-28,SPY,184.775542179436,185.623101833831,183.81669631342595,185.468994140625,87411000
2016-09-29,SPY,185.2634903595277,185.6658659097893,183.24305615132027,183.7909698486328,128070600
2016-09-30,SPY,184.62141895723136,185.87991058216204,184.37315105327025,185.1779022216797,117202900
2016-10-03,SPY,184.7669942711101,184.9553278063955,184.09921165404296,184.7327423095703,83512100
2016-10-04,SPY,184.844001895467,185.06658734449323,183.2002608035293,183.7909698486328,119948100
2016-10-05,SPY,184.41596250490636,185.0323671094434,184.3474716529251,184.60430908203125,72816000
2016-10-06,SPY,184.3817315519148,184.9553278063955,183.84238725897384,184.7327423095703,62927400
2016-10-07,SPY,185.00672208004403,185.17794271296972,183.3715369495148,184.09922790527344,89788300
2016-10-10,SPY,185.05810546875,185.52040253020724,184.91256726304496,185.05810546875,51855000
2016-10-11,SPY,184.62997321386428,184.6984640590552,181.9931344588337,182.7208251953125,130367400
2016-10-12,SPY,182.85781322727743,183.48278731258372,182.3612643798928,182.96055603027344,73866100
2016-10-13,SPY,181.63354592151325,182.8577853439333,180.8202384585352,182.3612365722656,101357000
2016-10-14,SPY,183.3372581352872,183.79956814610816,182.37841228068805,182.45545959472656,93346200
2016-10-17,SPY,182.4297496987284,182.68658710349447,181.6421245705274,181.8219146728516,58275700
2016-10-18,SPY,183.4142964650176,183.4742177920796,182.5838629003062,182.96055603027344,76869700
2016-10-19,SPY,183.22597713186872,183.75676495027773,182.866409926176,183.4485626220703,66519200
2016-10-20,SPY,183.09752483983908,183.6625645353384,182.44688138226903,183.1060943603516,73639800
2016-10-21,SPY,183.10609240583523,183.2773129914425,182.14723361250657,183.1916961669922,89089100
2016-10-24,SPY,184.06495270797885,184.33891611727435,183.61976869952085,183.9707794189453,60146600
2016-10-25,SPY,183.7910151836165,184.04785265018012,183.1917364704988,183.3544006347656,66542300
2016-10-26,SPY,182.53245047935712,183.5683432536156,182.29272604367884,182.98619079589844,75705500
2016-10-27,SPY,183.7054026478436,183.73964154554864,182.42122843952797,182.49827575683597,77220200
2016-10-28,SPY,182.472644168003,183.14897035834,181.24840401862747,181.9589691162109,140623200
2016-10-31,SPY,182.2927681902188,182.51536670410897,181.8047888776386,181.9674530029297,61272500
2016-11-01,SPY,182.2927891440418,182.34416708158656,179.44193411679908,180.6490478515625,122781800
2016-11-02,SPY,180.3408231798048,180.72608581549636,179.12514007455266,179.561767578125,103330800
2016-11-03,SPY,179.77583549116116,179.98986452919675,178.465978823447,178.73992919921875,88939300
2016-11-04,SPY,178.85120155849046,179.690191603582,178.3974611112159,178.54299926757812,109122100
2016-11-07,SPY,178.54298408491587,182.51536157260367,178.54298408491587,182.48110961914065,109794900
2016-11-08,SPY,182.08731064527544,183.86803345879056,181.8219167804816,183.3029937744141,106772100
2016-11-09,SPY,181.81336513348813,185.86280353964403,181.7876826965184,185.24639892578125,258429000
2016-11-10,SPY,186.03405331261015,186.8987259738683,184.25333004480336,185.70872497558597,172113300
2016-11-11,SPY,184.98956331771265,185.52035110471616,184.33891980256973,185.2806396484375,100552700
2016-11-14,SPY,185.80285585272796,186.00832839708144,184.68134597429705,185.42616271972656,94580000
2016-11-15,SPY,185.81145806271672,186.873046875,185.6059985310661,186.873046875,91652600
2016-11-16,SPY,186.25663975757348,186.7531887248366,186.13678401122007,186.52203369140625,65617700
2016-11-17,SPY,186.6760383049428,187.5407104930057,186.5647390793336,187.4807891845703,69797200
2016-11-18,SPY,187.54936330481613,187.72058391490276,186.88158071787657,187.06137084960935,86265800
2016-11-21,SPY,187.63494794012425,188.49962042401,187.48940978323023,188.47393798828125,72402600
2016-11-22,SPY,188.7820761261849,189.021787487054,188.11430689757972,188.84201049804688,67429000
2016-11-23,SPY,188.3283891520488,188.9961585697166,188.1314861348629,188.94479370117188,56620200
2016-11-25,SPY,189.2872681456414,189.6810742220705,189.21020777130136,189.64683532714844,37872300
2016-11-28,SPY,189.3386507599294,189.61260113485756,188.65375522766547,188.7564849853516,76572500
2016-11-29,SPY,188.79070329643196,189.5783284459944,188.49105747219588,189.1245880126953,69886700
2016-11-30,SPY,189.7410437221064,189.90370789549405,188.61096403117952,188.6708984375,113291800
2016-12-01,SPY,188.97050173292385,188.97050173292385,187.61783673708024,187.9774169921875,79040500
2016-12-02,SPY,188.06297674697552,188.55952553277265,187.71196609547025,188.071533203125,74840300
2016-12-05,SPY,188.90201429267543,189.54410137465365,188.70511124525808,189.20166015625,67837800
2016-12-06,SPY,189.390001773934,189.83518579680896,188.91057885543557,189.80093383789065,59877400
2016-12-07,SPY,189.6468370623224,192.3435974799464,189.5269813340568,192.2836761474609,110738100
2016-12-08,SPY,192.25796558637467,193.2253677289716,191.99255866812285,192.75450134277344,99714400
2016-12-09,SPY,192.97711869989007,193.93596447940917,192.94286674302492,193.91883850097656,88005800
2016-12-12,SPY,193.82468599748915,194.30412200195045,193.27677219854309,193.6962738037109,102016100
2016-12-13,SPY,194.3554656497969,195.48553202149307,194.33833967139876,194.98898315429688,110477500
2016-12-14,SPY,194.68932715558245,195.3913354266373,192.942843339538,193.3794708251953,142501800
2016-12-15,SPY,193.6192651052108,195.0318517716962,193.38811004701023,194.1757354736328,124972600
2016-12-16,SPY,194.63119601296236,194.69148365321516,193.47724222226503,193.79586791992188,156420200
2016-12-19,SPY,193.9767254413872,194.6398238091912,193.83032948958677,194.2178497314453,90341100
2016-12-20,SPY,194.75179627515465,195.11349590689724,194.5192919779791,194.9670867919922,89838800
2016-12-21,SPY,194.8379605270672,195.0101903503032,194.4246063232422,194.4246063232422,67909000
2016-12-22,SPY,194.27815603553404,194.39871819214372,193.69255903179445,194.0886993408203,56219100
2016-12-23,SPY,194.13181778074988,194.38156221506125,193.94237415718536,194.3729553222656,36697800
2016-12-27,SPY,194.63987303648184,195.2512908050914,194.62264611418124,194.85516357421875,42672500
2016-12-28,SPY,195.1134995195581,195.1307133002148,193.1328240999208,193.2447662353516,64095000
2016-12-29,SPY,193.31366332831337,193.66674294079067,192.7625201133474,193.20172119140625,48696100
2016-12-30,SPY,193.5289362249953,193.6150576827328,191.80661219256285,192.49554443359372,108998300
2017-01-03,SPY,193.795972957041,194.4762985843745,192.79703459965083,193.9682159423828,91366500
2017-01-04,SPY,194.2953794720281,195.26849680321703,194.28677258194588,195.12210083007807,78744400
2017-01-05,SPY,194.8551446586341,195.12210279706625,194.17481926686477,194.9670867919922,78379000
2017-01-06,SPY,195.07907571181272,196.12969466640837,194.53653931091543,195.6646728515625,71559900
2017-01-09,SPY,195.4063039034097,195.54409299917103,194.98432972524992,195.01878356933597,46939700
2017-01-10,SPY,195.0359973510876,195.87132567623996,194.6312500949708,195.01878356933597,63771900
2017-01-11,SPY,194.932620676646,195.56988525390625,194.26952229195652,195.56988525390625,74650000
2017-01-12,SPY,195.0532524870553,195.2685430527143,193.72706838432487,195.0790863037109,72113200
2017-01-13,SPY,195.2512315803296,195.82820846961744,195.21679088646675,195.5268096923828,62717900
2017-01-17,SPY,194.8896192907464,195.29436658409256,194.45043129043768,194.83795166015625,61240800
2017-01-18,SPY,195.08765908587077,195.3115696447944,194.53651585975967,195.2685089111328,54793300
2017-01-19,SPY,195.34600995331297,195.48379904463545,194.11455444288248,194.54513549804688,66608800
2017-01-20,SPY,195.2254491108912,195.7507585273752,194.59680444535823,195.2599029541016,129168600
2017-01-23,SPY,195.2599114531842,195.3201859709893,193.9940020360689,194.75181579589844,75061600
2017-01-24,SPY,194.9671136633464,196.41387296884557,194.85517151455983,196.00051879882807,95555300
2017-01-25,SPY,196.947786200198,197.69700622558597,196.78416328499495,197.69700622558597,84437700
2017-01-26,SPY,197.55060044787436,197.8175717636981,197.2147477205455,197.4903259277344,59970700
2017-01-27,SPY,197.56781818965763,197.71421417781397,196.99944801896265,197.1802978515625,59711100
2017-01-30,SPY,196.49137484772928,196.5172086621444,194.9757341274424,195.95745849609372,79737300
2017-01-31,SPY,195.4665590486064,196.0004884566942,194.89820208042727,195.9402008056641,75880800
2017-02-01,SPY,195.9401682595318,196.8529977813524,195.4320858864864,196.0176696777344,79117700
2017-02-02,SPY,196.0177446598415,196.4311119956221,195.3288253807931,196.1469268798828,69657600
2017-02-03,SPY,197.05110656225563,197.6797511793912,196.74108769868505,197.4989013671875,80563200
2017-02-06,SPY,197.09416062482688,197.4903009625108,196.80997556219745,197.1458282470703,57790100
2017-02-07,SPY,197.53333230577763,197.77445660056665,196.96496226507992,197.1544189453125,57931200
2017-02-08,SPY,197.1544447735918,197.54196507382068,196.6119084690972,197.4127960205078,51566200
2017-02-09,SPY,197.4127882313204,198.88536794214565,197.4127882313204,198.5839691162109,65955200
2017-02-10,SPY,198.92844207107467,199.59154055725963,198.60119627316436,199.3676300048828,66015900
2017-02-13,SPY,199.85849382600335,200.711049001728,199.83266001525024,200.45269775390625,55182100
2017-02-14,SPY,200.27181596629785,201.26216006813092,199.92735645105307,201.2535400390625,71109000
2017-02-15,SPY,201.03830504218527,202.49367120529897,200.98663741466743,202.30421447753903,86785800
2017-02-16,SPY,202.3299910531187,202.51084083856136,201.3827208225893,202.1319274902344,84722400
2017-02-17,SPY,201.46888297145847,202.4506072998047,201.4516560491249,202.4506072998047,77204100
2017-02-21,SPY,202.82086084394624,203.828418722286,202.8122408148868,203.65618896484372,88946100
2017-02-22,SPY,203.251490149344,203.6992849971404,203.08786724175664,203.4753875732422,62115200
2017-02-23,SPY,203.9921337365492,204.0093475218673,202.85539317143284,203.61322021484372,74615900
2017-02-24,SPY,202.7692193791813,203.9145533270004,202.72615864919572,203.8715057373047,82381600
2017-02-27,SPY,203.785346859116,204.3623237421689,203.5356156955181,204.19009399414065,56515400
2017-02-28,SPY,203.81122209260744,204.05234641691743,203.2514720126643,203.6389923095703,96961900
2017-03-01,SPY,205.2923958208318,206.95444520988164,205.2751689026277,206.48941040039065,149158200
2017-03-02,SPY,206.30002620959627,206.3086462418714,205.1374650579512,205.1891326904297,70246000
2017-03-03,SPY,205.10297729567483,205.4818907249212,204.7240638664285,205.3182678222656,81974300
2017-03-06,SPY,204.5259983221816,205.0599146181717,204.1040241635596,204.70684814453125,55391500
2017-03-07,SPY,204.40543208279612,204.75851168969493,203.88872957805205,204.0954132080078,65103700
2017-03-08,SPY,204.38822766273705,204.64657894355068,203.57873311499068,203.71652221679688,78168800
2017-03-09,SPY,203.83706442731705,204.30209931528373,203.01035617805067,203.974853515625,90683900
2017-03-10,SPY,204.93074530765568,204.9738060405708,203.74233740870923,204.6896209716797,81991700
2017-03-13,SPY,204.6293000992912,204.83598369955777,204.3020674908966,204.7929229736328,57256800
2017-03-14,SPY,204.25038638137607,204.3020671365696,203.3978444548684,204.0092620849609,59880800
2017-03-15,SPY,204.5776435433198,206.1966323155387,204.34512612298656,205.774658203125,96081800
2017-03-16,SPY,205.9124704103293,205.98997184571735,205.0427014191847,205.36993408203125,78344000
2017-03-17,SPY,205.63196665468865,205.82224755344623,205.0092315673828,205.0092315673828,89002100
2017-03-20,SPY,205.00928004947667,205.2947014651116,204.3952023470911,204.78440856933597,52537000
2017-03-21,SPY,205.38982235241295,205.51090901439775,202.02532881856095,202.15505981445312,131809300
2017-03-22,SPY,202.1896540008086,202.9161739384226,201.56691885500925,202.63075256347656,97569200
2017-03-23,SPY,202.63076264780625,203.54756354767736,202.0426312016461,202.4145355224609,100410300
2017-03-24,SPY,202.7172579452155,203.28808752371825,201.4890894619878,202.2675018310547,112504900
2017-03-27,SPY,200.59819347881407,202.3193658995784,200.32142966093872,202.0598907470703,87454500
2017-03-28,SPY,201.75717813101937,203.9540395726788,201.64473582031036,203.53024291992188,93483900
2017-03-29,SPY,203.2448614008013,203.95407953685887,203.01997673531775,203.72055053710935,61950400
2017-03-30,SPY,203.66002924668305,204.56818591683856,203.4870501660482,204.36924743652344,56737900
2017-03-31,SPY,204.0319147619612,204.55950948750663,203.84163383160336,203.8935394287109,73733100
2017-04-03,SPY,203.9454638127696,204.14438910844743,202.3107869801188,203.53895568847656,85546500
2017-04-04,SPY,203.25350299956253,203.75515152683076,202.8729411376724,203.6686553955078,56466200
2017-04-05,SPY,204.34329340648705,205.32064431094847,202.8556496145903,203.063232421875,108800600
2017-04-06,SPY,203.2015942350403,204.1529856156892,202.76048247725743,203.6340484619141,69135800
2017-04-07,SPY,203.3832045773136,204.11838199483628,202.9421060452729,203.42645263671875,74412300
2017-04-10,SPY,203.56486351066155,204.3432758756478,203.0199669366974,203.5475616455078,67615300
2017-04-11,SPY,203.1669856288412,203.40915893428013,201.81773058497976,203.3053741455078,88045300
2017-04-12,SPY,203.0286263653224,203.2189072914228,202.1896640631861,202.4145355224609,81864400
2017-04-13,SPY,202.0771889279115,202.81236631371328,201.09983825683597,201.09983825683597,92880400
2017-04-17,SPY,201.61881958860167,202.881591796875,201.41989433024537,202.881591796875,68405400
2017-04-18,SPY,202.1464378130178,202.81242112623795,201.59289684029733,202.2761688232422,83225800
2017-04-19,SPY,202.83832324402883,203.2102275241488,201.67933594893103,201.9042205810547,68699900
2017-04-20,SPY,202.51831842688944,203.98867342346213,202.19830650755495,203.5475616455078,92572200
2017-04-21,SPY,203.46972277708795,203.52161517502364,202.50102948907167,202.8988800048828,110389800
2017-04-24,SPY,205.13900016923373,205.33793863462017,202.87294402881207,205.1303558349609,119209900
2017-04-25,SPY,205.770403129318,206.6699022442996,205.68390699246356,206.32394409179688,76698300
2017-04-26,SPY,206.2893390793656,207.17154951947384,206.1509637376968,206.19419860839844,84702500
2017-04-27,SPY,206.51420510170556,206.66988229606815,205.83091999989716,206.3671722412109,57410300
2017-04-28,SPY,206.6266528597332,206.65259906113272,205.78769048792756,205.9174346923828,63532800
2017-05-01,SPY,206.43637084960935,206.8601807993716,206.0212184319072,206.43637084960935,66882500
2017-05-02,SPY,206.57475792811164,206.69584459897976,206.10771311117955,206.51422119140625,57375700
2017-05-03,SPY,206.51421282157696,206.6093532875072,205.588754362305,206.2633819580078,73137700
2017-05-04,SPY,206.56611939387076,206.64395799930224,205.6579627381305,206.5055694580078,61462700
2017-05-05,SPY,206.87742871773932,207.33582908383048,206.43631701634504,207.3185272216797,62001300
2017-05-08,SPY,207.3618199234985,207.5088527898016,206.86017139275205,207.2839813232422,48385700
2017-05-09,SPY,207.5434297786772,207.7423550195188,206.7477024204008,207.0936737060547,51363200
2017-05-10,SPY,207.0504390584408,207.4655914306641,206.8428562736012,207.4655914306641,54293800
2017-05-11,SPY,207.0158171111785,207.20609800237523,205.9606278772528,207.0417633056641,62358300
2017-05-12,SPY,206.79092596505467,207.08499162490676,206.427666056275,206.6957855224609,53912700
2017-05-15,SPY,207.11964874350585,207.9586110815385,207.10234687745012,207.8375244140625,61918900
2017-05-16,SPY,208.13156340453983,208.1575096015608,207.25801064410544,207.647216796875,51241800
2017-05-17,SPY,207.64724366280345,207.64724366280345,203.9021881045896,203.96273803710935,172174100
2017-05-18,SPY,203.88489625385785,205.63201528405148,203.6254210398754,204.78440856933597,107047700
2017-05-19,SPY,205.2686960201495,206.78228560117083,205.21680363182136,206.1163024902344,115011400
2017-05-22,SPY,206.6266353290807,207.32722229980183,206.55745426285637,207.1628875732422,61010600
2017-05-23,SPY,207.5348112360203,207.7856421149229,207.15424934903544,207.62130737304688,48341700
2017-05-24,SPY,207.85484941708717,208.20945192723076,207.51752238000836,208.1056671142578,46927700
2017-05-25,SPY,208.6159188746887,209.377042546185,208.40834928970304,209.1002655029297,64071700
2017-05-26,SPY,208.91002179226533,209.22138942265477,208.83218318403252,209.05706787109372,46629900
2017-05-30,SPY,208.7370082051156,209.12621437940425,208.58133101438253,208.8753967285156,35201900
2017-05-31,SPY,209.16947497747935,209.20407870913107,208.13158738469383,208.82351684570312,91796000
2017-06-01,SPY,209.28192375663733,210.5014479845229,208.99650235027323,210.4841461181641,68962000
2017-06-02,SPY,210.5360110522851,211.34038276481596,210.2419453498353,211.1846923828125,88666100
2017-06-05,SPY,211.0117508671959,211.29717228709103,210.8301142554598,211.029052734375,44698800
2017-06-06,SPY,210.46687556555,211.02041659427644,210.2765945996635,210.3544464111328,50375400
2017-06-07,SPY,210.69168365933325,210.96844747433232,210.02570052088976,210.7435760498047,54144300
2017-06-08,SPY,210.83873725835196,211.32308388038217,210.31978690763057,210.84738159179688,65950700
2017-06-09,SPY,211.1155056935656,211.91121990384883,209.26460209199337,210.52737426757807,132256400
2017-06-12,SPY,210.28522084613712,210.5360385197835,209.63653943097972,210.4841461181641,86108100
2017-06-13,SPY,211.0203777650746,211.56527435779935,210.67441963482645,211.5133819580078,60067000
2017-06-14,SPY,211.78146296259584,211.7901072951697,210.42355049360853,211.24522399902344,78602300
2017-06-15,SPY,209.89603041000052,210.95987757986543,209.6192664973441,210.8387908935547,66464900
2017-06-16,SPY,210.99781733459517,211.04996279608503,210.00701378083883,210.88482666015625,84553100
2017-06-19,SPY,211.7104855879904,212.7012891020136,211.61488115848744,212.6404571533203,65123800
2017-06-20,SPY,212.28414250670747,212.2928289972436,211.1890479173653,211.2064208984375,56906400
2017-06-21,SPY,211.59751403942832,211.7104914506489,210.684928689232,211.1542510986328,55977600
2017-06-22,SPY,211.16295897267003,211.6583541315483,210.88483215505545,211.05865478515625,44148100
2017-06-23,SPY,211.1194753547663,211.6409431841956,210.73705765609583,211.3106842041016,66986800
2017-06-26,SPY,211.9798745428912,212.3970646667427,211.2411252311376,211.44970703125,56700500
2017-06-27,SPY,211.23247558101465,211.52798863761825,209.72889061406468,209.74627685546875,82247700
2017-06-28,SPY,210.76314106699724,211.82347628093936,210.52847323786168,211.6235809326172,70042600
2017-06-29,SPY,211.77129021282053,211.82343566222565,208.5555259686431,209.76361083984372,106949700
2017-06-30,SPY,210.57191628538865,210.9456474858864,209.96353053531456,210.1547393798828,86820700
2017-07-03,SPY,211.09342148732745,211.52798468158704,210.5111083984375,210.5111083984375,39153800
2017-07-05,SPY,210.8761103287231,211.2063692920283,210.06781600456577,210.99778747558597,54427600
2017-07-06,SPY,210.23293954349657,210.35461668308216,208.88579125834767,209.0683135986328,65400800
2017-07-07,SPY,209.64197067450192,210.57192896378987,209.0770305954212,210.42417907714844,57972300
2017-07-10,SPY,210.4241631681272,211.0238624203301,210.119963666866,210.65013122558597,36663300
2017-07-11,SPY,210.65013448651465,210.8065841147269,209.3290720753313,210.4936981201172,50354600
2017-07-12,SPY,211.45847389438245,212.24068241669124,211.45847389438245,212.07554626464844,59610400
2017-07-13,SPY,212.0841937898011,212.54482964689768,211.85821247452137,212.4318389892578,39471600
2017-07-14,SPY,212.43189530549745,213.77904401869975,212.3362908610297,213.42269897460935,60262700
2017-07-17,SPY,213.3444457275283,213.72686344258008,213.2227685692678,213.39659118652344,33531900
2017-07-18,SPY,212.98813184736824,213.56175850372,212.64917305258177,213.50961303710935,42742500
2017-07-19,SPY,213.8224433044374,214.6741833144012,213.813743554394,214.66549682617188,51034300
2017-07-20,SPY,214.9175447626608,215.03922191099485,214.21355460002695,214.7611083984375,47135200
2017-07-21,SPY,214.18746759554307,214.59595797953887,213.9614862909756,214.56988525390625,82340800
2017-07-24,SPY,214.4916447265497,214.65678082310137,214.04839514776344,214.51773071289065,46622300
2017-07-25,SPY,215.26522896300705,215.3695331531979,214.81329276550863,215.0392608642578,54915600
2017-07-26,SPY,215.32603937745765,215.36079859402545,214.7871853188609,215.04791259765625,47575400
2017-07-27,SPY,215.50853633663485,215.54329554910623,213.52691641862165,214.84799194335935,70766600
2017-07-28,SPY,214.36996597233983,214.72631088727957,213.91802990939547,214.595947265625,50088400
2017-07-31,SPY,214.9957720304814,215.09137645548512,214.26570910962465,214.47430419921875,65838700
2017-08-01,SPY,215.074008699399,215.10876791760103,214.43085043723025,214.95233154296875,55050400
2017-08-02,SPY,215.0826675743908,215.19565822721768,214.12662342388683,215.0565948486328,47211200
2017-08-03,SPY,214.9436057790186,214.9696785049686,214.3612927964457,214.6394195556641,40856000
2017-08-04,SPY,215.1261677878745,215.3608223646905,214.64814562096288,215.0305633544922,60191800
2017-08-07,SPY,215.1000846337351,215.4303436279297,214.9957804539439,215.4303436279297,31995000
2017-08-08,SPY,215.1174127672828,216.3341973578728,214.5264133395376,214.90013122558597,61719400
2017-08-09,SPY,214.2135468227478,214.9436096862463,213.85720187920185,214.89146423339844,62632600
2017-08-10,SPY,214.05713457402004,214.18751149071596,211.80610038765755,211.85824584960935,120479500
2017-08-11,SPY,212.0841768809404,212.76209424910255,211.8495090960186,212.17108154296875,74869900
2017-08-14,SPY,213.4487314454998,214.491680385441,213.4139722276217,214.2743988037109,73291900
2017-08-15,SPY,214.6568425349052,214.67422877685988,213.9441657565681,214.24835205078125,55242700
2017-08-16,SPY,214.76978966703544,215.16959358002424,214.19616315519625,214.62203979492188,56715500
2017-08-17,SPY,214.01366523031848,214.3265512292941,211.27590942382807,211.27590942382807,128490400
2017-08-18,SPY,211.1108015904025,212.23198209604297,210.50241575027263,210.9456787109375,136748000
2017-08-21,SPY,210.8847802536797,211.3714888029037,210.18079015485125,211.1107482910156,65469700
2017-08-22,SPY,211.693127736705,213.47482628195309,211.6757414950578,213.31838989257807,63140100
2017-08-23,SPY,212.35363249443407,212.97940449734375,212.2058826134437,212.55352783203125,50203800
2017-08-24,SPY,212.9359641188636,213.0924005023404,211.8495561386653,212.0581512451172,50741700
2017-08-25,SPY,212.84902759401217,213.4661131080924,212.4057779510408,212.55352783203125,64445900
2017-08-28,SPY,213.08369316418083,213.10976589220928,212.1450351697119,212.56222534179688,40565600
2017-08-29,SPY,211.24990479607044,213.0663761687285,211.13691409668337,212.8056488037109,51135700
2017-08-30,SPY,212.78823413348303,214.083237341294,212.6057117405338,213.8137969970703,62030800
2017-08-31,SPY,214.4308818258023,215.34346726352203,213.84856868751683,215.10011291503903,103803900
2017-09-01,SPY,215.4738133189262,215.8301583221608,215.2565317211221,215.4042816162109,62007000
2017-09-05,SPY,214.90018779183964,215.1261691422476,212.89250793998733,213.85723876953125,91398800
2017-09-06,SPY,214.5351348168156,214.91755251446293,214.00496723813447,214.5872802734375,57916900
2017-09-07,SPY,214.89145995468655,214.90884619256107,214.15269735588024,214.56118774414065,58034700
2017-09-08,SPY,214.2744011039177,214.7698094812517,214.0658192707796,214.3091735839844,63832800
2017-09-11,SPY,215.57809645054567,216.67320415146065,215.56072347185696,216.5949859619141,71364800
2017-09-12,SPY,216.96002648847752,217.35981720404104,216.7775041101089,217.32505798339844,56896000
2017-09-13,SPY,217.0382323442261,217.46410902833395,216.9252416753817,217.4293365478516,59228000
2017-09-14,SPY,217.10776144378448,217.5597108519348,216.93393882890064,217.35980224609372,95446300
2017-09-15,SPY,217.2156545514275,217.73971021423145,217.1108460843923,217.65237426757807,95432400
2017-09-18,SPY,218.0192317918697,218.4646811341499,217.7309951606429,218.1153106689453,46235200
2017-09-19,SPY,218.35989657938688,218.42104374769173,218.01052607591205,218.3336944580078,47108100
2017-09-20,SPY,218.4210354056815,218.52584388719495,217.41657192320085,218.41229248046875,59574100
2017-09-21,SPY,218.2550928657328,218.34242882969585,217.65241740557613,217.8271026611328,48211400
2017-09-22,SPY,217.5301019388002,218.03669842901505,217.50389982099844,217.8707427978516,51214000
2017-09-25,SPY,217.6175270904261,217.96691101704303,216.6829534079482,217.4253692626953,57064400
2017-09-26,SPY,217.8532711530073,218.0978331385597,217.3204725428477,217.55630493164065,54082000
2017-09-27,SPY,218.25512707261584,218.7879258485287,217.3729444032004,218.4036102294922,81001400
2017-09-28,SPY,218.1240620366598,218.74421000106764,218.03672607545624,218.6656036376953,44778800
2017-09-29,SPY,218.65687388117044,219.5128543148782,218.47345902225527,219.43423461914065,85578000
2017-10-02,SPY,219.6613350193713,220.38629150390625,219.48663643311735,220.38629150390625,59023000
2017-10-03,SPY,220.3863043740284,220.88415805655924,220.3076846745705,220.8579559326172,66810200
2017-10-04,SPY,220.70946216621985,221.3645418885094,220.5959107495144,221.11997985839844,55953600
2017-10-05,SPY,221.4518534060216,222.44757394086625,221.15488716333428,222.43011474609372,63522800
2017-10-06,SPY,221.9847068130884,222.465101340426,221.72268555057047,222.17686462402344,80646000
2017-10-09,SPY,222.4039281542774,222.46506199550856,221.54794775599703,221.8099822998047,35803100
2017-10-10,SPY,222.37769766658715,222.7707427683473,221.83615612442787,222.3951568603516,43057400
2017-10-11,SPY,222.2991203789884,222.7445831298828,222.13317804080668,222.7445831298828,47674300
2017-10-12,SPY,222.4301464750898,222.77951700719035,222.1768415108301,222.4126739501953,47065100
2017-10-13,SPY,222.84935102131928,222.9629024198992,222.41263127617069,222.6833953857422,54800400
2017-10-16,SPY,222.9105137614728,223.17253496477068,222.56987286955564,222.9803771972656,38221700
2017-10-17,SPY,222.9279734690156,223.18127840295895,222.70961358067885,223.1376037597656,31561000
2017-10-18,SPY,223.5131392098743,223.55681384580643,223.16376877767263,223.35592651367188,40888300
2017-10-19,SPY,222.57863488865067,223.4520745672181,222.1593875746752,223.4171295166016,61903800
2017-10-20,SPY,224.2119510702714,224.59626661827303,223.3996453296988,224.57003784179688,89176400
2017-10-23,SPY,224.89322883296725,224.9194309537116,223.61798787604815,223.69659423828125,63915300
2017-10-24,SPY,224.1246209530172,224.3254950144324,223.73156244590075,224.0896759033203,66935900
2017-10-25,SPY,223.7577378648525,223.8712892713681,221.85364604019503,222.9803771972656,103715300
2017-10-26,SPY,223.59181270302912,223.86256352467024,223.14634996797955,223.2686309814453,69798000
2017-10-27,SPY,224.01101405953935,225.25130979163637,223.27732812917105,225.0940704345703,85562500
2017-10-30,SPY,224.0110684569867,224.99805952789407,223.9586642103246,224.2556304931641,54285700
2017-10-31,SPY,224.63121311082156,224.85831595994023,224.308044690315,224.60501098632807,60304800
2017-11-01,SPY,225.3823547795757,225.72298235215797,224.5351173279343,224.9019470214844,54202700
2017-11-02,SPY,224.83202986546615,225.1289960505688,223.76643277527276,224.9892425537109,56449500
2017-11-03,SPY,225.1465345397593,225.78415509588623,224.73601682791988,225.7404937744141,59589700
2017-11-06,SPY,225.60942075481384,226.2208390901341,225.53955732047456,226.0898284912109,49652600
2017-11-07,SPY,226.19460783401695,226.52651907870796,225.42597687899695,225.93258666992188,57502200
2017-11-08,SPY,225.75796800014015,226.41304779741048,225.47846088937456,226.31695556640625,50469600
2017-11-09,SPY,225.11161032535176,225.68808369230456,223.91497561583995,225.4959259033203,95085500
2017-11-10,SPY,225.1115999260466,225.600723974454,224.7971478062067,225.426025390625,59984700
2017-11-13,SPY,224.7447214001383,225.8627229227184,224.7097763557661,225.6356201171875,50228600
2017-11-14,SPY,224.8320347482611,225.2163502091529,224.05466090296704,225.11154174804688,61315200
2017-11-15,SPY,224.14209128859287,224.6661604390365,223.27739451628267,223.98487854003903,80811500
2017-11-16,SPY,224.9282032176637,226.2558487465771,224.8845418906408,225.8889923095703,67777000
2017-11-17,SPY,225.53956501844647,225.8627333919068,225.1465065530022,225.22511291503903,75756800
2017-11-20,SPY,225.46967865833645,225.80156326810717,225.22509001652008,225.60940551757807,48075500
2017-11-21,SPY,226.3780568662347,227.26898226933412,225.57450740471492,227.0855407714844,69176800
2017-11-22,SPY,227.0943368606652,227.22534749318547,226.7187641623518,226.8847198486328,45033400
2017-11-24,SPY,227.3738035315452,227.5135570664607,227.2340499966297,227.40872192382807,27856500
2017-11-27,SPY,227.4524398025085,227.74940610752608,227.09432632006437,227.29522705078125,52274900
2017-11-28,SPY,227.7580990977113,229.62724582071488,227.6620068892144,229.60104370117188,98971700
2017-11-29,SPY,229.7320372936807,230.2648492252935,229.0158371941007,229.46127319335935,77512100
2017-11-30,SPY,230.3784610083552,232.3786187053131,230.29985463494003,231.4702606201172,127894400
2017-12-01,SPY,231.25188552927716,231.73226666483723,227.75812700080465,230.9898376464844,164390900
2017-12-04,SPY,232.6056913602669,233.0336682228385,230.65791150982508,230.71034240722656,94040600
2017-12-05,SPY,229.88058471679688,231.5925189755216,229.74957409972205,229.88058471679688,77994500
2017-12-06,SPY,229.97662909551732,230.3522283702102,229.46130294566015,229.9242248535156,75898600
2017-12-07,SPY,230.64920043945312,230.96362589938755,229.662209431446,230.64920043945312,77218600
2017-12-08,SPY,231.6012579582747,231.9156834339006,230.61426690101155,231.90696716308597,76563900
2017-12-11,SPY,232.60574340820312,232.66689058947009,231.8808001261989,232.60574340820312,83077500
2017-12-12,SPY,233.39179273103937,233.48788494970145,232.6406474545075,233.01622009277344,85195800
2017-12-13,SPY,233.26084601027924,233.69756593865245,232.90273247038093,232.99008178710935,102905400
2017-12-14,SPY,233.2870067611082,233.40055818718736,231.98559013507744,232.0379943847656,100666700
2017-12-15,SPY,233.03968429670263,234.43554878182445,232.9870121871894,233.9702606201172,144610300
2017-12-18,SPY,235.36610742514495,235.80505949912268,235.26076321403167,235.4539031982422,83653600
2017-12-19,SPY,235.69975033749483,235.74363483481503,234.47945053044936,234.54969787597656,82382900
2017-12-20,SPY,235.51535044888,235.56802255763964,234.1282735990252,234.4267578125,76751500
2017-12-21,SPY,235.05005956036695,235.6207187178105,234.66377957294816,234.9095916748047,67032300
2017-12-22,SPY,234.927167952612,234.96229162203664,234.31262429947589,234.84815979003903,78720900
2017-12-26,SPY,234.44429552333253,234.78669100611236,234.3038544340734,234.5672149658203,45244400
2017-12-27,SPY,234.734007553022,235.04127935287949,234.40918731573265,234.68133544921875,57751000
2017-12-28,SPY,235.1817292803327,235.20806533022463,234.795449354247,235.1641540527344,45116100
2017-12-29,SPY,235.74362345930015,235.761171899079,234.08439838457932,234.2775115966797,96007400
2018-01-02,SPY,235.13784025255728,235.9894083349834,234.7515602899202,235.95428466796875,86655700
2018-01-03,SPY,236.1210725816616,237.59597178965157,236.1210725816616,237.44671630859372,90070400
2018-01-04,SPY,238.08762314772255,238.9304036547057,237.50820317682505,238.44754028320312,80636400
2018-01-05,SPY,239.2376640818324,240.15945270574505,238.7460399102112,240.03656005859372,83524000
2018-01-08,SPY,239.9399589710568,240.6335106872347,239.65026241653013,240.4754943847656,57319200
2018-01-09,SPY,240.89685596880133,241.64307973864751,240.61592025449383,241.019775390625,57254000
2018-01-10,SPY,240.26482777626623,240.91449513696924,239.5976387670871,240.65110778808597,69574300
2018-01-11,SPY,241.20412091479795,242.40684509277344,241.0373170136112,242.40684509277344,62361500
2018-01-12,SPY,242.6702198901988,244.15385290677432,242.3717089728381,243.9870758056641,90816100
2018-01-16,SPY,245.24250740468787,245.89214784344932,242.4595397134825,243.1530914306641,106555100
2018-01-17,SPY,244.0836874047636,245.8570441257609,243.1531111580364,245.47076416015625,113258800
2018-01-18,SPY,245.3567117962844,245.7780887281205,244.5665764660637,245.0582275390625,100728000
2018-01-19,SPY,245.63752981107027,246.17306518554688,245.0581367444621,246.17306518554688,140920100
2018-01-22,SPY,245.9624346846633,248.17474365234372,245.9097357837922,248.17474365234372,91322400
2018-01-23,SPY,248.21864414608123,248.9912041885166,247.89382385358272,248.70150756835935,97084700
2018-01-24,SPY,249.3423251815439,249.93932036064533,247.4285005787556,248.6048889160156,134816100
2018-01-25,SPY,249.46529301349236,249.56184962807964,247.92017284798752,248.7102813720703,84587300
2018-01-26,SPY,249.5442776450157,251.63369400129736,249.28967791641972,251.58978271484372,107743100
2018-01-29,SPY,251.01908716589267,251.45803917092164,249.7636908614709,249.9217071533203,90118300
2018-01-30,SPY,248.0957432303381,249.97444436968703,246.88423109421504,247.3583068847656,131796400
2018-01-31,SPY,248.20973896462408,248.7101237447845,246.4100201871288,247.48106384277344,108364800
2018-02-01,SPY,246.7525738798509,248.4995949049772,246.41017833480868,247.2002868652344,90102500
2018-02-02,SPY,245.88336854660707,246.01507559481632,241.78357140273644,241.81869506835935,173174800
2018-02-05,SPY,240.0629267994485,242.1698916316703,231.1609648845585,231.70526123046875,294681800
2018-02-06,SPY,228.20245791534228,236.77081290831964,227.1138650992397,236.27040100097656,355026800
2018-02-07,SPY,235.7172502975997,239.10594725573495,234.9095667392294,234.9886016845703,167376100
2018-02-08,SPY,235.2871032313149,235.42757111233564,226.1393300672192,226.1744537353516,246449500
2018-02-09,SPY,228.9574015421497,231.4243101674145,222.0395256489663,229.5719451904297,283565300
2018-02-12,SPY,231.61742570067415,234.409181085586,229.71238881690363,232.9430694580078,143736000
2018-02-13,SPY,231.7403623395533,234.06680300678445,231.16094237859048,233.5225067138672,81223600
2018-02-14,SPY,232.03886114791155,237.03413827941716,232.0300735324697,236.6741943359375,120735700
2018-02-15,SPY,238.41246589270904,239.7029862242665,235.95431789418856,239.69419860839844,111200300
2018-02-16,SPY,239.07086405094287,241.7045764953573,239.0269527686309,239.76438903808597,160420100
2018-02-20,SPY,238.81623691260535,240.25601241008331,237.4730447919121,238.26315307617188,86369700
2018-02-21,SPY,238.70211558804763,241.17781154014492,236.98143108137657,237.07798767089844,98883700
2018-02-22,SPY,237.99988925832795,239.71178677104288,236.71815633024372,237.3853454589844,110511300
2018-02-23,SPY,238.6056019934173,241.1690673828125,238.1315262000043,241.1690673828125,92766400
2018-02-26,SPY,242.240086463066,244.06614210421716,241.65190568390827,243.9695587158203,86491400
2018-02-27,SPY,244.15392938564295,244.86505645092996,240.8617885657484,240.9232482910156,99099200
2018-02-28,SPY,242.0206188023741,242.46835850910344,238.1666333695874,238.482666015625,121907800
2018-03-01,SPY,238.27190865404003,239.81702814280916,233.52244518179103,235.014892578125,176855100
2018-03-02,SPY,233.34688570066712,236.78828136385687,232.48655687849876,236.22640991210935,139083200
2018-03-05,SPY,235.04129618469477,239.5712849767316,234.9359251780348,238.9567413330078,97307400
2018-03-06,SPY,239.93118947481383,240.0102244235225,238.0700369945111,239.5624847412109,79213200
2018-03-07,SPY,237.402920431875,239.82591836576424,237.2097803915671,239.47476196289065,87063500
2018-03-08,SPY,240.1507576811441,240.7565139103528,239.15874813232017,240.6336212158203,66901200
2018-03-09,SPY,242.0381801182192,244.8211212158203,241.72212069884188,244.8211212158203,113625300
2018-03-12,SPY,245.1107889817117,245.7340932729573,244.12751407120209,244.5137939453125,71924800
2018-03-13,SPY,245.6726653493665,246.1730770862234,242.3278530729108,242.93360900878903,91968900
2018-03-14,SPY,243.8905597991625,244.0749121766224,241.1339545863704,241.68701171875,105895100
2018-03-15,SPY,242.19622027785263,242.8370732112974,240.9232484434173,241.4236602783203,83433000
2018-03-16,SPY,241.9498706508836,242.73434762380472,241.63257225654203,241.6854553222656,100343700
2018-03-19,SPY,240.9362971294684,241.86177788754537,236.7671685142086,238.41542053222656,109208400
2018-03-20,SPY,238.8119932303427,239.45543966554663,238.1421052648597,238.82081604003903,59757300
2018-03-21,SPY,238.77669527306645,240.86565656743832,238.15089454536155,238.3624267578125,78709600
2018-03-22,SPY,236.14128090528047,236.9874367365729,232.13080299363773,232.4040679931641,148785900
2018-03-23,SPY,232.844799765795,233.1709209551684,227.25657169813343,227.4504852294922,183534800
2018-03-26,SPY,231.04664893729185,233.9553244299744,228.64918525346152,233.6732635498047,141956100
2018-03-27,SPY,234.60766848369053,235.1364991793472,228.1468421973337,229.6981506347656,129941400
2018-03-28,SPY,229.8303276361625,231.49622480159888,227.91763387941825,229.0194091796875,146452300
2018-03-29,SPY,230.1564425245714,233.80553513065988,229.0282257239141,231.9457244873047,111601600
2018-04-02,SPY,231.4168574384861,231.9280962060845,224.4712755675117,226.9392547607422,186286300
2018-04-03,SPY,228.1732379441203,230.323905337594,226.38395605270185,229.84793090820312,119956900
2018-04-04,SPY,226.30461430451857,233.01220846166905,226.17240666715955,232.3070831298828,123715300
2018-04-05,SPY,234.0611666848327,235.02193855166377,232.97703685335392,234.14051818847656,82652600
2018-04-06,SPY,232.1837203251605,233.67329571244264,227.40641101791255,228.9224548339844,179521200
2018-04-09,SPY,230.3767956118403,233.43532481155327,229.11637116929023,230.05067443847656,105442900
2018-04-10,SPY,232.9329030607836,234.4930340065151,231.79589038705828,233.70855712890625,103529000
2018-04-11,SPY,232.2277180821195,234.14041123198655,232.15721632074855,232.48333740234372,91140200
2018-04-12,SPY,233.80550546359493,235.3391678373889,233.6292106832202,234.3960418701172,68890500
2018-04-13,SPY,235.7005753585113,235.81516428659432,232.70375210342692,233.70855712890625,85079200
2018-04-16,SPY,235.33919382812687,236.39690882957495,234.51947949635,235.6300506591797,63405300
2018-04-17,SPY,237.39282848651607,238.75022277084807,236.8816167398159,238.1508636474609,64682000
2018-04-18,SPY,238.5916705877312,239.12932407604143,237.86889946351175,238.32725524902344,57303900
2018-04-19,SPY,237.67495751316204,237.87769384781996,235.97382294019735,237.00509643554688,77655900
2018-04-20,SPY,236.934603681862,237.15495877080377,234.1140477838813,234.99546813964844,99953100
2018-04-23,SPY,235.56835661263665,236.12365560791923,233.88484090745573,234.96017456054688,65558000
2018-04-24,SPY,235.9826134010333,236.2029684263549,230.29744298821197,231.79586791992188,112885500
2018-04-25,SPY,231.73416611286592,232.8094997312081,229.91844282434175,232.3687896728516,103840900
2018-04-26,SPY,233.39132969420797,235.55961648075288,232.9506194669287,234.7310791015625,67731900
2018-04-27,SPY,235.3391972855658,235.6388769306565,234.0170669637368,234.9513702392578,57053600
2018-04-30,SPY,235.56834497682607,236.1236439446799,233.07391102580115,233.1444396972656,82182300
2018-05-01,SPY,232.5803558779965,233.6645124635416,231.02904763828548,233.55874633789065,74203400
2018-05-02,SPY,233.36480513816892,234.1756966045544,231.6019648561736,231.9897918701172,86368900
2018-05-03,SPY,231.16129352643733,232.1308343249756,228.33191503251203,231.4785919189453,136311500
2018-05-04,SPY,230.5090117474504,235.15411363285415,230.18289056208343,234.47540283203125,91222100
2018-05-07,SPY,235.2422810006576,236.23826336253111,234.55474733145712,235.2687225341797,55304900
2018-05-08,SPY,234.89851416605737,235.63008119271015,233.7085913599376,235.2687225341797,67499200
2018-05-09,SPY,235.93857898716237,237.86889159229477,235.4185442390363,237.5427703857422,59666100
2018-05-10,SPY,238.2831061883568,240.09003352947272,238.1773400803513,239.76388549804688,72063900
2018-05-11,SPY,239.8873165882925,240.7599139485853,239.37607782658708,240.49549865722656,59871500
2018-05-14,SPY,240.9274210765786,241.57966348961148,240.06361950078988,240.6101226806641,54790600
2018-05-15,SPY,239.38484432721967,239.4024630428964,238.00983133797027,238.9529571533203,87036100
2018-05-16,SPY,238.9883448024367,240.4162415743192,238.96187636706009,239.9578857421875,53942600
2018-05-17,SPY,239.69345159062675,240.83049137123183,238.9795032606412,239.75515747070312,56536400
2018-05-18,SPY,239.41135059102103,239.77273610113608,238.8031685006823,239.15573120117188,64368000
2018-05-21,SPY,240.63660474887877,241.4915836580867,240.2487776004452,240.9539031982422,58025900
2018-05-22,SPY,241.4738581359053,241.72947751252565,239.95781439332927,240.283935546875,52966400
2018-05-23,SPY,239.01475215137063,240.9715062733876,238.8560760558895,240.94503784179688,64694200
2018-05-24,SPY,240.54840148842243,240.8216396115561,238.67097206902508,240.4514312744141,76043800
2018-05-25,SPY,239.8785858154297,240.5043868442916,239.37616967027247,239.8785858154297,56374800
2018-05-29,SPY,238.2566683826817,239.01470366657188,236.0090578560398,237.11962890625,115908600
2018-05-30,SPY,238.424151931224,240.72464562438188,238.35365015429863,240.283935546875,69678400
2018-05-31,SPY,239.87852272098635,240.1782023869531,238.21265238681653,238.81201171875,93519900
2018-06-01,SPY,240.1077238291745,241.45629590589624,240.03719513694023,241.1566162109375,71258400
2018-06-04,SPY,241.97629276170585,242.5580333367851,241.73831898505043,242.3024139404297,45385200
2018-06-05,SPY,242.4345963258353,242.85768767238,241.66776511550432,242.4786834716797,51135000
2018-06-06,SPY,243.0868773587912,244.6117170448222,242.4698724773669,244.5059509277344,62732200
2018-06-07,SPY,244.99071562514888,245.2815724085112,243.57161534586987,244.4794769287109,72969400
2018-06-08,SPY,244.0211859352413,245.2551688263036,243.85371394658185,245.2022857666016,72139700
2018-06-11,SPY,245.4226915003545,246.24240599383452,245.30810254773172,245.5284576416016,58892500
2018-06-12,SPY,245.9426922178068,246.20710753428884,245.2023024328456,245.8457489013672,72329000
2018-06-13,SPY,246.0837300492172,246.33934946200577,244.85854294896512,245.061279296875,79070600
2018-06-14,SPY,245.9249581002758,246.2069920059133,245.0875984929801,245.67816162109372,77097600
2018-06-15,SPY,244.89554264454677,245.7012398091281,243.7888202239004,245.3647918701172,120041600
2018-06-18,SPY,243.91280739262805,244.98413436209893,243.43472266632747,244.86016845703125,52917600
2018-06-19,SPY,242.5935790794082,244.14299062462337,242.1774503264809,243.9216461181641,97531500
2018-06-20,SPY,244.6033711477353,245.00180205689944,244.001320590432,244.3377685546875,53785500
2018-06-21,SPY,244.3288967194389,244.3466215713545,242.3102360312357,242.80604553222656,71061400
2018-06-22,SPY,244.06336968656635,244.17847318128236,243.0274652537223,243.24880981445312,54898500
2018-06-25,SPY,242.09779424744752,242.25715582365532,238.2552564656156,239.93746948242188,137854200
2018-06-26,SPY,240.50408113101963,241.318613720225,239.7515044638951,240.4686584472656,68547400
2018-06-27,SPY,241.05303106816336,242.47847672690543,238.32605160508425,238.47657775878903,105110700
2018-06-28,SPY,238.42343201237463,240.6014541700107,237.7151134516379,239.8400421142578,76650500
2018-06-29,SPY,240.9291393363835,242.29262948762695,240.07032130223428,240.1854248046875,97592500
2018-07-02,SPY,238.61828121441775,240.85828692224064,238.3792118140002,240.6988983154297,63554800
2018-07-03,SPY,241.59311867340932,241.69052431494143,239.42395853253888,239.8489227294922,42187100
2018-07-05,SPY,240.97338766695464,241.86760124254317,239.90206063048137,241.8056182861328,56925900
2018-07-06,SPY,241.83219950579445,244.222704285646,241.4514663685335,243.85086059570312,66493700
2018-07-09,SPY,244.85130397928492,246.09969034891844,244.8070458819004,246.04656982421875,50550400
2018-07-10,SPY,246.4981344115885,247.0293667064297,246.20594449060724,246.9319610595703,51966800
2018-07-11,SPY,245.382530148852,246.17052961164364,244.82473763376936,245.12576293945312,77054700
2018-07-12,SPY,246.3829637811254,247.4011429739848,245.7809132868629,247.3480224609375,60124700
2018-07-13,SPY,247.170987792406,247.84385669811357,246.7194363667872,247.54283142089844,48216000
2018-07-16,SPY,247.58717813938293,247.72881487718087,246.8788593523983,247.3215484619141,48201000
2018-07-17,SPY,246.5512651082664,248.71159004868676,246.49814457855095,248.322021484375,52315500
2018-07-18,SPY,248.40162561778985,248.95055560183823,247.95893666038435,248.8443145751953,44593500
2018-07-19,SPY,248.18036413165808,248.56107027763505,247.42778724848597,247.9058990478516,61412100
2018-07-20,SPY,247.70222412251425,248.33086203476083,247.4631817598543,247.6225433349609,82337700
2018-07-23,SPY,247.41901974844689,248.28667334071483,247.07370918201735,248.0830535888672,47047600
2018-07-24,SPY,249.4906568743777,250.172388160022,248.46361522328877,249.33126831054688,68026900
2018-07-25,SPY,249.08338888278035,251.77494565505225,249.03913078919015,251.4562225341797,78882900
2018-07-26,SPY,250.73911347212268,251.54478384538663,250.64170782132055,250.8630523681641,57919500
2018-07-27,SPY,251.19062823019237,251.2880338772159,248.24233086923053,249.1631317138672,76768700
2018-07-30,SPY,249.24280576177927,249.40216734030943,247.3392211685941,247.8616180419922,63742500
2018-07-31,SPY,248.62303289486857,249.6943328768987,248.24232678004088,249.0834197998047,68570500
2018-08-01,SPY,249.28701169662585,249.79168360929737,248.0209277216841,248.667236328125,53853300
2018-08-02,SPY,247.36579266220008,250.19012385564247,247.16214597845703,250.0219268798828,63426400
2018-08-03,SPY,250.145824558501,251.14630593884127,249.9687381653188,251.0931854248047,53935400
2018-08-06,SPY,251.1287055918828,252.32394464127196,250.73913699132908,252.0140838623047,39400900
2018-08-07,SPY,252.67808596667044,253.22701610254995,252.54525762703747,252.8462829589844,43196600
2018-08-08,SPY,252.67806482085277,253.1384516983144,252.27963387449157,252.74002075195312,42114600
2018-08-09,SPY,252.80202652249167,253.1915950768919,252.2619588109262,252.39476013183597,35717000
2018-08-10,SPY,250.9604109905374,251.5004786142231,249.9953251699048,250.70364379882807,77076000
2018-08-13,SPY,250.9781462422225,251.589059329678,249.47299257350093,249.7651824951172,65732900
2018-08-14,SPY,250.49121809619365,251.5979408721001,250.10164951750664,251.3588714599609,43842000
2018-08-15,SPY,250.0130131442934,250.15467684918173,248.04747314579976,249.48178100585935,102925400
2018-08-16,SPY,250.91610507560296,252.36813787982095,250.88068239219527,251.50045776367188,69967900
2018-08-17,SPY,251.2968851103208,252.8285991385713,250.8896186997681,252.3859100341797,65618500
2018-08-20,SPY,252.83737538448443,253.19152114336345,252.38582400564977,252.9259185791016,39807500
2018-08-21,SPY,253.43946899743776,254.3779675769612,252.9613572808296,253.51914978027344,67272000
2018-08-22,SPY,253.11186989649937,253.8910068686637,252.8462402816656,253.3686370849609,44993300
2018-08-23,SPY,253.1915881432276,254.0504060210551,252.7134763814482,253.0322265625,49204900
2018-08-24,SPY,253.60761669562268,254.6966411059472,253.5544961897128,254.5549774169922,57487400
2018-08-27,SPY,255.75032058083627,256.6711214264323,255.5909589978284,256.5648803710937,57072400
2018-08-28,SPY,257.0252943284539,257.1315624145711,256.2284593099741,256.6888732910156,46943500
2018-08-29,SPY,256.9012714179143,258.3001567022933,256.6622290964166,258.0699768066406,61485500
2018-08-30,SPY,257.59195413028306,257.9637978699567,256.432110766729,257.0252990722656,61229500
2018-08-31,SPY,256.617989857108,257.4768077102713,256.131042701226,257.0341186523437,66140800
2018-09-04,SPY,256.617960406128,256.94554594826343,255.59091866725385,256.5914001464844,57594400
2018-09-05,SPY,256.23734224900784,256.44098898920004,254.89157693273464,255.90089416503903,72452400
2018-09-06,SPY,256.007039241489,256.3080645143704,254.10348197555564,255.13052368164065,65909900
2018-09-07,SPY,254.08575935643225,255.60861042454084,253.84669003100112,254.6346893310547,73524800
2018-09-10,SPY,255.6440357081322,255.9096653205468,254.882623595647,255.0774078369141,50210900
2018-09-11,SPY,254.43118042725905,256.3612988086009,254.08589690967403,255.91860961914065,50530500
2018-09-12,SPY,255.9274092570225,256.5825804504032,255.1925572714412,255.98052978515625,59810800
2018-09-13,SPY,257.04295190384914,257.68042515569164,256.75962445423187,257.4944763183594,51034200
2018-09-14,SPY,257.6980883432781,257.8840101360217,256.75958993473887,257.5387268066406,55079900
2018-09-17,SPY,257.4857236145753,257.52111929245183,255.9008888925555,256.17535400390625,68244000
2018-09-18,SPY,256.38777016818403,258.15852631195645,256.36120990681127,257.5653381347656,61930400
2018-09-19,SPY,257.61852968857704,258.2560031568843,257.4945637549275,257.8398742675781,49080600
2018-09-20,SPY,259.0969993755768,260.24797982774675,257.8574487106688,259.9292297363281,100360600
2018-09-21,SPY,260.6701942475922,260.78581879458903,259.5317810140974,259.6918640136719,105479700
2018-09-24,SPY,259.1136810427981,259.2559860417361,258.2509756467944,258.8290710449219,53409600
2018-09-25,SPY,259.2827398777616,259.3894618716786,258.3488952890775,258.5890197753906,44370000
2018-09-26,SPY,258.7312825518188,259.91415398039527,257.3972035619519,257.8152160644531,79739700
2018-09-27,SPY,258.2865870236804,259.6206660004718,258.0108795398294,258.5356140136719,59249500
2018-09-28,SPY,257.9130552985251,259.060370917637,257.877499398238,258.56231689453125,70091400
2018-10-01,SPY,259.7986068206603,260.52791006634834,258.79362314823425,259.4606628417969,62078900
2018-10-02,SPY,259.3094177246094,260.0209157713873,258.9358907497197,259.3094177246094,47258200
2018-10-03,SPY,260.3589465154056,260.77695917771814,259.09603312163875,259.4517822265625,64694600
2018-10-04,SPY,258.9714428347122,259.0248038303383,255.84081347636905,257.4239196777344,111545900
2018-10-05,SPY,257.64622543454266,258.1620573579353,254.56005501363472,255.9830780029297,105951700
2018-10-08,SPY,255.2982334309201,256.3388269647769,253.9196960255473,255.9830780029297,87742200
2018-10-09,SPY,255.60060640972696,256.90797752205634,255.0491643965814,255.60948181152344,74339000
2018-10-10,SPY,255.1025905124106,255.1737565963628,247.1426015959697,247.51612854003903,214731000
2018-10-11,SPY,246.4310860635288,248.04977526262695,240.4544104484742,242.0642242431641,274840500
2018-10-12,SPY,246.15536234428612,246.4399723886288,242.24206923125192,245.42608642578125,183186500
2018-10-15,SPY,245.07035032111585,246.39555418191676,243.95861759938708,244.0475616455078,102263700
2018-10-16,SPY,246.00408850410736,249.7572972202228,245.5327151717423,249.3837432861328,118255800
2018-10-17,SPY,249.41945743832,250.05091401359377,246.8580209490984,249.4283599853516,110626000
2018-10-18,SPY,248.49449831592784,249.09039901108488,244.55452397248047,245.8263397216797,134557500
2018-10-19,SPY,246.47556569491303,248.40551826556748,244.99918156304307,245.69290161132807,139901600
2018-10-22,SPY,246.35985001655652,246.68001585489264,244.0563442066426,244.5899810791016,82415800
2018-10-23,SPY,240.97916660583792,244.4655448019636,238.89797931644495,243.34490966796875,146352700
2018-10-24,SPY,243.09590366941856,243.47836034056343,235.42052401836116,235.9719390869141,177806700
2018-10-25,SPY,237.8040571423669,241.7440310079275,236.78126856701027,240.20538330078125,138061500
2018-10-26,SPY,236.50562730362188,241.02369796509976,233.2771505490579,235.9808654785156,201574600
2018-10-29,SPY,239.0670014275264,240.35662228359303,231.107011165262,234.6734313964844,160749100
2018-10-30,SPY,234.5043729526247,238.46212359771985,234.0151944626232,238.1508331298828,157116000
2018-10-31,SPY,240.71235803018172,243.00698951534628,240.240984452518,240.694580078125,128296300
2018-11-01,SPY,241.55731148204544,243.4517085415938,240.47225916888183,243.25604248046875,99495000
2018-11-02,SPY,244.3588166152821,244.785731689282,239.76958135193885,241.815185546875,122634100
2018-11-05,SPY,242.30434908918804,243.7006917677633,241.33492150588376,243.14927673339844,65622500
2018-11-06,SPY,243.08702778229969,244.84799497942296,243.0247642380611,244.6879119873047,60085900
2018-11-07,SPY,246.85796861882704,250.006402564566,246.43105358048592,249.9263610839844,102752100
2018-11-08,SPY,249.12588950722693,250.11312204168917,248.3343501125517,249.47276306152344,65584900
2018-11-09,SPY,248.1653839048309,248.35214737217916,245.6306282803308,247.03587341308597,98812600
2018-11-12,SPY,246.528911435274,246.7690358880096,241.9040933048996,242.41995239257807,99673600
2018-11-13,SPY,242.88243618622877,244.8746522778252,241.24596909071613,241.96636962890625,98176600
2018-11-14,SPY,243.834110608874,244.23431809199508,238.75572328236524,240.3121490478516,125335900
2018-11-15,SPY,239.04918691779187,243.28267329833076,237.4749833442621,242.82017517089844,135101400
2018-11-16,SPY,241.72626414950847,244.35883949759105,241.2104049940472,243.45167541503903,126668000
2018-11-19,SPY,242.846798094472,243.14031062759025,238.4176738847104,239.333740234375,103061700
2018-11-20,SPY,236.0074625538929,237.4660686629344,234.0419270384769,234.90463256835935,136021300
2018-11-21,SPY,236.45222036883564,237.59953625519665,235.69626375397135,235.70513916015625,75563700
2018-11-23,SPY,234.06861109703647,235.527217228284,233.97079166091788,234.13087463378903,42807900
2018-11-26,SPY,236.3809911999364,238.13308256630583,235.9896592196982,237.9107360839844,79981400
2018-11-27,SPY,236.87904876964447,238.711181640625,236.27427284254324,238.711181640625,75502400
2018-11-28,SPY,239.77848590009825,244.2076110839844,238.6489482392209,244.2076110839844,127629600
2018-11-29,SPY,243.43389010233471,245.07035745935585,242.2954768478021,243.67404174804688,82346400
2018-11-30,SPY,243.52272830058044,245.71951235351727,243.2025624346793,245.15919494628903,98204200
2018-12-03,SPY,249.2771103822685,249.38383236101384,246.8135208998721,248.40550231933597,103176300
2018-12-04,SPY,247.57839310389085,248.0053081836476,240.04529209231487,240.3565826416016,177986000
2018-12-06,SPY,236.50559510086424,240.10759842803245,233.41052129024732,239.99197387695312,204185400
2018-12-07,SPY,239.65398235031736,241.21931064647663,233.57948693968595,234.4155120849609,161018900
2018-12-10,SPY,234.2376330528424,235.82964190912955,230.0130487128308,234.86021423339844,151445900
2018-12-11,SPY,238.0530908610672,238.23985434553188,233.44607729820376,234.9135589599609,121504400
2018-12-12,SPY,237.8841103617398,239.24487006116965,236.01639405183923,236.096435546875,97976700
2018-12-13,SPY,237.0391612138337,237.90186677142725,234.90464011376045,236.0163726806641,96662700
2018-12-14,SPY,233.87296422091924,234.82461387404103,231.1069864429735,231.6584014892578,116961100
2018-12-17,SPY,230.70673052985472,231.81846306627645,225.4860388815235,227.11361694335935,165492300
2018-12-18,SPY,228.75008575990108,229.41712524737136,225.26368076295103,226.8645782470703,134515100
2018-12-19,SPY,226.9446507542669,230.70675017805107,221.7684306807493,223.46714782714844,214992800
2018-12-20,SPY,222.22201009148063,223.787324732094,217.58830256839775,219.82955932617188,252053400
2018-12-21,SPY,220.72863299677556,223.38553619386457,214.68126458714568,215.3253631591797,255345600
2018-12-24,SPY,213.84034063943145,215.45058694361015,209.57320499611265,209.6358184814453,147311600
2018-12-26,SPY,211.0939646217861,220.2276153564453,209.11693755623705,220.2276153564453,218485400
2018-12-27,SPY,216.99822249418895,222.1152062471228,213.76878896161637,221.9184112548828,186267300
2018-12-28,SPY,223.2691930102769,224.897320892128,220.469154308551,221.63211059570312,153100200
2018-12-31,SPY,223.25128453571088,223.81487405617736,221.38161643315587,223.5733337402344,144299400
2019-01-02,SPY,220.04873678437625,224.7273989963419,220.02190048222155,223.80596923828125,126925200
2019-01-03,SPY,222.06150186504595,222.36566931905944,217.98222086036947,218.46530151367188,144140700
2019-01-04,SPY,221.4890038398222,226.42708803378292,221.1132819712888,225.78298950195312,142628800
2019-01-07,SPY,226.05135993790628,228.967685018204,225.1567801850317,227.56320190429688,103139100
2019-01-08,SPY,229.74594775444223,230.1842830382069,227.22322663887437,229.70120239257807,102512600
2019-01-09,SPY,230.4079230619201,231.6156110001885,229.18235335952744,230.7747039794922,95006600
2019-01-10,SPY,229.2449814061106,231.8392568355287,228.56509216100943,231.5887756347656,96823900
2019-01-11,SPY,230.51532876711232,231.70513525362895,229.933857325776,231.6782989501953,73858100
2019-01-14,SPY,229.7817508142326,231.06994789059,229.3792062906262,230.26483154296875,70908200
2019-01-15,SPY,230.64055347725397,233.2169474781809,230.6315989437874,232.90383911132807,85208300
2019-01-16,SPY,233.33316793850767,234.35300171188604,233.12743211785823,233.4673767089844,77636700
2019-01-17,SPY,232.59969924486884,236.09750948945432,232.55495387525625,235.2386932373047,96118400
2019-01-18,SPY,237.04574468322795,238.8349041281301,235.2744670046285,238.3697052001953,127900300
2019-01-22,SPY,236.90262700516908,237.11731741906,233.53899825203223,235.14923095703125,115531200
2019-01-23,SPY,236.17794273574023,236.8757136543288,233.181095948064,235.6411895751953,86030300
2019-01-24,SPY,235.46231041761556,236.3479628669301,234.4514310090516,235.76646423339844,59204100
2019-01-25,SPY,237.6092925009104,238.5844083633359,235.86487852864417,237.76138305664065,96883400
2019-01-28,SPY,235.62335558879,236.0169455325683,234.1920226372501,235.954345703125,85613700
2019-01-29,SPY,236.09743385671848,236.66099600987093,234.80923719157047,235.6411895751953,66136300
2019-01-30,SPY,237.15305735490657,240.21250429784016,236.39265923503496,239.37159729003903,92473700
2019-01-31,SPY,239.308994379085,241.95694231608385,239.0942767136401,241.47386169433597,104012100
2019-02-01,SPY,241.67065780851223,242.60998270784236,240.8029145607659,241.59014892578125,85782500
2019-02-04,SPY,241.63486311199148,243.35246781727452,240.96392846624664,243.2898406982422,60744800
2019-02-05,SPY,243.7192665752043,244.61384616847684,243.2183041870039,244.3096923828125,79552800
2019-02-06,SPY,244.0324162659288,244.52442420548212,243.2541362558973,243.9876708984375,58347800
2019-02-07,SPY,242.37744182669655,242.92312237490376,240.0068109279789,241.6617889404297,95482000
2019-02-08,SPY,240.41833753894525,242.05540667168088,239.5953120550033,241.9570159912109,75788900
2019-02-11,SPY,242.6100733987666,242.8694819066253,241.56340293120223,242.09120178222656,68021400
2019-02-12,SPY,243.70141259084343,245.58000811053356,243.62983092699665,245.2042999267578,72270200
2019-02-13,SPY,246.0362638560376,246.84138015886657,245.61581028783476,246.0004730224609,65277200
2019-02-14,SPY,244.91806536618728,246.58199805028212,244.1039944428411,245.45481872558597,83234400
2019-02-15,SPY,247.22605856815875,248.16538373135367,247.0203226879647,248.1295928955078,97088700
2019-02-19,SPY,247.33335984756857,249.211955032135,247.3244053160837,248.55892944335935,59120800
2019-02-20,SPY,248.52321369738445,249.5162114781635,248.0222511901044,249.0599670410156,76610800
2019-02-21,SPY,248.4247976342912,248.7826240600063,247.2171095596472,248.17431640625,64214700
2019-02-22,SPY,248.7916453266714,249.90987039243169,248.1565011334362,249.7130889892578,78114600
2019-02-25,SPY,251.1353939400088,251.6542382053372,249.97242383431416,250.0529327392578,69030700
2019-02-26,SPY,249.7040511002087,250.7506941241526,249.49828792864352,249.8740234375,56844100
2019-02-27,SPY,249.1584037628406,250.1156108841715,248.22806024904463,249.7667388916016,56921600
2019-02-28,SPY,249.5519185749204,249.9902811449562,248.9794018248287,249.3014373779297,69268300
2019-03-01,SPY,250.87591399104352,251.26953121285604,249.42669935637187,250.8580322265625,78880500
2019-03-04,SPY,251.9137351265447,252.15526189999304,247.65552556224296,249.94564819335935,106494600
2019-03-05,SPY,250.0708966963857,250.267705385138,249.06001694508592,249.60569763183597,59114600
2019-03-06,SPY,249.721906793157,249.7308613258924,247.7717296851715,248.09376525878903,75039800
2019-03-07,SPY,247.64643980542888,247.78957580658192,245.1774188616401,246.0183258056641,94885100
2019-03-08,SPY,244.1665398320347,245.6962631887948,243.70136830318856,245.5262908935547,85795800
2019-03-11,SPY,246.2419896375439,249.24776399185797,246.2151533415376,249.0867462158203,65098900
2019-03-12,SPY,249.6413993075936,250.5449335060128,249.453545221924,250.02606201171875,79667500
2019-03-13,SPY,250.91172010661697,252.6114160495917,250.75067501486143,251.68104553222656,80639200
2019-03-14,SPY,251.7079194255833,252.12837303273284,251.08172993222647,251.5200653076172,67518400
2019-03-15,SPY,252.0707533824196,253.57126609888465,251.88204448079483,252.7626037597656,81309000
2019-03-18,SPY,252.97829368415324,253.97566513758065,252.75366368534984,253.67913818359372,62199800
2019-03-19,SPY,254.73942165972792,255.5031417462448,252.8525241186721,253.74205017089844,90268100
2019-03-20,SPY,253.52644405949383,254.73045774743304,251.87317030498068,252.97833251953125,84609200
2019-03-21,SPY,252.16065840721987,256.2399193421347,252.11571595617372,255.83560180664065,79550400
2019-03-22,SPY,254.47885365665272,254.99998322875308,250.8488249198276,250.91172790527344,122659300
2019-03-25,SPY,250.57030774799213,251.7563609170328,249.46514552195487,250.7230682373047,85575200
2019-03-26,SPY,252.475091715093,253.54433256344004,251.1902148706594,252.59190368652344,68125900
2019-03-27,SPY,252.58304174647847,253.1671019089378,249.7257536221316,251.27120971679688,72224700
2019-03-28,SPY,251.90011770045837,252.6728318312341,250.7500130593253,252.22357177734372,56238500
2019-03-29,SPY,253.73305556436196,254.13737307946636,252.60990565465173,253.8139190673828,82186800
2019-04-01,SPY,255.8087003800633,257.1205321351597,255.53912787981557,256.8240051269531,77617900
2019-04-02,SPY,257.0127320980904,257.1834531340026,256.1591269185293,256.9498291015625,40070400
2019-04-03,SPY,258.1626967007591,258.5580475775958,256.7520141366212,257.3540344238281,68243200
2019-04-04,SPY,257.67761523563604,258.2886023749723,256.98576457085767,258.0370178222656,48997500
2019-04-05,SPY,258.70197802863925,259.33991976678186,258.4144449503601,259.2860107421875,58621700
2019-04-08,SPY,258.8636919237671,259.59149113940293,258.2077622637104,259.4836730957031,53566300
2019-04-09,SPY,258.52226624870707,258.8457204003386,257.6057853984204,258.15386962890625,66142300
2019-04-10,SPY,258.5671452624204,259.1242508136989,258.1538336527132,259.0343933105469,52601500
2019-04-11,SPY,259.5195414386195,259.528535413988,258.3963913438245,258.96246337890625,55093100
2019-04-12,SPY,260.5708636013834,260.993169201288,259.0074471943866,260.7146301269531,69727800
2019-04-15,SPY,260.7864442960236,260.88529575789886,259.7441577724898,260.5438537597656,49596700
2019-04-16,SPY,261.4244687779972,261.4783777975032,260.12160349172586,260.7146301269531,52153200
2019-04-17,SPY,261.8287272177432,261.855681721401,259.6632906883781,260.0766296386719,58268300
2019-04-18,SPY,260.66070312049783,260.858378651933,259.36683190031505,260.5888061523437,68708500
2019-04-22,SPY,259.8250957710666,260.9662065425261,259.7352382678088,260.8134460449219,40160100
2019-04-23,SPY,261.1817535855609,263.3921322454848,260.9481570615082,263.15850830078125,52246600
2019-04-24,SPY,263.0777235358863,263.410171605521,262.4307879282576,262.5745544433594,50392900
2019-04-25,SPY,262.4757447986305,263.0687714851896,261.22681584442034,262.412841796875,57770900
2019-04-26,SPY,262.4577369591944,263.7066656882998,261.68499538422964,263.6347961425781,50916400
2019-04-29,SPY,263.7246416311188,264.5692527133445,263.6347841375647,264.048095703125,57197700
2019-04-30,SPY,263.706646787458,264.47039433172,262.29599111609195,264.182861328125,81111700
2019-05-01,SPY,264.8118094680611,265.0184789347916,262.18811906270474,262.1971130371094,71671900
2019-05-02,SPY,262.0803024726753,262.9968104059952,260.13949601586444,261.63104248046875,65030200
2019-05-03,SPY,263.1046623700136,264.4704030511326,261.7388942682371,264.1918640136719,56543700
2019-05-06,SPY,259.8969517961515,263.54494138916215,259.5824642614453,263.10467529296875,107198100
2019-05-07,SPY,260.70562286447625,261.29864946948265,256.806048601852,258.7109069824219,144729900
2019-05-08,SPY,258.3515014648437,260.0586842910349,257.75847486656824,258.3515014648437,91568300
2019-05-09,SPY,256.2848860812778,258.1717562670425,254.5507215291892,257.5697631835937,103471100
2019-05-10,SPY,256.6353379863347,259.6184316644171,253.6522443082524,258.8636779785156,112429300
2019-05-13,SPY,253.76006930266527,254.7214650101081,251.52273551419995,252.3583526611328,127290500
2019-05-14,SPY,253.37370819864336,256.168120343081,253.24792962651983,254.640625,77003200
2019-05-15,SPY,253.01424507952996,256.7700521218785,252.80757560681195,256.1321105957031,73956400
2019-05-16,SPY,256.83298031022184,259.8609886388919,256.76111076781007,258.5042419433594,76749600
2019-05-17,SPY,256.2040601319123,259.3129323114473,256.1860721788903,256.8330078125,100353000
2019-05-20,SPY,255.23362019273912,256.9408029172049,254.38900909588577,255.13479614257807,62877600
2019-05-21,SPY,256.82389172748395,257.81226895066044,256.5723072907342,257.4349060058594,46847100
2019-05-22,SPY,256.48256008080267,257.59671617184193,256.1680725781415,256.644287109375,49482500
2019-05-23,SPY,254.4249186105312,254.4698336408784,252.0977551730857,253.5084381103516,98733800
2019-05-24,SPY,254.9460676553149,255.35940661704132,253.46351507181583,254.08349609375,55268100
2019-05-28,SPY,254.3619412773336,255.3143699757724,251.7023306149373,251.7202911376953,70029400
2019-05-29,SPY,250.60630089681212,251.0106185805972,248.62954526276232,250.0312347412109,104972900
2019-05-30,SPY,250.78599614822284,251.6216408948405,249.61793068747068,250.7141265869141,62523800
2019-05-31,SPY,248.17123097409964,248.99785400522927,247.30863204511155,247.3355865478516,86862800
2019-06-03,SPY,247.3715458239888,248.48570188008597,245.3768302721876,246.70664978027344,96428000
2019-06-04,SPY,248.99787195128627,252.1966011366948,248.54861192613728,252.06182861328125,77231900
2019-06-05,SPY,253.67912153430805,254.2721479827065,251.87311510850387,254.2451934814453,71169700
2019-06-06,SPY,254.54179744327325,256.57243446763243,253.89486179658215,255.89854431152344,69430400
2019-06-07,SPY,256.91383395209493,259.53752459010883,256.74311294719047,258.45928955078125,74272200
2019-06-10,SPY,260.0047577816279,261.3076228990596,259.5554977301904,259.6453552246094,60799100
2019-06-11,SPY,261.46033152755564,261.8287280257867,258.9354924680753,259.5824279785156,58641300
2019-06-12,SPY,259.3488365521413,259.9059145875843,258.6120435410981,259.12420654296875,47096300
2019-06-13,SPY,260.0317238829631,260.55288092143763,259.3308792682955,260.1934509277344,48945200
2019-06-14,SPY,259.90594482421875,260.50793796326803,259.1421972200491,259.90594482421875,52324700
2019-06-17,SPY,260.13956380841864,260.76853892968074,259.8340702245848,260.0047912597656,39205700
2019-06-18,SPY,261.81980818690425,263.778575596661,261.4603781786856,262.727294921875,85434800
2019-06-19,SPY,262.8620279852303,263.85040551806713,261.8916384024987,263.3202819824219,78674400
2019-06-20,SPY,265.9978445130148,266.2404350197233,263.3831482581043,265.8360900878906,116570000
2019-06-21,SPY,265.5670871606895,266.8220901549572,265.2330222101439,265.44970703125,83309500
2019-06-24,SPY,265.6573661634113,265.9733556577188,264.97116086464666,265.1246643066406,47582700
2019-06-25,SPY,265.178790662784,265.2058762592589,262.415949606288,262.5242919921875,82028700
2019-06-26,SPY,263.418210537563,263.92382683504434,262.1541697938597,262.26251220703125,51584900
2019-06-27,SPY,263.0209535329409,263.6981212127424,262.6417550625053,263.1925048828125,40355200
2019-06-28,SPY,264.1676184518848,265.0434231006258,263.6529919480454,264.5468444824219,59350900
2019-07-01,SPY,267.8693936742107,268.0861060069671,265.747596702322,266.9484558105469,78705600
2019-07-02,SPY,266.9033307761512,267.6978784773819,266.0636495912675,267.6437072753906,61504500
2019-07-03,SPY,268.3208916824014,269.80164477374774,268.1764259500246,269.7835693359375,40898900
2019-07-05,SPY,268.5556549615941,269.6391341895929,267.2645286286108,269.4765930175781,51677300
2019-07-08,SPY,268.1674620091727,269.2960749060107,267.45417094324387,267.99591064453125,45841800
2019-07-09,SPY,266.8401319541879,268.6278366109929,266.7859607557403,268.32989501953125,41101300
2019-07-10,SPY,269.39534519807506,270.5600812739369,268.8626432853066,269.6120300292969,58448500
2019-07-11,SPY,270.2530562724696,270.48778894864506,269.2418238255109,270.2440185546875,50826100
2019-07-12,SPY,270.73164779402924,271.5261956250817,270.42466841458145,271.4539489746094,40326000
2019-07-15,SPY,271.88735320178154,271.88735320178154,271.03863413807807,271.54425048828125,33900000
2019-07-16,SPY,271.45399780135625,271.66167251628906,270.3615081141636,270.6684875488281,36650100
2019-07-17,SPY,270.64135633183906,270.80386996621183,268.8265380859375,268.8265380859375,36036300
2019-07-18,SPY,268.32991298102115,270.1898643962696,267.88750564607955,269.8106384277344,51392600
2019-07-19,SPY,270.903180082799,270.93026568631416,268.1403383081677,268.3118896484375,58678600
2019-07-22,SPY,268.7091014293009,269.51268682028854,268.194475028688,268.970947265625,43638100
2019-07-23,SPY,270.0905461773964,270.89410400390625,269.2598751971888,270.89410400390625,44564500
2019-07-24,SPY,270.13573328679485,272.167236328125,270.04543875193104,272.167236328125,47213200
2019-07-25,SPY,271.71581505222247,271.76998626708985,270.06351033668966,270.8670959472656,55394100
2019-07-26,SPY,271.55327198811625,272.88052171662747,271.4268541311043,272.681884765625,45084100
2019-07-29,SPY,272.56449822490094,272.68187835964795,271.6345224202421,272.1852722167969,38126500
2019-07-30,SPY,270.7858119974368,271.9234625037329,270.4065859773304,271.51715087890625,45849000
2019-07-31,SPY,271.76085606462857,271.9504828061591,266.53314273076955,268.54656982421875,104245200
2019-08-01,SPY,268.70014633011544,271.65258755475,265.4136125645929,266.2081604003906,142646600
2019-08-02,SPY,265.3142389649611,265.5580093519048,262.65070237354064,264.20367431640625,116749700
2019-08-05,SPY,260.113601003053,260.2219434044942,254.36219557639544,256.2582702636719,178745400
2019-08-06,SPY,258.14535837183905,260.0685190404571,256.6736428346704,259.851806640625,120711700
2019-08-07,SPY,256.78201534695285,260.7728029003708,254.65120730275837,260.0053405761719,140572300
2019-08-08,SPY,261.4950674503696,265.10662841796875,260.94431762874206,265.10662841796875,87713900
2019-08-09,SPY,264.1676091836573,264.76352003700896,261.5221474446139,263.30084228515625,93730000
2019-08-12,SPY,261.8021213220913,263.29188513433445,259.1476210512444,260.0956726074219,65527600
2019-08-13,SPY,259.79757348733773,265.5851019991185,259.4544708605961,264.1404724121094,94299800
2019-08-14,SPY,260.09563131231886,260.7005524202266,256.20417608457865,256.33056640625,135622100
2019-08-15,SPY,257.2153040110724,257.9015092187599,254.96711675980208,257.00762939453125,99556600
2019-08-16,SPY,258.6599596100818,261.23317429061143,257.06182653655287,260.7998046875,83018300
2019-08-19,SPY,263.815534727368,264.6190928142968,263.1383669618993,263.9419250488281,53571800
2019-08-20,SPY,263.43619054261586,263.9688923061297,261.7929517762229,261.9193420410156,51596400
2019-08-21,SPY,264.07731753557846,264.42039264271136,263.3911122132719,264.0502319335937,49524700
2019-08-22,SPY,264.75453184479977,265.3865385206094,262.1993368727227,263.968994140625,51666400
2019-08-23,SPY,262.6688438924776,264.33015864750445,255.94230050225516,257.18829345703125,149161500
2019-08-26,SPY,259.37328982123614,260.03240966796875,257.84740299073746,260.03240966796875,72423800
2019-08-27,SPY,261.4227521078764,261.79294027724745,258.2535997082941,259.01202392578125,66668900
2019-08-28,SPY,258.3529594666534,260.99842057049005,257.5493741356223,260.8359069824219,59696700
2019-08-29,SPY,263.3911606210267,264.6913248632864,262.3889380553566,264.1676330566406,57899400
2019-08-30,SPY,265.6483375587326,265.6663854420489,263.1202561934248,264.0502319335937,62901200
2019-09-03,SPY,262.3528717175835,263.2647722903244,261.1790976581127,262.50634765625,69101400
2019-09-04,SPY,264.6731833331905,265.5038266888416,263.9237692156625,265.4857788085937,46887300
2019-09-05,SPY,267.9687061284598,269.8105817198851,265.4496355454051,268.898681640625,83258100
2019-09-06,SPY,269.2148152948554,269.74751727016104,268.5376475637681,269.1064453125,49584300
2019-09-09,SPY,270.09057074583126,270.1808377169626,268.3028383422982,269.2418518066406,51260300
2019-09-10,SPY,268.48343727792104,269.24188935174453,267.2284341315708,269.1786804199219,57947100
2019-09-11,SPY,269.4856603743414,271.1740607730114,268.83557827685104,271.0928039550781,68821100
2019-09-12,SPY,271.9956759928493,273.08816543274827,271.23725152228974,272.03179931640625,72908700
2019-09-13,SPY,272.47419270681183,272.82633309685326,271.4810080151809,271.8511962890625,62104800
2019-09-16,SPY,270.72260415700487,271.89637799232213,270.3704912942259,271.01153564453125,58191200
2019-09-17,SPY,270.8128506801717,271.7879598351725,270.6412993619928,271.6976928710937,41475500
2019-09-18,SPY,271.30945217296875,271.968571901471,269.27794933684083,271.8602294921875,73375800
2019-09-19,SPY,272.2485052514616,273.24169007108816,271.5081286082832,271.8421936035156,76560500
2019-09-20,SPY,272.44441106611964,272.7256250118713,269.7686018264229,270.5577392578125,89565000
2019-09-23,SPY,269.89566087758845,271.2109087987867,269.6416852140578,270.49432373046875,43476800
2019-09-24,SPY,271.5827026529989,271.97273161522907,267.4102231949548,268.3717041015625,94869400
2019-09-25,SPY,268.4534446997761,270.4036179808236,266.97493260928337,269.95916748046875,71854000
2019-09-26,SPY,269.9682722975083,270.1768783815456,267.9908881405124,269.3968200683594,56179700
2019-09-27,SPY,270.1496138053091,270.2584842358922,266.394400547626,267.9454650878906,84746600
2019-09-30,SPY,268.4624736286267,269.8956158448682,268.4171317139182,269.1881103515625,51662400
2019-10-01,SPY,270.06803711359674,270.72112142464823,265.7685815465848,265.9862670898437,88242400
2019-10-02,SPY,264.4080085600928,264.417088018738,259.9997099376645,261.2877197265625,122539500
2019-10-03,SPY,261.0608435391244,263.4554943744778,258.3487439616913,263.42828369140625,85278800
2019-10-04,SPY,264.081418140647,267.2470481606347,264.02696908285304,266.9930725097656,65091200
2019-10-07,SPY,266.1949227239914,267.81856801757766,265.55996959562583,265.8411560058594,59610500
2019-10-08,SPY,263.990626093179,264.7253421334106,261.6776075713752,261.7138977050781,95708100
2019-10-09,SPY,263.72761868689645,265.13355020756165,263.10174525349936,264.19927978515625,62359400
2019-10-10,SPY,264.1177256934721,266.8661164022148,263.9544615360279,265.9862670898437,55296300
2019-10-11,SPY,268.73454237201105,270.97498072998906,268.6166478742334,268.7436218261719,98720400
2019-10-14,SPY,268.42617702704035,269.09742004492904,268.0996488139588,268.4443359375,40394800
2019-10-15,SPY,269.4874853651235,271.8458464973218,269.3695631563232,271.10205078125,46754500
2019-10-16,SPY,270.639476320121,271.3560614405588,270.2313159461551,270.66668701171875,48928200
2019-10-17,SPY,271.8276621175921,272.3356133684746,270.77546947468795,271.46484375,45736600
2019-10-18,SPY,270.9296954952778,271.5737002063706,269.4239728965291,270.276611328125,64304000
2019-10-21,SPY,271.5917922419968,272.3083493813206,271.1563936773508,272.1087951660156,39048600
2019-10-22,SPY,272.6440336093649,272.93429940069217,271.12925918317654,271.219970703125,48594700
2019-10-23,SPY,270.965950615548,272.0634850874928,270.75731692201106,272.0090637207031,34352200
2019-10-24,SPY,272.94334172458434,273.0884746005034,271.62809406743776,272.4535217285156,35453100
2019-10-25,SPY,271.8820987429654,274.1134858073228,271.82767736883653,273.5692443847656,45205400
2019-10-28,SPY,274.7847388004007,275.6101666626339,274.75752810961376,275.1112670898437,42147000
2019-10-29,SPY,274.83903574877576,275.95472892845504,274.7120341284217,275.0295104980469,44284900
2019-10-30,SPY,275.2291974772804,276.24510020516715,273.92302891820503,275.87322998046875,49643900
2019-10-31,SPY,275.8641227568858,275.8641227568858,273.68718460462867,275.1384582519531,69053800
2019-11-01,SPY,276.58073316174546,277.7326893372688,276.41744133237114,277.6873474121094,71141500
2019-11-04,SPY,279.2384383344362,279.37449180392974,278.4311416133152,278.80303955078125,60606900
2019-11-05,SPY,279.00258028848964,279.30192558808307,278.2043630646061,278.49462890625,42933200
2019-11-06,SPY,278.494543609944,278.83015127599856,277.61469457781413,278.5580444335937,46487100
2019-11-07,SPY,279.89139471405895,280.8710069278483,279.0659671347833,279.5376281738281,54272300
2019-11-08,SPY,279.1930501544801,280.2815332005841,278.49462393668216,280.22711181640625,49032100
2019-11-11,SPY,278.84827471069235,279.86417703477946,278.7121936255367,279.6918334960937,35797300
2019-11-12,SPY,280.05472917772806,281.17947453569053,279.5104877305214,280.281494140625,46484600
2019-11-13,SPY,279.2928193961337,280.7713314741296,279.0660544192944,280.3722229003906,53917700
2019-11-14,SPY,280.09104877139123,280.8620552625586,279.4560957360127,280.7803955078125,51219900
2019-11-15,SPY,282.1138019169126,282.8575977885821,281.42445511407726,282.812255859375,62023600
2019-11-18,SPY,282.5762710973889,283.2565657853916,282.1227413053871,283.0207214355469,49228000
2019-11-19,SPY,283.6194121870548,283.62849164179835,282.2951128139359,282.9391174316406,67804700
2019-11-20,SPY,282.34951110935566,282.8665417247279,280.3358376906144,281.88690185546875,79406200
2019-11-21,SPY,281.9958415043259,282.10468425402297,280.6352517705745,281.4334411621094,54664700
2019-11-22,SPY,282.17718732194487,282.3132407351811,281.0524421975064,282.05926513671875,44850200
2019-11-25,SPY,282.984501675249,284.24530029296875,282.984501675249,284.24530029296875,48647200
2019-11-26,SPY,284.2815982160428,285.0707357657837,283.9641217688007,284.8893127441406,37569000
2019-11-27,SPY,285.3700754304547,286.15924072265625,285.1523899326164,286.15924072265625,44444600
2019-11-29,SPY,285.59686381058185,285.8417876970087,284.87122697075444,285.0979919433594,36592700
2019-12-02,SPY,285.3519574335292,285.41545826710006,282.24982822038623,282.6761474609375,75767800
2019-12-03,SPY,279.9640470918064,280.8620552625586,278.58532593769104,280.7803955078125,73941700
2019-12-04,SPY,281.82350125041523,283.11151071206064,281.4788140847929,282.5128479003906,49080000
2019-12-05,SPY,283.21122387869605,283.2293551051219,281.71455342008073,283.0207214355469,40709000
2019-12-06,SPY,284.9256316357635,286.0050350565463,284.9165521793852,285.6059265136719,48927000
2019-12-09,SPY,285.2158063567555,285.8870215639641,284.63527495929674,284.7078552246094,34838500
2019-12-10,SPY,284.6535275182076,285.315663489782,283.73738821573176,284.3904724121094,52649800
2019-12-11,SPY,284.84398729797243,285.4517295424743,284.30882533883084,285.19775390625,53429100
2019-12-12,SPY,285.2067809563498,288.43591134323987,284.9709642525427,287.6558532714844,96389600
2019-12-13,SPY,287.4200895270887,289.05281408902283,286.6490830129481,287.8282775878906,81503900
2019-12-16,SPY,289.55159690245364,290.3951557751756,287.76468819631657,289.8055725097656,82749700
2019-12-17,SPY,290.1865865771561,290.4859041346796,289.78747804627915,289.8691101074219,61097700
2019-12-18,SPY,290.25913538779594,290.4859003373177,289.8328161754444,289.8872375488281,48133000
2019-12-19,SPY,290.0776378775777,291.1479892022689,289.8236623065729,291.0754089355469,85310500
2019-12-20,SPY,292.1054650052227,293.4818680399589,291.13016050237536,292.3515930175781,147142100
2019-12-23,SPY,293.13553655427705,293.1902254958816,292.6524323585263,292.7982788085937,52990000
2019-12-24,SPY,293.026189871742,293.071754722142,292.50661705381003,292.80743408203125,20270000
2019-12-26,SPY,293.1901906102919,294.3751824445798,293.1810943326841,294.3660583496094,30911200
2019-12-27,SPY,295.0952628094436,295.149951744562,293.7644523592922,294.2931213378906,42528800
2019-12-30,SPY,294.3751576532409,294.5118799794698,292.18748916413625,292.67059326171875,49729100
2019-12-31,SPY,292.1693745285005,293.62781144325504,291.82299263179215,293.3816833496094,57077300
2020-01-02,SPY,294.91293581934144,296.1434923281095,293.99229250686125,296.125244140625,59151200
2020-01-03,SPY,292.74350507040344,295.0040826655969,292.6888161446402,293.8829040527344,77709700
2020-01-06,SPY,292.13278160099514,295.0861227459739,292.0142796533682,295.00408935546875,55653900
2020-01-07,SPY,294.4389421396399,294.9129499592201,293.72795822762987,294.17462158203125,40496400
2020-01-08,SPY,294.3660286722624,296.9547400028766,294.1199284891358,295.742431640625,68296000
2020-01-09,SPY,297.3011976073004,297.82077038824355,296.7178117864448,297.7478332519531,48473300
2020-01-10,SPY,298.3312381801406,298.4861809242892,296.4261656787009,296.8910217285156,53029300
2020-01-13,SPY,297.5107715003253,298.9418355342063,297.0823563543286,298.9327392578125,47086800
2020-01-14,SPY,298.4952101168568,299.5434516916106,297.9209485381816,298.4769897460937,62832800
2020-01-15,SPY,298.38587734482564,299.90809914567166,298.30384393795646,299.15155029296875,72056600
2020-01-16,SPY,300.52802066844026,301.6400756835937,300.30014077039544,301.6400756835937,54050300
2020-01-17,SPY,302.3509165966451,302.7884279904779,301.5761197469233,302.57879638671875,95846000
2020-01-21,SPY,301.62166501284787,302.788408349648,301.5487557243908,301.9862670898437,77742400
2020-01-22,SPY,302.84318902456715,303.49038781097767,301.8678844320141,302.0228271484375,48914900
2020-01-23,SPY,301.3756489009387,302.77939649699647,300.2635941747511,302.36920166015625,51963000
2020-01-24,SPY,303.02552540689584,303.1075588185603,298.3949910655985,299.68023681640625,87578400
2020-01-27,SPY,294.44811064824233,296.3531828560224,294.1108529210448,294.87652587890625,84062500
2020-01-28,SPY,296.2984568633764,298.8416034600196,294.96764649476006,297.966552734375,63834000
2020-01-29,SPY,299.324680649757,299.55256045074896,297.5198626116515,297.72039794921875,53888900
2020-01-30,SPY,295.66036446661803,298.89627442765044,294.9129398382602,298.6866149902344,75491800
2020-01-31,SPY,298.06678837146853,298.22175888029057,292.3515728105219,293.2630920410156,113845600
2020-02-03,SPY,294.73976005288546,297.30112696346464,294.6212580975968,295.4416198730469,69083000
2020-02-04,SPY,299.0421847479902,300.8105346597248,298.7231473854342,299.944580078125,62573200
2020-02-05,SPY,302.87050163975044,303.61795412672234,301.4120930432873,303.4082946777344,65951100
2020-02-06,SPY,304.365386197161,304.6206104661579,303.3535853975724,304.42919921875,50359700
2020-02-07,SPY,303.3719002853901,304.4383624299263,302.2598454793981,302.8067626953125,64139400
2020-02-10,SPY,301.9225963763189,305.1311348147873,301.88612780958465,305.0673217773437,42070000
2020-02-11,SPY,306.41637021168424,307.20026355708615,305.0673114617923,305.59600830078125,54864500
2020-02-12,SPY,307.0269985310537,307.774450947896,306.66239641614675,307.5648193359375,43992700
2020-02-13,SPY,306.14276881756746,308.2028107319948,305.8693242348352,307.2366027832031,54501900
2020-02-14,SPY,307.6469704852974,307.84750589786006,306.4528821069279,307.72900390625,64582200
2020-02-18,SPY,306.7353167259644,307.79268227342084,305.5503251457351,306.93585205078125,57226200
2020-02-19,SPY,307.9021483533661,309.077988360176,307.6195795625174,308.4034729003906,48814700
2020-02-20,SPY,307.85655491074664,308.67694462905206,304.1557883522253,307.136474609375,74163400
2020-02-21,SPY,305.78745621324725,306.0973695137125,303.15315143324005,303.9735412597656,113788200
2020-02-24,SPY,294.5483543223174,304.0463696689848,292.8164454315438,293.8920593261719,161088400
2020-02-25,SPY,295.2776354317167,295.8883379321786,284.1115213155918,284.986572265625,218913200
2020-02-26,SPY,286.3810356553901,289.9632986856454,283.20896730624605,283.93817138671875,194773800
2020-02-27,SPY,278.4326260777627,283.99289834255785,271.1860656738281,271.1860656738281,284353500
2020-02-28,SPY,263.15566832306206,271.5325340386913,260.27526361074985,270.0467529296875,384975800
2020-03-02,SPY,271.82421045255126,281.80535966924487,268.40601247661044,281.7415466308594,238703600
2020-03-03,SPY,282.1152700822015,286.0712611614253,271.24084970802795,273.6745910644531,300139100
2020-03-04,SPY,279.03437582366234,285.39679265326794,276.4912283478598,285.1780090332031,176613400
2020-03-05,SPY,277.99522810355086,281.17642226819964,273.4649750598973,275.6981811523437,186366800
2020-03-06,SPY,267.2119474918185,272.3438069509594,264.55032601369834,271.1405944824219,228667200
2020-03-09,SPY,250.9412621903789,259.04468244351574,249.25497367188592,249.9659576416016,309417300
2020-03-10,SPY,259.4548791387997,262.99155082298614,249.30054030564344,262.9004211425781,276444100
2020-03-11,SPY,255.86356189562727,256.9938372938662,246.91243278073927,250.08450317382807,255316300
2020-03-12,SPY,233.3489613279396,243.06576125881952,225.76511340861424,226.15707397460935,392220700
2020-03-13,SPY,239.8116265596918,247.45928738947632,226.5307966352996,245.4904022216797,329566100
2020-03-16,SPY,219.840238227868,234.16932404862888,216.3582414155472,218.6279296875,297240000
2020-03-17,SPY,223.3586992105736,233.50392810842425,216.09390266325667,230.43209838867188,262070500
2020-03-18,SPY,215.3464207649231,226.3940295191016,207.8446213031828,218.76461791992188,327597100
2020-03-19,SPY,218.0809829271714,225.49163896080336,211.67300364288351,219.2294921875,289322000
2020-03-20,SPY,222.3707472149836,224.1494953890888,209.50693107809147,209.7819976806641,347158800
2020-03-23,SPY,209.22269612416616,210.58883736917824,200.11807712080451,204.41824340820312,326025200
2020-03-24,SPY,214.93482673177368,223.81022492489032,214.3663660879373,222.93917846679688,235494500
2020-03-25,SPY,224.5162352253458,235.0420199208636,219.82181757105965,226.27664184570312,299430300
2020-03-26,SPY,228.7797337783593,240.95587614121877,228.34879937507776,239.4888916015625,257632800
2020-03-27,SPY,232.2180034986201,239.1312666476789,230.18253051508597,232.35552978515625,224341200
2020-03-30,SPY,234.44602980585432,240.61662346155651,232.45640344110245,239.9014587402344,171369500
2020-03-31,SPY,238.9020509676056,241.4417963725967,234.9227984498402,236.32562255859372,194881100
2020-04-01,SPY,227.36771002403904,236.2431083425227,223.62684104588152,225.6898193359375,189554600
2020-04-02,SPY,224.8096719377729,231.67708998353663,224.2595386780604,230.8977508544922,177660400
2020-04-03,SPY,229.9166909570072,232.26391415318625,224.83718484688492,227.5603179931641,135561200
2020-04-06,SPY,236.40812276656249,244.8067393545657,227.54190283658448,242.8446044921875,188061200
2020-04-07,SPY,251.41747622455648,252.1693239994925,242.87218203318545,243.09222412109372,201427200
2020-04-08,SPY,245.68703684697715,253.0587562775526,243.20230109645223,251.25250244140625,153774500
2020-04-09,SPY,254.5073322785615,257.8264586985217,252.57273047385536,255.0758209228516,189999200
2020-04-13,SPY,254.10395500418,254.4431958847466,248.8502262862596,252.74696350097656,114839100
2020-04-14,SPY,257.6246829735061,261.21883314435115,252.60935350077392,260.2011108398437,134143400
2020-04-15,SPY,254.49816925151632,260.3386853472331,252.56353956668625,254.67237854003903,121775000
2020-04-16,SPY,255.94684900762076,256.75370726229335,252.83864275488824,255.9010162353516,131798300
2020-04-17,SPY,261.6590236451904,263.4194162623719,258.9267132107058,262.8143005371094,146684800
2020-04-20,SPY,259.1192277447229,262.95180422099605,257.9639789331066,258.1840209960937,100109300
2020-04-21,SPY,253.72796695073868,254.92907634999656,249.40944618330943,250.3446807861328,126385700
2020-04-22,SPY,255.21335676570132,257.6430812956117,253.89304834549813,255.9010162353516,92951600
2020-04-23,SPY,257.17553974798005,260.33878543364244,255.5801782617905,255.8827362060547,104709700
2020-04-24,SPY,257.39557038512345,260.11870338954105,255.35091919954365,259.4493713378906,85063200
2020-04-27,SPY,261.4205849434391,264.3087487379452,260.96214535761493,263.1901550292969,77896600
2020-04-28,SPY,266.8302837908438,267.1787025062263,261.677425057309,261.9800109863281,105270000
2020-04-29,SPY,267.29784515422165,270.36939668055743,266.2709447231819,268.83819580078125,118745600
2020-04-30,SPY,267.462857175173,268.9390474225819,264.60219818898923,266.3351135253906,122901700
2020-05-01,SPY,261.594889070107,266.50020001311435,258.11990791498647,259.28436279296875,125180000
2020-05-04,SPY,257.4046365732007,260.3019779656264,255.92847461294292,259.9994201660156,80873200
2020-05-05,SPY,262.8143097798944,265.20735144767355,260.1278320243504,262.4017028808594,79569900
2020-05-06,SPY,264.09796681903833,264.48304052192884,260.1920513755059,260.6229858398437,73632600
2020-05-07,SPY,263.8319800050877,265.6932435927499,263.26351939914133,263.7677917480469,75250400
2020-05-08,SPY,266.89434866344646,268.59975843411314,265.7665772347648,268.13214111328125,76452400
2020-05-11,SPY,266.20670188943353,269.5624830979567,265.7849452947577,268.1871643066406,79514200
2020-05-12,SPY,269.36997290557235,269.78255179515514,262.7042425975372,262.841796875,95870800
2020-05-13,SPY,262.2824494760748,263.31852740068314,255.7726018636216,258.19317626953125,144721100
2020-05-14,SPY,255.76341829570487,261.4113685344945,250.29879909463915,261.28302001953125,121977900
2020-05-15,SPY,258.8991906512392,262.53002466488874,257.95480613821377,262.48419189453125,111146300
2020-05-18,SPY,268.6914141285281,272.0838780548613,268.3705288222218,270.4793395996094,119703800
2020-05-19,SPY,269.88350227805404,271.58888481740087,267.68299694495283,267.7013244628906,95189300
2020-05-20,SPY,271.23127021904025,273.1108617924765,271.00205036955106,272.2489929199219,85861700
2020-05-21,SPY,272.1206276660374,272.92748596370774,269.278296110494,270.369384765625,78293900
2020-05-22,SPY,270.08516244349306,271.0570523361643,268.8473696991475,270.8828430175781,63958200
2020-05-26,SPY,276.8333877387792,277.07178533427884,270.9011769612808,274.22027587890625,88951400
2020-05-27,SPY,277.0076420479935,278.33712857289146,272.1940244647287,278.3004455566406,104817400
2020-05-28,SPY,279.3272767982314,281.3352447299404,277.1175942986496,277.78692626953125,90405200
2020-05-29,SPY,277.3193394971249,279.61153803025144,274.577879005406,279.0247497558594,119090800
2020-06-01,SPY,278.3828347935377,280.75754836392883,277.8693847232331,280.15240478515625,55758300
2020-06-02,SPY,281.06928299945145,282.51796767814466,279.7398250642185,282.4721069335937,74267200
2020-06-03,SPY,284.4526967836339,287.1850078595384,284.1776441166722,286.2314453125,92567600
2020-06-04,SPY,285.2503028822557,286.98321817364206,283.3890390401753,285.4795227050781,75794400
2020-06-05,SPY,290.861571594763,294.56574307144007,290.79738334131844,292.7961730957031,150524700
2020-06-08,SPY,293.60313838658124,296.52798606844794,293.062182869184,296.33544921875,73641200
2020-06-09,SPY,293.6764120455833,296.408722278723,292.8145433136846,294.1257019042969,77479200
2020-06-10,SPY,294.7034495380097,295.5928238577627,291.76942366351983,292.4845886230469,95000800
2020-06-11,SPY,285.5712235543959,286.20387252008595,275.0729721884442,275.6230773925781,209243600
2020-06-12,SPY,282.6188503742168,283.3890255846192,273.78014897594073,278.923828125,194678900
2020-06-15,SPY,273.24841147874247,282.6556038603408,272.0748068682089,281.52783203125,135782700
2020-06-16,SPY,289.2571484357814,289.4038525103005,282.0963219351536,286.94659423828125,137627500
2020-06-17,SPY,287.9643213952654,288.25772952024136,285.02111835943526,285.754638671875,83398900
2020-06-18,SPY,284.2417880969982,286.3414217497539,283.7833484028866,285.8646545410156,80828700
2020-06-19,SPY,289.3235490329569,289.5169330939847,282.2877529407937,284.2308959960937,135549600
2020-06-22,SPY,283.6323430698322,286.4503381503588,282.49041850503755,286.0543518066406,74649400
2020-06-23,SPY,288.69727297348606,289.62740495248335,286.9659504440521,287.37115478515625,68471200
2020-06-24,SPY,285.336089865643,285.953114826548,278.20822201392,280.04083251953125,132813500
2020-06-25,SPY,279.4697872300513,283.3100111754416,277.45298321689944,283.0429382324219,89468000
2020-06-26,SPY,281.9470509652658,282.1588713157659,275.7400992165521,276.3202514648437,127961000
2020-06-29,SPY,277.5727838921979,280.5196928041572,275.28890629956817,280.3815612792969,79773300
2020-06-30,SPY,279.9486027646183,285.66749822246646,279.79206314252275,283.9729919433594,113394800
2020-07-01,SPY,285.087337333443,287.2238644355757,284.62688035991766,285.9621887207031,72396500
2020-07-02,SPY,289.3880053272748,290.7325599973722,286.87392810290646,287.5369873046875,69344200
2020-07-06,SPY,291.3495847273951,292.5559799310515,290.6036465664798,291.9757995605469,61713800
2020-07-07,SPY,290.4379459868934,292.4086879039096,288.5868993171508,288.9644775390625,82910000
2020-07-08,SPY,289.7287492933504,291.2850962513282,287.96982822881216,291.1745910644531,54638600
2020-07-09,SPY,291.7824085004592,292.0218551502653,286.1095744969354,289.5169677734375,83354200
2020-07-10,SPY,289.45251680342045,292.74018697945144,288.025111149212,292.4731140136719,57550400
2020-07-13,SPY,294.81228763297554,297.1882340667077,289.2868020526864,289.9406433105469,102997500
2020-07-14,SPY,288.52234618472755,294.47147088494086,287.32516922126496,293.6979064941406,93657000
2020-07-15,SPY,296.91194993690715,297.4921303782736,294.0202658653574,296.396240234375,87196500
2020-07-16,SPY,294.49912983927373,295.87128286396967,293.85447872341933,295.4200439453125,54622500
2020-07-17,SPY,296.4238388882312,297.0592718738817,294.4530691984586,296.2764892578125,62774900
2020-07-20,SPY,296.00938243299004,299.4167754994566,295.26344433587724,298.6708374023437,56308800
2020-07-21,SPY,300.6324848085871,301.0745056864678,298.320980919731,299.3063659667969,57292200
2020-07-22,SPY,298.94714058873586,301.32311478404205,298.83663538971115,301.0099792480469,57792900
2020-07-23,SPY,300.6509058773969,301.35080976950474,296.0555523114501,297.4184875488281,75738000
2020-07-24,SPY,295.5674004213925,296.5251308789289,294.00183516323403,295.5029296875,73766600
2020-07-27,SPY,296.19361733148213,297.83284336537673,295.4016165623497,297.6578674316406,48293000
2020-07-28,SPY,296.9302910125808,298.04461717526414,295.4752592743561,295.7699584960937,57495000
2020-07-29,SPY,296.6448504265801,299.9693649980808,296.60800599281623,299.4075927734375,48454200
2020-07-30,SPY,296.4422744707612,298.7537780991364,294.36102749576685,298.33935546875,61861700
2020-07-31,SPY,300.1258457184252,300.7981230082648,295.9172622915835,300.6968078613281,84986800
2020-08-03,SPY,302.3545532402636,303.551730444188,301.8112172413089,302.7873840332031,53077900
2020-08-04,SPY,301.9309778366748,303.9570007324219,301.9309778366748,303.9570007324219,41917900
2020-08-05,SPY,305.2554476092795,306.10270108517585,304.98837460760626,305.8448181152344,42697700
2020-08-06,SPY,305.26466855525786,308.00897505925286,304.9423429439364,307.8892517089844,43679400
2020-08-07,SPY,306.9223032635199,308.39577169944573,306.019797171798,308.1102905273437,57308300
2020-08-10,SPY,308.56154419446693,309.2153854806249,306.6276185368531,309.0312194824219,44282100
2020-08-11,SPY,310.2099129722672,310.8453459347755,305.7526922046899,306.4801940917969,69601100
2020-08-12,SPY,308.91143712616207,311.526829875344,308.8838108265044,310.7532653808594,53774400
2020-08-13,SPY,309.9888955675153,311.4992082489788,309.2705836615696,310.1914978027344,41816100
2020-08-14,SPY,309.80469729931406,310.73482947821054,309.0771673345119,310.20068359375,47260400
2020-08-17,SPY,311.2137530113555,311.58211307766084,310.2099598864431,311.1861267089844,35481000
2020-08-18,SPY,311.5820463337453,312.28194998264934,309.98885496076423,311.8583374023437,38733900
2020-08-19,SPY,312.23591780968894,312.7516274630557,309.9981032669653,310.55987548828125,68054200
2020-08-20,SPY,308.8378341384851,312.0057818658244,308.70892073892423,311.52691650390625,42207800
2020-08-21,SPY,311.1953645031958,312.8529989583211,310.8546026136636,312.6319885253906,55106600
2020-08-24,SPY,315.06311760311377,315.8735264825769,312.6042927708127,315.79986572265625,48588700
2020-08-25,SPY,316.3616018282348,316.9878166359839,315.201241134296,316.9049377441406,38463400
2020-08-26,SPY,317.4943261404444,320.34913711570266,316.9509902417963,320.08209228515625,50790200
2020-08-27,SPY,320.94779884525434,322.2278548973866,319.1243787139967,320.7820129394531,58034100
2020-08-28,SPY,321.80420702373715,322.9829758804368,320.6162200332608,322.8540344238281,48588900
2020-08-31,SPY,322.64226783208227,323.51711938437126,321.4542807471516,321.6845092773437,66099200
2020-09-01,SPY,322.5133570209496,324.8156425417092,321.620069114732,324.71435546875,54908700
2020-09-02,SPY,326.6205208874166,330.3778369530405,325.47856862593324,329.410888671875,69540000
2020-09-03,SPY,327.7257482737778,328.19542353260755,315.49600820932886,318.0745849609375,148011100
2020-09-04,SPY,318.75605256613443,320.3215899223895,308.38654915956926,315.47760009765625,139156300
2020-09-08,SPY,310.0810183653904,315.54206103531834,306.5539292774732,306.8578186035156,114465300
2020-09-09,SPY,310.8545526760322,315.37624441716423,309.98889114735533,312.9174194335937,91462300
2020-09-10,SPY,314.78688177765224,315.4407229555937,306.5262807206502,307.4840393066406,90569500
2020-09-11,SPY,309.26138178450964,310.32042738546795,304.8225690491499,307.6405639648437,84680200
2020-09-14,SPY,310.7992781526269,313.46073328485505,307.78789928384793,311.69256591796875,65605700
2020-09-15,SPY,314.1423078505726,314.97112516922874,311.70189037183303,313.2674560546875,52920900
2020-09-16,SPY,314.5014007189514,315.92880641145365,311.74784829653964,312.0241394042969,82096000
2020-09-17,SPY,307.1801021515254,310.9926999807733,306.6551743743273,309.27978515625,91523300
2020-09-18,SPY,310.0833240814501,310.1942716478776,303.2412847248806,305.7192077636719,105877900
2020-09-21,SPY,301.142417821237,302.4645898682485,297.4717524188794,302.316650390625,99450800
2020-09-22,SPY,303.79599750028683,305.95030428150574,301.29030979270976,305.3955383300781,63612100
2020-09-23,SPY,305.9503849729651,306.2277821301239,297.8139095946717,298.3132019042969,93112200
2020-09-24,SPY,297.0002791603086,302.15953936632235,295.68733356898247,299.1083679199219,76681300
2020-09-25,SPY,298.25759348900306,304.72979648153216,297.38849504638966,303.94390869140625,71069400
2020-09-28,SPY,308.0953544774506,309.70415018624124,307.1060252515909,308.9922180175781,64584600
2020-09-29,SPY,308.78878394674337,309.5284529495285,306.61596745328694,307.3094177246094,51304000
2020-09-30,SPY,307.975167553996,312.78310129067506,307.78100935569034,309.63946533203125,104081100
2020-10-01,SPY,312.22836509125534,313.1991843917802,309.7504423645945,311.6273803710937,88698700
2020-10-02,SPY,306.6900399805022,311.5996670640401,306.2184846303253,308.6686706542969,89431100
2020-10-05,SPY,310.7213002044158,314.3272371892056,310.6750814573515,314.142333984375,45713100
2020-10-06,SPY,314.28097349200937,316.37057974539914,309.16793362544905,309.67645263671875,90128900
2020-10-07,SPY,312.6259052380061,315.8712619049268,312.598168352672,315.0668640136719,56999600
2020-10-08,SPY,316.99938098191984,317.92398175584026,316.0840070284668,317.8592529296875,45242500
2020-10-09,SPY,319.5049503113114,321.15999312657567,318.8854837702439,320.6976928710937,59528600
2020-10-12,SPY,323.23113221465513,327.32710625079835,322.7410950073578,325.85699462890625,80388500
2020-10-13,SPY,325.71829333157706,325.8939697002557,322.76881520469266,323.7304077148437,73255500
2020-10-14,SPY,324.30360807019053,325.39462982999737,320.96581398724754,321.6962280273437,57727900
2020-10-15,SPY,317.79443172197927,321.7794576418191,317.2581758442864,321.2986755371094,60357700
2020-10-16,SPY,322.64865110187765,324.3036942490065,320.9289073505997,321.1045837402344,89501900
2020-10-19,SPY,322.36195837394564,322.99067994136914,315.3257621196153,316.2226257324219,68425600
2020-10-20,SPY,317.5633049958053,320.7254513716909,316.8051539703146,317.4893493652344,60051900
2020-10-21,SPY,317.4431044735385,319.6066946596672,316.58323270677243,316.88836669921875,63575000
2020-10-22,SPY,317.1010016263074,319.20908978421284,314.96517658013624,318.6265869140625,55399300
2020-10-23,SPY,319.8470584613105,319.9025322364598,317.258188232449,319.7083740234375,49143900
2020-10-26,SPY,316.333536423992,317.11945239999403,310.3143788466837,313.8001403808594,91473000
2020-10-27,SPY,314.142337779827,314.4751804824875,312.5057765086921,312.71844482421875,65994100
2020-10-28,SPY,307.059827691063,312.7461150486337,301.5399616493468,302.0299987792969,127094300
2020-10-29,SPY,302.26114022168764,308.2617881868608,300.57836060996675,305.09967041015625,90597700
2020-10-30,SPY,303.5279553291633,304.8316458682096,298.27622945620334,301.9191589355469,120287300
2020-11-02,SPY,305.30322265625,307.30033573165133,302.5663837283985,305.30322265625,86068300
2020-11-03,SPY,308.52995012960014,312.746126248305,305.38631400131226,310.6935119628906,93294200
2020-11-04,SPY,315.15934752702685,321.70553558783416,313.9851149209246,317.6372985839844,126959700
2020-11-05,SPY,322.907491721787,325.6350746703544,322.55613899305547,323.83209228515625,82039700
2020-11-06,SPY,323.5454494007083,325.0063340064699,321.4373613684711,323.75811767578125,74973000
2020-11-09,SPY,336.52684917649657,336.9059387720614,327.36405472488747,327.82635498046875,172304200
2020-11-10,SPY,326.83706430106344,328.39964160698554,324.08177251066513,327.3456115722656,85552000
2020-11-11,SPY,329.5275920192219,330.60013191836515,328.2886308124271,329.7772521972656,58649000
2020-11-12,SPY,328.7693928828868,329.82345086701974,324.7751406594177,326.5780944824219,67546200
2020-11-13,SPY,328.48282147525566,331.8391259274995,327.9650474336688,331.0994567871094,62892200
2020-11-16,SPY,333.7622800304141,335.42654955095253,332.47707186315154,335.2323913574219,74541100
2020-11-17,SPY,332.8284586496354,334.63144099542336,331.3213552496351,333.429443359375,66111000
2020-11-18,SPY,333.6976230414402,334.24313403742127,329.3797256027603,329.4167175292969,70591300
2020-11-19,SPY,328.7879664083773,331.173423449706,327.44728430310664,330.8035888671875,59940900
2020-11-20,SPY,330.5446644564976,330.74807768636424,328.46431342145667,328.53826904296875,70417300
2020-11-23,SPY,330.34129961206247,331.7651924296882,328.1130087910506,330.5077209472656,63230600
2020-11-24,SPY,333.0503176608031,336.3788848988005,332.1997010545498,335.8333740234375,62415900
2020-11-25,SPY,335.75020670349176,335.77794359169803,334.2246214190069,335.3156433105469,45330900
2020-11-27,SPY,336.4066169553656,336.720977715475,335.2416113846449,336.2494506835937,28514100
2020-11-30,SPY,335.4727353400609,335.7408773444086,332.0887228617469,334.76080322265625,83872700
2020-12-01,SPY,338.0062793851227,339.9571732876584,337.41452140242126,338.4223327636719,74231400
2020-12-02,SPY,337.3127825968703,339.2914131198718,336.7395347651276,339.1342468261719,45927000
2020-12-03,SPY,339.03258456312386,340.42874067685017,337.9415624876724,339.0418395996094,62882000
2020-12-04,SPY,339.6242931462519,341.9635314941406,339.53182744457604,341.9635314941406,50749900
2020-12-07,SPY,341.1960439023608,341.75080980917244,339.9940746180739,341.2607727050781,48944300
2020-12-08,SPY,339.9941167706337,342.8233922079248,339.9478980295718,342.2593994140625,42458900
2020-12-09,SPY,342.9158669849853,343.0730332820125,338.3575929060704,339.1897277832031,74098300
2020-12-10,SPY,337.82129446332254,340.1235407764272,336.952167699225,339.0787658691406,57735400
2020-12-11,SPY,337.38674768616795,339.08800937588853,335.8704174000004,338.6811828613281,57698600
2020-12-14,SPY,340.844683926744,341.9171954938573,336.9890880818332,337.1647644042969,69216200
2020-12-15,SPY,339.6982365511047,341.7231140136719,338.329845795208,341.7231140136719,63865300
2020-12-16,SPY,341.93578357691985,343.17474493301853,341.0574017641856,342.2593994140625,58420500
2020-12-17,SPY,343.8959099470601,344.3766920459077,343.0730019635639,344.1732788085937,64119500
2020-12-18,SPY,344.461170106029,344.6283008376409,340.79341847573585,342.799072265625,136542300
2020-12-21,SPY,338.8899235370573,351.415944151772,336.1600082036477,341.5733947753906,96386700
2020-12-22,SPY,341.89839793934385,342.0098184311258,339.87418344037354,340.9977111816406,47949000
2020-12-23,SPY,341.96333381663726,343.2075762857532,340.9790818882792,341.3040771484375,46201400
2020-12-24,SPY,341.77762611632846,342.6597520909689,341.1926686317637,342.63189697265625,26457900
2020-12-28,SPY,345.1760839492796,345.9653500649846,344.5539768762825,345.57537841796875,39000400
2020-12-29,SPY,347.0981859364546,347.2746111341923,344.33112134700883,344.9161071777344,53680500
2020-12-30,SPY,345.73316782716046,346.4388684943825,345.0182010132077,345.4081726074219,49455300
2020-12-31,SPY,345.2132645868987,347.8874694685123,344.7025779385661,347.1632080078125,78520700
2021-01-04,SPY,348.49106429337866,348.62107376333165,338.75066866047587,342.4369812011719,110210800
2021-01-05,SPY,341.7962080602369,345.88178590422,341.74976397277425,344.7953796386719,66426200
2021-01-06,SPY,343.29115366008426,350.0416701451585,342.743317442046,346.85675048828125,107997700
2021-01-07,SPY,349.2245372676321,352.75298437501374,349.0481120785787,352.0101623535156,68766800
2021-01-08,SPY,353.3937031789076,354.2293850911422,350.1531015213458,354.0158386230469,71677200
2021-01-11,SPY,350.84948394564515,353.38438462890787,350.7287689918053,351.62945556640625,51034700
2021-01-12,SPY,351.8151841603632,352.7158424209581,349.4659464169587,351.7037353515625,52547700
2021-01-13,SPY,351.6294773146356,353.6443970420134,350.84950564563337,352.65087890625,45303600
2021-01-14,SPY,353.3938147215489,353.8952353618927,351.0817540893405,351.416015625,49989100
2021-01-15,SPY,349.8003436061598,350.59887612500154,346.9961569655616,348.8532409667969,107160000
2021-01-19,SPY,351.3045005009363,352.13091630295105,349.8281224423444,351.59234619140625,51233300
2021-01-20,SPY,353.87654291716206,357.29359819142803,353.4865712395812,356.4579162597656,61836100
2021-01-21,SPY,357.0150639404166,357.4422136144088,355.8636810590546,356.7829284667969,47840100
2021-01-22,SPY,354.9350947122526,356.68075778914084,354.55438918277406,355.52008056640625,52860500
2021-01-25,SPY,356.25362897614195,357.2750022410849,351.415906011499,356.92218017578125,70402000
2021-01-26,SPY,357.869315038569,358.2778757163541,356.1329463264064,356.3650817871094,42665300
2021-01-27,SPY,353.05015999751345,353.14301984374345,345.4268398473695,347.65533447265625,123351100
2021-01-28,SPY,349.46593655582046,354.6379205656578,349.0295491652536,350.64520263671875,94198100
2021-01-29,SPY,348.78814770996314,349.75383907984985,341.9540655846165,343.6254577636719,126765100
2021-02-01,SPY,347.0145966841192,350.3759130211794,343.9132708831619,349.3452453613281,75817600
2021-02-02,SPY,352.52090191367535,355.83580306474755,349.42887007201125,354.2851257324219,64450700
2021-02-03,SPY,355.11152644432576,356.2814981741382,353.2915924599428,354.5636901855469,52427100
2021-02-04,SPY,355.59436662167684,358.6399826506837,354.6751192898168,358.59356689453125,47142600
2021-02-05,SPY,360.4599791681368,360.710675281438,358.54718510912704,360.0049743652344,48669800
2021-02-08,SPY,361.45350816726585,362.6513351955174,360.5992654572833,362.60491943359375,38365200
2021-02-09,SPY,361.7690925550701,362.9576530503986,361.3605603058533,362.3633728027344,35551100
2021-02-10,SPY,364.09983025590975,364.2484003541954,359.8099713889872,362.2055969238281,59154400
2021-02-11,SPY,363.2826838806573,363.7005390243798,360.3670773709089,362.7905578613281,42913300
2021-02-12,SPY,361.9920022182859,364.82404318438233,361.9177030106144,364.5826416015625,50593300
2021-02-16,SPY,365.8083200461877,366.0033342269587,363.5519702702399,364.2669372558594,50972400
2021-02-17,SPY,362.5212660866274,364.60119044464864,361.5091306885375,364.3504943847656,52290600
2021-02-18,SPY,361.7506089186291,363.5426878534969,360.03280086210617,362.79986572265625,59712800
2021-02-19,SPY,364.0533823346543,364.34122801938736,361.7134389144418,362.1591491699219,83241000
2021-02-22,SPY,359.4013902770424,361.7784550408201,359.1042500973584,359.37353515625,67414200
2021-02-23,SPY,357.17294188013483,361.1563946906501,353.0316528102948,359.8099975585937,107284100
2021-02-24,SPY,358.72354113198065,364.2019604215528,357.7392890909114,363.7748107910156,72433900
2021-02-25,SPY,362.51206472788135,363.8770225226893,353.5702012493284,355.0094299316406,146670500
2021-02-26,SPY,356.88498463738966,358.027072717846,351.20231434028005,353.1800842285156,152701600
2021-03-01,SPY,358.0363693607086,362.9855121953321,353.37510050582176,361.7412414550781,105348800
2021-03-02,SPY,361.964195274004,362.19633073939394,358.41715856200267,358.9185791015625,79595300
2021-03-03,SPY,358.22212100889243,359.1877840030245,354.0622438681688,354.1643981933594,119940200
2021-03-04,SPY,353.9787373865895,356.5600826850542,345.3061596092031,349.78173828125,183433000
2021-03-05,SPY,353.2730320198999,357.265779064072,346.0118561305728,356.2165222167969,152039600
2021-03-08,SPY,357.1728161894063,359.9770016274685,354.16435046533684,354.4429016113281,123149200
2021-03-09,SPY,358.2778580660894,362.0477354952381,357.7764375613555,359.5035400390625,113633600
2021-03-10,SPY,361.8433957711477,363.43119404918576,360.4320226725408,361.7412414550781,109899400
2021-03-11,SPY,364.2019950148293,367.37759240388,363.7469902205475,365.4090881347656,86245000
2021-03-12,SPY,364.05345567131616,366.0405207448169,363.2456286942137,365.9012451171875,64653600
2021-03-15,SPY,366.151838816547,368.3432119800072,364.0162042253978,368.0832214355469,73427200
2021-03-16,SPY,368.6960999272851,369.4017724273784,366.84828247322,367.6189880371094,73722500
2021-03-17,SPY,366.33762904443535,369.6710910137919,365.19551232371896,368.87255859375,97959300
2021-03-18,SPY,366.2911796002453,368.3711041652208,362.8277084837041,363.5055541992188,115349100
2021-03-19,SPY,363.205574280837,364.77995178052817,360.6623425283384,362.83294677734375,113624500
2021-03-22,SPY,363.3452224323127,367.1088247397694,363.2893297411329,365.7300720214844,73778600
2021-03-23,SPY,365.0967422553669,366.5406847127184,362.0690971295922,362.85162353515625,90686600
2021-03-24,SPY,364.2489379839986,365.8792081667914,360.9604512667513,361.0070190429688,97588600
2021-03-25,SPY,359.5724734221165,363.829786798647,357.634764555162,363.0379638671875,116128600
2021-03-26,SPY,364.183703317546,369.28878794295866,363.587505033435,368.8882141113281,114409100
2021-03-29,SPY,367.4163456691813,369.6055715013719,365.9351320456119,368.7019348144531,108107600
2021-03-30,SPY,367.43499693096027,368.39452632963565,366.13075792489735,367.7237854003906,76262200
2021-03-31,SPY,368.2920667610857,370.7700812685605,368.2641204047092,369.2143249511719,112734200
2021-04-01,SPY,371.1425953951237,373.257306623369,370.9376460344491,373.2013854980469,99682900
2021-04-05,SPY,375.8564594894642,379.0983784802134,375.7819453604423,378.55804443359375,91684800
2021-04-06,SPY,377.9991469225459,379.3778716395841,377.6637622416053,378.3345031738281,62021000
2021-04-07,SPY,378.1667851178476,379.1169894924743,377.7103185696919,378.7723083496094,55836300
2021-04-08,SPY,380.0206514166771,380.626174688792,379.089068404298,380.5702819824219,57863100
2021-04-09,SPY,380.44924276681104,383.5048342531352,380.3281324128653,383.3371276855469,61104600
2021-04-12,SPY,382.7408481738949,383.7469452179368,382.1353249621328,383.476806640625,56704900
2021-04-13,SPY,383.3743494088719,385.2375154018544,382.9923969687516,384.61334228515625,56551000
2021-04-14,SPY,384.585426479011,385.6381198974038,382.7595316211662,383.29986572265625,61659900
2021-04-15,SPY,385.4331734470441,387.68761700399335,385.3866056650256,387.4174499511719,60229800
2021-04-16,SPY,388.7029553471804,389.31780345743056,387.28695960911085,388.7122802734375,82037300
2021-04-19,SPY,387.7806692417922,388.22781079521616,385.479658565961,386.802490234375,78498500
2021-04-20,SPY,385.59152639170094,386.6907875184191,382.4986639809094,383.9705810546875,81851800
2021-04-21,SPY,383.3557434051097,387.808709170284,383.2159832062883,387.603759765625,66793000
2021-04-22,SPY,387.4360443245921,388.2651383615414,383.0017004125384,384.0636901855469,97582800
2021-04-23,SPY,384.6226230049808,389.63454349879055,384.548108882875,388.2278442382813,73209200
2021-04-26,SPY,388.8799463969704,389.60657988132425,388.2930446539053,389.0382995605469,52182400
2021-04-27,SPY,389.336481254948,389.53213415675737,387.8179963971385,388.95452880859375,51303100
2021-04-28,SPY,389.2246648182536,390.342575715046,388.3769209336228,388.84271240234375,51238900
2021-04-29,SPY,391.5629298790943,391.93555735176267,387.948383691938,391.3207092285156,78544300
2021-04-30,SPY,389.0569805213984,389.9047243925387,387.8552305909189,388.7495422363281,85527000
2021-05-03,SPY,390.73390277771705,391.1158552700201,389.0943358120596,389.5880737304688,68128300
2021-05-04,SPY,387.60376353614816,388.0975014117672,383.5048038327527,387.1845397949219,101591200
2021-05-05,SPY,388.82405711429095,389.0569528283678,386.7466171100508,387.3055725097656,60162200
2021-05-06,SPY,387.38015025282107,390.52890537303807,385.3772524687335,390.39849853515625,74321400
2021-05-07,SPY,391.1623952565096,393.8919265936675,390.4823294392389,393.2398071289063,67733800
2021-05-10,SPY,393.59381081117,393.81738162988034,389.2246843410474,389.3457946777344,81852400
2021-05-11,SPY,384.8369586713548,386.8584779431412,382.0049382756216,385.8710021972656,116888000
2021-05-12,SPY,383.0948231249095,384.3617621463581,376.3594689289566,377.6730041503906,134811000
2021-05-13,SPY,379.2194656575238,384.1382223326197,379.1728694537815,382.2098388671875,106394000
2021-05-14,SPY,384.9394270681594,388.9266014154042,384.9114807136324,388.078857421875,82201600
2021-05-17,SPY,386.97028771615726,387.9018707443233,385.0791468765085,387.0913696289063,65129200
2021-05-18,SPY,387.3522140021612,387.59443468838975,383.5979355139091,383.7563171386719,59810200
2021-05-19,SPY,379.0798024141684,382.92721668401646,377.5985602871788,382.7502136230469,106467100
2021-05-20,SPY,383.6258484249689,388.12541000565056,383.50476652206805,386.8677673339844,78022200
2021-05-21,SPY,388.3490042918943,389.5880256140857,386.0945893314259,386.5510559082031,76578700
2021-05-24,SPY,388.7868254622032,391.56295289159766,388.544604797389,390.49163818359375,51376700
2021-05-25,SPY,391.5721877555599,391.9261937700584,389.0476063153504,389.6251831054688,57451400
2021-05-26,SPY,390.2121705614312,390.9015328908311,389.1781270673312,390.39849853515625,43088600
2021-05-27,SPY,391.4232522007512,391.9356114927395,390.3239626244938,390.60345458984375,56707700
2021-05-28,SPY,392.1684893742527,392.42933147222897,391.0692282777566,391.3021240234375,58520200
2021-06-01,SPY,393.65901283958925,393.7987445957446,390.5195828561252,390.9574279785156,54216600
2021-06-02,SPY,391.6096284663476,392.4108048083828,390.6035311110982,391.5723571777344,49097100
2021-06-03,SPY,389.2619780804105,391.2555509981351,387.7993858877597,390.1190185546875,58138800
2021-06-04,SPY,391.963516582505,393.9850640433869,390.18418978016194,393.68695068359375,55938800
2021-06-07,SPY,393.6776507018846,393.854653743624,392.3734402072181,393.3050231933594,51555000
2021-06-08,SPY,394.1620563356279,394.2552203184516,391.5629603216794,393.3888549804688,47134300
2021-06-09,SPY,394.22723105049744,394.301773600504,392.57833960967673,392.8019104003906,48436300
2021-06-10,SPY,394.0222844350054,395.5780403436655,392.7087491710795,394.6278076171875,51020100
2021-06-11,SPY,395.17753829078254,395.3917841957337,393.8919491424424,395.2799987792969,45570800
2021-06-14,SPY,395.3917482511852,396.2674385065436,394.1527554254345,396.16497802734375,42358500
2021-06-15,SPY,396.3140141846101,396.3512570316688,394.5626337646086,395.4383239746094,51508500
2021-06-16,SPY,395.5780759991089,395.8016468115362,391.19032822729,393.23046875,80386100
2021-06-17,SPY,392.8206646111922,394.07827907271417,390.6314386050096,393.1001281738281,90949700
2021-06-18,SPY,389.8251604695109,390.5167781405025,387.5914076691271,387.7970275878906,118676300
2021-06-21,SPY,389.5541556334539,393.5356924756829,388.7410312975445,393.3487548828125,72822000
2021-06-22,SPY,393.33932268734105,396.2834035896653,392.6196388178262,395.4515686035156,57700300
2021-06-23,SPY,395.5263432061953,396.3301118664946,394.89080121581947,394.9749145507813,49445400
2021-06-24,SPY,397.115289475811,397.7321206963649,396.8629209083708,397.3115539550781,45110300
2021-06-25,SPY,398.0592289946144,399.1714418641056,397.73210252899935,398.7228088378906,58129500
2021-06-28,SPY,399.24617251742296,399.6947769582962,398.0498464706564,399.5265502929688,53159600
2021-06-29,SPY,399.9098343658785,400.5453764693619,399.2088612604478,399.7416076660156,35970500
2021-06-30,SPY,399.2835611544407,400.7509381540223,399.25552337520446,400.0780029296875,64827900
2021-07-01,SPY,400.8351300042679,402.452051650708,400.7696989990123,402.2931518554688,53441000
2021-07-02,SPY,403.4520300284134,405.7231756894549,402.37718195001327,405.3680114746094,57697700
2021-07-06,SPY,405.4241415803903,405.6391169295271,401.9005937821132,404.6296997070313,68710400
2021-07-07,SPY,405.3119077621989,406.3400071225295,403.3024576849441,406.0596008300781,63549500
2021-07-08,SPY,400.7510054866028,403.5081778396305,399.57336151548776,402.7511291503906,97595200
2021-07-09,SPY,404.2557870176814,407.3494121346729,402.5547524182168,407.0503234863281,76238600
2021-07-12,SPY,406.96616610645447,408.76066927964257,406.5362440476535,408.50830078125,52889600
2021-07-13,SPY,407.72328794262097,409.2187027689948,406.85408823599073,407.1157836914063,52911300
2021-07-14,SPY,408.8074721795963,409.29349840963926,406.4802508086064,407.7232971191406,64130400
2021-07-15,SPY,406.3868250791765,407.059760411339,404.4334500856128,406.3307495117188,55126400
2021-07-16,SPY,407.5083537824567,407.555073909898,402.751086788684,403.14361572265625,75874700
2021-07-19,SPY,398.3301918050422,403.20896436083694,394.3860497884981,397.18994140625,147987000
2021-07-20,SPY,397.8535793714272,404.15300952398457,397.05913759218,402.88189697265625,99608200
2021-07-21,SPY,404.078212041571,406.2839552086843,402.8351658262947,406.1437377929688,64724400
2021-07-22,SPY,406.32126653921614,407.2372147246419,405.3399158940644,406.99420166015625,47878500
2021-07-23,SPY,408.9196688873081,411.51794144372303,408.2374066385629,411.1814880371094,63766600
2021-07-26,SPY,410.5926766830411,412.200242886932,410.54595654958047,412.1908874511719,43719200
2021-07-27,SPY,411.1533566719681,411.1813944494709,407.489592116502,410.3121948242188,67397100
2021-07-28,SPY,410.9384543183447,411.5179208380546,408.7233839343774,410.1440124511719,52472400
2021-07-29,SPY,411.0693312306445,412.9198819868287,411.0599757952557,411.8450622558594,47435300
2021-07-30,SPY,409.2841560298152,411.29360644207577,409.1532940336554,409.8449401855469,68951200
2021-08-02,SPY,411.5552501136449,412.1066787652008,408.6298516644557,408.9850158691406,58783300
2021-08-03,SPY,409.7795060797524,412.43385397257424,407.5924735593852,412.3123474121094,58053900
2021-08-04,SPY,411.0319033838049,412.2843051456388,410.0505525213927,410.2842102050781,46732200
2021-08-05,SPY,411.4431679198543,412.96662067268136,411.1253968736616,412.8825073242188,38969700
2021-08-06,SPY,413.2002366433399,413.9853230057107,412.9198303207797,413.5647277832031,46930000
2021-08-09,SPY,413.5366565217107,413.8544275100853,412.4618370122482,413.2282409667969,41222600
2021-08-10,SPY,413.6769701144228,414.45272973628727,412.9947078100256,413.7424011230469,43339300
2021-08-11,SPY,414.80783999492405,414.8639155599606,413.6862716488568,414.77044677734375,44034300
2021-08-12,SPY,414.6209284634815,416.1537367311729,413.72369084389135,416.0135192871094,38909400
2021-08-13,SPY,416.4621247183911,416.7892511950456,415.9761269822574,416.77056884765625,39470300
2021-08-16,SPY,415.471451563948,417.8827866125121,413.91996092666375,417.751953125,73740000
2021-08-17,SPY,415.2003672937734,415.87330259419554,412.0319837911754,415.0134582519531,92673900
2021-08-18,SPY,414.004033503329,415.5648794226537,410.2281457688839,410.47113037109375,89351900
2021-08-19,SPY,407.7513380397817,412.3030136509168,407.61114913490746,411.1066589355469,92812200
2021-08-20,SPY,411.452559017406,414.7050561972092,410.9665327094938,414.3779296875,72008700
2021-08-23,SPY,416.0602189821948,418.9295421673049,414.4526529864892,418.02294921875,54973000
2021-08-24,SPY,418.68646240234375,419.2192086788137,418.1724269919925,418.68646240234375,38744700
2021-08-25,SPY,418.8734763654232,420.0791294982954,418.49960124676494,419.5650939941406,40529700
2021-08-26,SPY,419.2847079423929,419.5183656415265,416.9948796044848,417.0883483886719,57829600
2021-08-27,SPY,417.8920453934289,421.1912903975135,417.8359698370836,420.81744384765625,77235100
2021-08-30,SPY,421.4904164695936,423.4531466839395,421.2474033554113,422.6680603027344,48357400
2021-08-31,SPY,422.5745859478226,422.9110393113264,421.44369077915854,422.0418395996094,59300200
2021-09-01,SPY,422.97644169749,423.49047714229727,422.0324556203988,422.26611328125,48721400
2021-09-02,SPY,423.6868447034256,424.369106938718,422.3690118415017,423.5653381347656,42501000
2021-09-03,SPY,422.4345446484306,423.97668014865553,422.0326316269264,423.4626159667969,47170500
2021-09-07,SPY,423.11662202083113,423.2100907878115,421.2753985497041,421.9483337402344,51671500
2021-09-08,SPY,421.4157353749847,422.144746327745,419.518407287907,421.4344177246094,56181900
2021-09-09,SPY,421.2381816132478,422.9859369304317,419.3876020595201,419.630615234375,57970400
2021-09-10,SPY,421.55586791625456,421.9764346465892,416.2004233686548,416.3219299316406,89948200
2021-09-13,SPY,419.3127250750678,419.5744205265016,415.07882068151736,417.3873596191406,83738600
2021-09-14,SPY,418.8267230433788,419.03234294728094,414.2470381175579,415.1349487304688,78197100
2021-09-15,SPY,415.5555116773011,419.0977701394543,414.4526542585058,418.6024169921875,78792200
2021-09-16,SPY,418.079031680648,419.0510271190857,414.99473310868217,417.9388427734375,77786700
2021-09-17,SPY,417.168134146106,417.59004823431,413.51137369740354,413.86767578125,118425000
2021-09-20,SPY,407.7543373535724,409.3295403810296,402.10981691745377,406.96673583984375,166445500
2021-09-21,SPY,409.3015046670298,410.59543194937584,406.0573296672389,406.5823974609375,92526100
2021-09-22,SPY,408.8514237643601,412.5831820579313,406.69489742536064,410.5485229492188,102350100
2021-09-23,SPY,412.4143728690153,417.1400110058016,412.17996661282217,415.5366516113281,76396000
2021-09-24,SPY,413.9052257509271,416.9337651199925,413.6895616772255,416.2211608886719,62094800
2021-09-27,SPY,415.1897452245322,416.35239112758217,414.3365029971487,415.0303649902344,61371100
2021-09-28,SPY,412.2643090052773,412.5924834545763,405.9353407086728,406.6666870117188,130436300
2021-09-29,SPY,408.0450602082472,409.77967232630994,406.78864603672207,407.3512268066406,82329200
2021-09-30,SPY,408.8232729732289,409.5264917761639,402.0348766187246,402.3724365234375,140506000
2021-10-01,SPY,404.0975677717047,408.8325618141087,400.5814745875316,407.1542053222656,129240100
2021-10-04,SPY,405.9915954205408,406.8917073430287,399.7657521393978,401.903564453125,128570000
2021-10-05,SPY,403.4037961536202,408.32632771246665,402.6068377448533,406.0854187011719,90682500
2021-10-06,SPY,402.4942685427399,407.979380448688,400.8721956255004,407.7731018066406,113032200
2021-10-07,SPY,411.0454050378357,414.1301704422201,410.8672540127749,411.2985534667969,72437500
2021-10-08,SPY,412.0674996854896,412.45192941991166,409.9203301401749,410.5485229492188,74557400
2021-10-11,SPY,409.89216791478833,412.7988112757424,407.5105922896659,407.57623291015625,65233300
2021-10-12,SPY,408.4951160404216,408.89828794249456,405.785365924999,406.5729675292969,71181200
2021-10-13,SPY,407.5949596324776,408.8513737107969,404.6227043779437,408.03564453125,72974000
2021-10-14,SPY,411.69235787459854,415.0490712799511,411.2235453911505,414.8990478515625,70236800
2021-10-15,SPY,417.00870250976914,418.4245253611247,416.3898666001841,418.058837890625,66260200
2021-10-18,SPY,416.2773249708745,419.6340094982905,415.6209761000303,419.2964782714844,62213200
2021-10-19,SPY,420.9186254165008,422.59695355572194,420.3091462784129,422.5313415527344,46996800
2021-10-20,SPY,422.9907287152216,424.4909342886698,422.8782183046703,424.1908874511719,49571600
2021-10-21,SPY,423.5909091366126,425.52241468121287,423.15960957402535,425.2973937988281,41305400
2021-10-22,SPY,424.86601382430814,426.3099643124369,422.9157378325938,424.8566284179688,58845100
2021-10-25,SPY,425.94423644921017,427.4631842019091,424.1721402757418,427.135009765625,45214500
2021-10-26,SPY,428.68220582792407,429.8917216010357,427.1444869339798,427.51953125,56075100
2021-10-27,SPY,427.9789668380812,428.6446726137015,425.5504927707311,425.6255187988281,72438000
2021-10-28,SPY,427.050677407055,429.80729721502064,427.0413206145411,429.7322998046875,51437900
2021-10-29,SPY,427.435131798945,430.89497056169455,427.14447031928165,430.6043090820313,70162400
2021-11-01,SPY,431.5887031868409,431.9637760147506,429.6197139105118,431.3449401855469,48433600
2021-11-02,SPY,431.51381650455664,433.3984520764042,431.38253525829714,433.0890197753906,48908400
2021-11-03,SPY,432.52643344894864,436.1362956921223,432.0857485213813,435.7331237792969,52509800
2021-11-04,SPY,436.3331630823048,437.8708818410705,435.9862464051318,437.7864990234375,52847100
2021-11-05,SPY,440.0086692059953,441.2932109079652,437.7958878886841,439.3054504394531,66390600
2021-11-08,SPY,440.4024399467041,440.8993800137787,438.9960025552805,439.6804504394531,50405200
2021-11-09,SPY,440.0461676231419,440.2805738708811,436.8207353651275,438.2271728515625,51149100
2021-11-10,SPY,436.5394582778482,438.2272005366199,433.2202862022842,434.7017211914063,69429700
2021-11-11,SPY,436.1924978999976,436.2675239203641,434.8235734757579,434.8423156738281,34848500
2021-11-12,SPY,436.1081050332003,438.6771881976893,435.161094692695,438.1239929199219,53466700
2021-11-15,SPY,439.40859470618256,439.56797493267015,437.1489150175016,438.2740478515625,46980500
2021-11-16,SPY,438.01152112700873,441.1431852512349,437.9365237158013,440.0086669921875,48857500
2021-11-17,SPY,439.74610202390977,439.9242530537252,438.32092239942926,438.9397583007813,47858300
2021-11-18,SPY,439.971177803996,440.6931674194312,437.2520708292828,440.4306335449219,50625600
2021-11-19,SPY,440.3180373454448,441.5650945480242,439.2772873896782,439.6429748535156,57315600
2021-11-22,SPY,441.5182871194229,444.0029878555942,438.1990863283232,438.4053649902344,72762000
2021-11-23,SPY,438.0771663973215,439.8399060268832,435.4799553727706,438.9866638183594,73206500
2021-11-24,SPY,436.98951426235885,440.2805872370219,436.1737850737096,440.15869140625,61858800
2021-11-26,SPY,433.501527426756,434.96422009835896,429.2165744244368,430.34173583984375,112669600
2021-11-29,SPY,435.1236348523177,437.4583119148909,432.92959581507233,435.6205749511719,86268800
2021-11-30,SPY,433.1827469437874,435.0861245357968,426.9006480424914,427.1444396972656,148559600
2021-12-01,SPY,432.8451797070104,435.686182056288,422.2031311937479,422.4000244140625,131939200
2021-12-02,SPY,422.6157469139375,430.4355363570328,422.22193180478286,428.8696899414063,127637800
2021-12-03,SPY,430.5292831950463,431.5887754076615,420.91862695944747,425.137939453125,137331600
2021-12-06,SPY,427.6788574056175,432.0481929467621,425.2691545047344,430.1729431152344,98977500
2021-12-07,SPY,435.4424103932935,439.633595102183,430.0416814760553,439.0710144042969,95484700
2021-12-08,SPY,439.4648423539088,440.68374339000826,437.7114595944113,440.2336730957031,72238800
2021-12-09,SPY,438.9491883572712,440.3368838174408,437.0645813487315,437.261474609375,61272600
2021-12-10,SPY,439.9618300872147,441.527647959397,437.4114887047773,441.3776245117188,77159800
2021-12-13,SPY,440.8618488874242,441.2087655181387,437.18634673203786,437.4676513671875,87724700
2021-12-14,SPY,434.204767804998,436.6894683893485,431.5419161774256,434.4579162597656,97264100
2021-12-15,SPY,434.5141971486355,441.4901009370348,432.0013403611418,441.246337890625,116899300
2021-12-16,SPY,443.0933926959083,443.37466871193504,435.8080291263727,437.3551330566406,116568600
2021-12-17,SPY,434.2811459384775,437.28267979708494,430.9973478702641,432.7004089355469,135511600
2021-12-20,SPY,427.62890570329984,428.4945351603184,424.4862394814665,428.099365234375,107134800
2021-12-21,SPY,431.5148943716561,435.8431279715981,429.3507919289712,435.7019958496094,69806300
2021-12-22,SPY,435.44797367017134,440.1713773813337,435.2503599777173,440.0584716796875,58890200
2021-12-23,SPY,441.0558332086626,444.2925972471357,440.9523458894644,442.7965393066406,56439700
2021-12-27,SPY,444.1703189846464,449.1101448261274,444.12328451008153,449.0631103515625,56808600
2021-12-28,SPY,449.4958318254591,450.5214301033936,447.9339028188725,448.696044921875,47274600
2021-12-29,SPY,448.7996209971791,450.2862606015247,447.8022490075834,449.2700805664063,54503000
2021-12-30,SPY,449.6934621372565,450.70025247373695,447.56700448030426,448.0280456542969,55329000
2021-12-31,SPY,447.53874202831184,448.686635681018,446.6260494189647,446.8988952636719,65237400
2022-01-03,SPY,448.1597204058946,449.6181621243115,445.8544860219246,449.4864196777344,72668200
2022-01-04,SPY,450.9072238974489,451.62233155714586,447.4822648058163,449.33587646484375,71178700
2022-01-05,SPY,448.9689713732978,449.7405319442751,440.61360498167255,440.7077026367188,104538900
2022-01-06,SPY,440.2466361867598,443.0035221624816,437.9319546066855,440.2936706542969,86858900
2022-01-07,SPY,440.3030723284207,441.479221117935,437.1980222953608,438.5529479980469,85111600
2022-01-10,SPY,435.3633434538239,438.2237172664322,429.6237303519184,438.00732421875,119362000
2022-01-11,SPY,437.7437605217472,442.0908017452963,434.7516162526011,441.9967041015625,74303100
2022-01-12,SPY,443.7280116585806,445.2429062617321,441.2345819172256,443.1916809082031,67605400
2022-01-13,SPY,444.2926187440994,444.9418552591615,436.0595761258511,437.0851745605469,91173100
2022-01-14,SPY,433.9425333832712,437.6121125646515,432.7287395605385,437.2639770507813,95890900
2022-01-18,SPY,432.5780978764357,432.7851012078921,428.409833540068,429.5201110839844,109709100
2022-01-19,SPY,431.06331069209193,432.45585270815616,424.7873670955677,425.0602416992188,109357600
2022-01-20,SPY,426.942024252304,431.6372011815895,418.2385229314581,420.3555908203125,122379700
2022-01-21,SPY,419.2359760354794,421.5882741453448,412.07559437204594,412.1038208007813,202271200
2022-01-24,SPY,406.5052754832323,414.3619556697632,395.9011276193335,413.8538513183594,251783900
2022-01-25,SPY,407.4743871661888,413.7409112645625,401.9135523304981,408.8010864257813,167997300
2022-01-26,SPY,414.6819173184066,417.80577600170864,403.522600504058,407.7755737304688,186391100
2022-01-27,SPY,412.36723366568094,415.5004817840375,404.07773829561154,405.761962890625,149878300
2022-01-28,SPY,407.1168047933351,415.88617630742215,402.5439524748477,415.8391418457031,164457400
2022-01-31,SPY,415.171167102493,423.6770844746201,413.82565957531546,423.3289489746094,152251400
2022-02-01,SPY,424.05336552481776,426.82908804425705,420.5343376742569,426.1892700195313,123155400
2022-02-02,SPY,428.5886396673794,431.053843055328,426.2833764423959,430.329345703125,117361000
2022-02-03,SPY,424.30745056905977,426.2080966836343,419.3770152968473,420.2144470214844,118024400
2022-02-04,SPY,419.9792639651472,426.0293671450485,417.6081293545503,422.1904296875,118454400
2022-02-07,SPY,422.95254768054906,424.3450895509773,419.50878037886775,420.8354797363281,84472900
2022-02-08,SPY,420.3368037778956,425.2201762493433,418.91600673505786,424.2980651855469,81012000
2022-02-09,SPY,428.325148187426,430.8279961723495,428.1275632375704,430.5080871582031,92589900
2022-02-10,SPY,424.6744500762086,430.66810052892527,420.7790596867854,422.7738037109375,140103700
2022-02-11,SPY,422.858462906652,424.92846773085336,413.00703862428105,414.4372253417969,153214600
2022-02-14,SPY,413.9291866765784,415.5099240394694,409.619760664808,413.0823364257813,123006300
2022-02-15,SPY,417.5140145143431,419.9133465722276,416.9964918153884,419.7439880371094,88482700
2022-02-16,SPY,417.7021805621434,421.5881807733141,415.8297608700527,420.2144470214844,84863600
2022-02-17,SPY,417.0341632264874,420.186247943638,410.635924854165,411.2380981445313,102259100
2022-02-18,SPY,411.4921744012356,412.7436129970205,406.3077292195654,408.5753479003906,132642900
2022-02-22,SPY,406.3735519322751,409.7702560003978,400.6997823601273,404.1906127929688,124391800
2022-02-23,SPY,407.098048185768,407.66260537056274,396.4562558034865,397.0208129882813,132578000
2022-02-24,SPY,386.7365552102814,403.42847944353576,386.3790300752348,402.9956359863281,213942900
2022-02-25,SPY,404.2282938735101,411.9720694210948,402.5816852321868,411.8873901367188,121804500
2022-02-28,SPY,406.5052928463394,412.3107765451423,405.25388303089113,410.8335266113281,145615000
2022-03-01,SPY,409.3374644946176,411.3416268267393,401.8759540045587,404.576416015625,137785900
2022-03-02,SPY,406.8252420057272,413.7410040742673,406.0725181091767,412.0191345214844,117726500
2022-03-03,SPY,414.446680076633,415.0488534314616,408.17073639481583,409.9678955078125,105501700
2022-03-04,SPY,406.2417947777143,407.76607902539786,402.600442693899,406.6369934082031,113978200
2022-03-07,SPY,406.0536235461076,406.7593128666358,394.5838174926232,394.6496887207031,137896600
2022-03-08,SPY,394.82851645161617,401.9700898485789,390.5943799836052,391.6576232910156,164772700
2022-03-09,SPY,400.0224183462174,404.1342308190661,397.8394788240876,402.1582946777344,116990800
2022-03-10,SPY,397.5571135281268,401.2361105228519,395.6000145047704,400.3422546386719,93972700
2022-03-11,SPY,402.8262482347944,403.43783985789673,394.7437572588801,395.2518615722656,95636300
2022-03-14,SPY,396.0234704863825,399.4672092688169,391.22477713105775,392.36328125,95729200
2022-03-15,SPY,394.9695806826798,401.6218852812804,393.6993629323293,400.9914855957031,106219100
2022-03-16,SPY,404.4917305799787,409.9396315604553,399.7024270341616,409.8831787109375,144954800
2022-03-17,SPY,407.9731146505722,415.0111999511719,407.5967527483876,415.0111999511719,102676900
2022-03-18,SPY,413.4028311487186,419.8775739934096,412.666635478276,419.5566711425781,106345500
2022-03-21,SPY,419.3868421211315,421.3877829881189,415.9323761926658,419.4340515136719,88349800
2022-03-22,SPY,420.8214989932451,425.2764356419781,420.8214989932451,424.342041015625,74650400
2022-03-23,SPY,421.8125617688908,423.3038199151544,418.79225491588033,418.877197265625,79426100
2022-03-24,SPY,420.8969665486931,425.200884406194,419.7832397355188,425.1914367675781,64736900
2022-03-25,SPY,425.8238060374059,427.54160557531713,423.2471067305392,427.2678833007813,77101300
2022-03-28,SPY,426.6733304386402,430.30712890625,424.7856459155993,430.30712890625,68529800
2022-03-29,SPY,434.1862327966671,436.121126385376,431.50572468711965,435.63031005859375,86581500
2022-03-30,SPY,434.4882546678292,435.2999738252827,430.8355904687236,432.94036865234375,79666900
2022-03-31,SPY,432.1758994727404,432.9970375414447,425.823831381212,426.2768859863281,121699900
2022-04-01,SPY,427.8530993439852,427.99466991123313,423.9172935556048,427.4850158691406,89048800
2022-04-04,SPY,427.683210068739,431.2509323439472,426.8620719837448,431.1470947265625,59601000
2022-04-05,SPY,429.65578083151576,432.1191947658273,424.559039502361,425.7010803222656,74214500
2022-04-06,SPY,421.7935816863143,423.71899870282925,418.5656292465307,421.4443359375,106898000
2022-04-07,SPY,420.5666732140926,425.3802745470558,418.62236044413095,423.5680847167969,78097200
2022-04-08,SPY,422.8129864370016,425.3236101154736,420.8969879460332,422.4354553222656,79272700
2022-04-11,SPY,419.1697911563778,420.0098246314558,414.7148831400068,415.2151184082031,89770500
2022-04-12,SPY,418.19758861647455,420.7176599600039,412.1286901933345,413.6766052246094,84363600
2022-04-13,SPY,413.4311873130841,419.169735071056,413.2518549952933,418.4146728515625,74070400
2022-04-14,SPY,418.6411928370952,419.7549485147844,413.1008437773758,413.2046813964844,97869500
2022-04-18,SPY,412.2797427735474,415.0546413726437,411.1471205194664,413.3746032714844,66002500
2022-04-19,SPY,413.2706773585074,420.7647857423862,413.1007926978209,420.0474853515625,77821000
2022-04-20,SPY,421.8219961207023,422.4354878298303,418.57517643732126,419.736083984375,65224400
2022-04-21,SPY,423.3509795921558,424.73842874926703,412.5534227458506,413.4595031738281,85417300
2022-04-22,SPY,412.3741862993208,413.47846577682367,401.5483128228745,402.1146240234375,132471800
2022-04-25,SPY,399.87766866932645,404.6157465127213,395.3188943584106,404.4458618164063,119647700
2022-04-26,SPY,401.9162615672227,402.1144891433886,392.7043824228615,392.7326965332031,103996300
2022-04-27,SPY,393.8085999565854,399.16964404116914,391.7038508748023,393.8369140625,122030000
2022-04-28,SPY,398.57518745115215,405.5124343696149,394.1485645985989,403.7851867675781,105449100
2022-04-29,SPY,399.8021034252902,401.9540624319965,388.11733269096055,388.8629760742188,145491100
2022-05-02,SPY,388.929072135393,392.56287045835074,382.2749671742883,391.2037353515625,158312500
2022-05-03,SPY,391.7039501067172,395.4037953011167,390.1465874755705,392.99700927734375,100028200
2022-05-04,SPY,393.6576656204496,405.53121582781534,390.47692222902697,404.96490478515625,144247900
2022-05-05,SPY,400.7082064100307,401.1329469341785,386.4467641695495,390.57135009765625,172929100
2022-05-06,SPY,388.0135688560758,391.5057680258936,382.9451403977338,388.2400817871094,151770800
2022-05-09,SPY,382.3504814055953,383.5869123846669,374.23343271582064,375.8096618652344,155586100
2022-05-10,SPY,381.7746587518607,383.27536414376215,372.6477223262594,376.6779174804688,132497200
2022-05-11,SPY,375.7151854766745,381.3499232731987,369.9482959765825,370.6939392089844,142361000
2022-05-12,SPY,367.5038249274551,373.5727232304534,363.5208097766853,370.3070373535156,125090800
2022-05-13,SPY,374.4315595495124,380.538218568786,373.393327567145,379.16021728515625,104174400
2022-05-16,SPY,377.5179868454466,381.28390774009296,375.271637959596,377.6217956542969,78622400
2022-05-17,SPY,383.70013247510735,385.62557844782094,379.9719446127917,385.3896179199219,83029700
2022-05-18,SPY,380.840309909265,381.12345103452697,368.6175424687332,369.8539733886719,117674500
2022-05-19,SPY,366.79589073865264,372.00591725890166,365.37068003419705,367.5887145996094,98510700
2022-05-20,SPY,371.1659411793916,374.7336635050742,359.1697150107811,367.7492370605469,131432200
2022-05-23,SPY,370.7695124155736,375.3943621595535,368.4571163473613,374.6298522949219,76414900
2022-05-24,SPY,370.5145716117818,372.9591186608386,365.2290512445219,371.7698974609375,91448800
2022-05-25,SPY,370.2787563943249,377.0178039870792,369.8823587734453,375.0545959472656,91472900
2022-05-26,SPY,376.2815183412965,384.18147159869255,376.0738719405769,382.5486145019531,82168300
2022-05-27,SPY,385.0027550725055,392.0532589202807,384.8045562344752,391.9400024414063,84768700
2022-05-31,SPY,390.3258696030877,393.0724534345196,387.0035559449801,389.7406921386719,95937000
2022-06-01,SPY,391.8549424707136,392.8648316400916,384.0776638781302,386.5882873535156,86585800
2022-06-02,SPY,386.4278638148007,393.9974674509903,384.1815149003103,393.9502868652344,79609600
2022-06-03,SPY,389.240487364167,390.7884022780611,386.51279859545,387.4849548339844,71874300
2022-06-06,SPY,391.4868124574776,393.21403077110097,387.49435013390536,388.6647338867188,57508900
2022-06-07,SPY,385.1819749982957,392.8459684053957,384.7194727728496,392.3929138183594,59272400
2022-06-08,SPY,390.6846048993001,392.4684805286195,387.3339765253381,388.1268005371094,64350000
2022-06-09,SPY,386.352312221375,388.6175274447086,378.8959655761719,378.8959655761719,86289800
2022-06-10,SPY,372.70437142833873,373.55382355387263,367.862456867888,367.9096374511719,132893900
2022-06-13,SPY,358.5184668650851,360.3683895194282,352.3362831480851,353.9408264160156,170004900
2022-06-14,SPY,355.6869276147928,356.7157121238985,349.7784664118968,352.874267578125,104011800
2022-06-15,SPY,356.1682732930812,362.34100925128496,351.2225494582893,357.90496826171875,125666800
2022-06-16,SPY,349.7030303010159,350.10887558930665,343.6341022387322,346.0597839355469,134473300
2022-06-17,SPY,346.4739460122469,350.1423885814665,343.30789944734585,346.8056945800781,111113900
2022-06-21,SPY,352.52178635168195,356.92011765939475,352.44593659412106,355.5361633300781,76811900
2022-06-22,SPY,351.3178660517575,358.9960185982588,350.9007792220965,354.8915405273437,90059400
2022-06-23,SPY,357.0243625508475,359.1002793406204,353.46966494173824,358.3703918457031,79292100
2022-06-24,SPY,361.53641078181903,369.7738317116263,361.5079743602973,369.7643432617188,98050300
2022-06-27,SPY,370.683832618729,370.9776852889989,367.2618578134948,368.3519592285156,66009600
2022-06-28,SPY,369.9065216331798,372.68391795995,360.7116937770823,360.825439453125,86548900
2022-06-29,SPY,361.3753088463661,362.3611241546952,358.71165775298255,360.5316467285156,65676000
2022-06-30,SPY,356.64516179349505,360.834977987892,353.156825579061,357.6025695800781,112508300
2022-07-01,SPY,356.9484497006856,361.8207682477801,354.33218346585994,361.38470458984375,74839700
2022-07-05,SPY,356.3039239194396,362.0862376429184,353.4791138897527,362.0672607421875,81438000
2022-07-06,SPY,362.2094581257224,365.7736442291068,359.8302001680812,363.29010009765625,70426200
2022-07-07,SPY,365.0626968664323,369.5273889224381,363.3090402764563,368.7311401367188,64525900
2022-07-08,SPY,367.10071569720793,370.2952282014979,365.5745794315864,368.4278259277344,72397800
2022-07-11,SPY,365.7546185718872,366.72148571389,363.527002730403,364.218994140625,58366900
2022-07-12,SPY,363.6692331147653,366.0485198112267,359.251925711996,360.99609375,62219200
2022-07-13,SPY,355.56449960571507,362.0293155270296,355.1474128412304,359.1002197265625,84224600
2022-07-14,SPY,354.1521096552973,359.3087928722651,351.715979081912,358.2281799316406,89704800
2022-07-15,SPY,362.6265563284071,365.1859502897795,360.72125799807424,365.07220458984375,79060400
2022-07-18,SPY,368.1528836213448,368.825898190188,360.8349458407432,362.0577697753906,63203600
2022-07-19,SPY,365.9726185323084,372.4089977632134,365.3185809223327,371.8402404785156,78506000
2022-07-20,SPY,372.02991057920354,375.622533036146,370.6649043931411,374.2101135253906,71843800
2022-07-21,SPY,373.6318808935577,378.0681363476224,371.2336461823122,378.020751953125,64903900
2022-07-22,SPY,378.1440056178114,379.3383643459128,372.2953304103896,374.5134582519531,72197300
2022-07-25,SPY,375.1390938870878,375.8215969964553,372.73137056679104,374.9684753417969,53631500
2022-07-26,SPY,373.328540675696,373.5370840827539,369.64114957187473,370.5321960449219,52946400
2022-07-27,SPY,373.8213815204988,381.8976711798418,373.5275288987167,380.1535034179688,82342100
2022-07-28,SPY,380.9592743736936,385.61353235014826,377.4140367716771,384.9215698242188,73966600
2022-07-29,SPY,386.3529063740456,391.5190777399874,385.5850941133151,390.5332336425781,87003700
2022-08-01,SPY,387.8411758992656,391.8793213752261,387.1302364241008,389.3768005371094,69997500
2022-08-02,SPY,387.8127450392465,391.4906766053588,385.632542188754,386.8079528808594,63435400
2022-08-03,SPY,388.931285023342,394.0310955881913,388.6469207989162,392.86517333984375,67820600
2022-08-04,SPY,392.7893284721279,393.4718315474268,390.95985110646615,392.5997619628906,45656600
2022-08-05,SPY,388.3246478205913,392.58079648264055,388.2677749733455,391.9362182617188,56814900
2022-08-08,SPY,393.6235081493515,395.8700723692773,390.3816112599049,391.481201171875,53886100
2022-08-09,SPY,390.7512903773344,391.25368644325886,388.8554517997777,389.9266052246094,44931800
2022-08-10,SPY,396.9696638710447,398.2588492285253,395.01695232609546,398.11663818359375,68665700
2022-08-11,SPY,400.9603962309802,402.8183389835788,397.3772622484013,398.11663818359375,59489700
2022-08-12,SPY,400.0503354779772,404.96054995020353,399.1024162858935,404.8562927246094,61694500
2022-08-15,SPY,402.6476415005727,407.0460006197272,402.5907686609456,406.5246276855469,54048300
2022-08-16,SPY,405.4535511057948,409.24522847882577,404.64781387838514,407.3209533691406,59289000
2022-08-17,SPY,403.7283280008868,407.1313549468698,402.42968313864895,404.4297790527344,63563400
2022-08-18,SPY,404.6287790194437,406.2876376325339,403.3396227828059,405.6051635742188,49023200
2022-08-19,SPY,402.8467196760706,403.1121358999802,399.2825341593999,400.1546325683594,68016900
2022-08-22,SPY,395.3297635768896,395.5004110497399,390.921944270961,391.8224792480469,77695600
2022-08-23,SPY,391.3959168557966,393.78469227238185,390.3247632987665,390.8745727539063,49105200
2022-08-24,SPY,390.647043122878,393.4908012724624,389.9645689380533,392.1258239746094,49177800
2022-08-25,SPY,393.61404772211625,397.7090665282653,392.5239461830148,397.6616821289063,50942300
2022-08-26,SPY,397.5478287573556,398.0881206908962,384.14423800473423,384.20111083984375,103087000
2022-08-29,SPY,381.2531987151374,384.7036103288698,380.3052793040388,381.6607971191406,65370800
2022-08-30,SPY,382.8172261577202,383.0542059895712,375.3760536519589,377.470947265625,85652400
2022-08-31,SPY,379.10134082789193,380.3431127380741,374.4660307121569,374.5987243652344,76029700
2022-09-01,SPY,372.428046300128,376.1154375189932,369.7264703742915,375.7742004394531,78740100
2022-09-02,SPY,379.4331073038288,380.6464427581479,370.0012994170037,371.8118286132813,99632100
2022-09-06,SPY,372.65546883916255,373.59389956272736,368.1907776374727,370.4089050292969,76637400
2022-09-07,SPY,370.0961415467539,377.8311668445208,369.8781386122658,377.0633544921875,70964200
2022-09-08,SPY,374.7978759378246,379.9829674298196,373.5939997520912,379.5279846191406,80821700
2022-09-09,SPY,381.7649972904449,386.28659071940456,381.4995810521483,385.4239807128906,76706900
2022-09-12,SPY,387.49046061347366,390.2868341942052,387.1871194866291,389.56640625,69256300
2022-09-13,SPY,380.90239200547273,382.1062680065481,371.5085373863549,372.6270751953125,122947100
2022-09-14,SPY,373.9257160615463,375.5656268148488,370.7501807174359,374.0489501953125,85023700
2022-09-15,SPY,372.4943332407687,375.3380909362644,368.5320377944792,369.80224609375,87633800
2022-09-16,SPY,365.6295206827052,367.63783250475103,363.6973120856197,366.9810791015625,103084800
2022-09-19,SPY,363.8401719669829,369.8270568847656,363.7640106344205,369.8270568847656,73278500
2022-09-20,SPY,366.5051690967704,367.51408871168167,362.83118428153335,365.5819091796875,77274900
2022-09-21,SPY,367.504586823731,370.5504007332188,359.19527603958755,359.2048034667969,106746600
2022-09-22,SPY,358.433857107036,360.0709772242707,355.44517830463013,356.1875915527344,89472600
2022-09-23,SPY,352.7228790149844,352.76095967141856,345.7841825636604,350.2196350097656,122346900
2022-09-26,SPY,348.753848761664,352.37072699861113,345.53671576875286,346.7550354003906,92581200
2022-09-27,SPY,350.28630194167937,352.5516221250691,343.4808430109905,345.8699035644531,108294100
2022-09-28,SPY,346.8217084645166,354.3600529595543,345.127482081543,352.67535400390625,110802200
2022-09-29,SPY,349.13459770031216,349.42013004160674,342.3672197883283,345.3083190917969,112952300
2022-09-30,SPY,344.36600021604005,348.2779675279083,339.8353891876637,339.9686279296875,153711200
2022-10-03,SPY,343.6806881754969,350.7907337489844,341.90080218718504,348.9442138671875,89756500
2022-10-04,SPY,354.45525951637643,359.78541969158493,348.9062008769613,359.7568664550781,103602800
2022-10-05,SPY,355.397528717206,361.17501250579096,353.07510228982494,358.9192199707031,88065700
2022-10-06,SPY,357.5200770483229,360.4707038397252,354.72174385776447,355.2167053222656,82333500
2022-10-07,SPY,351.190517698734,355.30235769557754,343.547458861724,345.3083190917969,107789500
2022-10-10,SPY,346.4219915438692,346.65994489016896,340.4351062648356,342.6718444824219,76042800
2022-10-11,SPY,340.9775545535183,345.5367479558779,338.56946829764377,340.50164794921875,92482800
2022-10-12,SPY,340.9109745209168,342.4814606200205,339.1310592917608,339.3785400390625,76991800
2022-10-13,SPY,332.3826842498608,349.8008834901985,331.3356839052994,348.3350830078125,147254500
2022-10-14,SPY,350.7907254903841,352.4183468938871,339.7592145462475,340.3969421386719,123737000
2022-10-17,SPY,346.4694811126714,350.24818012108415,340.0637687647691,349.1440734863281,93168200
2022-10-18,SPY,357.0536513093477,357.3582384713204,349.81033854515664,353.24639892578125,97162900
2022-10-19,SPY,351.2095126771094,353.9317132956456,347.9352732315164,350.7431335449219,79746900
2022-10-20,SPY,350.2958396474553,354.71226720130164,347.0406254550052,347.8020935058594,88283100
2022-10-21,SPY,347.5260110650035,356.7395553428867,346.0221590756883,356.254150390625,131038400
2022-10-24,SPY,357.77710987202045,361.74615500669046,355.1310410528587,360.6134948730469,85436900
2022-10-25,SPY,360.5373287022716,366.6860338162217,360.4231157662592,366.3719482421875,78846300
2022-10-26,SPY,363.2309138667366,368.90371186098525,362.9739347843384,363.6116333007813,104087300
2022-10-27,SPY,364.61105138754175,366.4480437002583,361.0512506396155,361.6699523925781,81971800
2022-10-28,SPY,361.5652682350303,370.75025961760167,361.3844214069697,370.27435302734375,100302000
2022-10-31,SPY,367.81871998807645,369.68426585196175,366.6955873080766,367.5997924804688,96631300
2022-11-01,SPY,371.3404256632253,371.5783789695517,364.8204992604764,365.9912109375,85407600
2022-11-02,SPY,365.40111675587,369.903204081086,356.7015583770088,356.8062438964844,126990400
2022-11-03,SPY,353.570119725643,356.1685807268447,351.0192668219738,353.1322937011719,87100100
2022-11-04,SPY,358.8335775577456,360.61346359996287,352.170885136249,358.21490478515625,103505200
2022-11-07,SPY,359.50939792144624,362.2315990980673,357.4344518726958,361.6414794921875,68286900
2022-11-08,SPY,362.745493209243,366.5622732100706,359.5188617569453,363.5926208496094,84641100
2022-11-09,SPY,361.6224344512429,362.7741495038233,355.60696718518795,356.1019287109375,78495500
2022-11-10,SPY,369.351119187772,376.0043135418382,367.0572748219786,375.6711730957031,141455800
2022-11-11,SPY,376.5277909851231,380.1066180137116,374.6431903387215,379.3070983886719,93839900
2022-11-14,SPY,377.5462142284,380.8965861186031,375.8043798668183,376.0804138183594,71903500
2022-11-15,SPY,381.8198514474499,382.9239582221826,375.4807721813481,379.28802490234375,93194500
2022-11-16,SPY,377.6603993704188,378.6122124671784,375.7663006029168,376.3945007324219,68508500
2022-11-17,SPY,371.6450058437324,375.9186672305997,371.3404476693323,375.2428588867188,74496300
2022-11-18,SPY,378.5742173860638,378.6408512891868,374.1007122482851,376.9466247558594,92922500
2022-11-21,SPY,375.6235358176049,376.7466683045898,373.73893542221714,375.575927734375,51243200
2022-11-22,SPY,377.5176776993283,380.7919174617573,376.1089836932025,380.6300964355469,60429000
2022-11-23,SPY,380.2968975987144,383.5140303982983,380.0684717587064,383.0286254882813,68261600
2022-11-25,SPY,382.4670865625852,383.4950610881152,382.1910816475926,382.9429931640625,30545400
2022-11-28,SPY,379.8590951809206,381.4962149118125,376.0708685003482,376.8323364257813,67881600
2022-11-29,SPY,376.9655231700149,378.1552894078284,374.3480374468252,376.18505859375,52310000
2022-11-30,SPY,376.4326114888511,388.03521728515625,374.519486615748,388.03521728515625,144566700
2022-12-01,SPY,389.07263892248426,390.2433795179694,385.2463606338978,387.7496337890625,76398200
2022-12-02,SPY,382.8669145312074,388.2065734053355,382.76222900679136,387.3023681640625,85342700
2022-12-05,SPY,384.4849425076752,385.4177008262784,378.9834635345457,380.33502197265625,77289800
2022-12-06,SPY,380.17323078475664,380.7157422182558,372.7681254520418,374.8525695800781,77972200
2022-12-07,SPY,374.0054437050733,376.5753507067164,373.0821838315825,374.21484375,65927900
2022-12-08,SPY,376.0994217071505,378.2124187884382,374.3195069079909,377.1463928222656,60737900
2022-12-09,SPY,375.90905369871786,378.4599057381282,374.2053001815389,374.32904052734375,81447700
2022-12-12,SPY,375.119059475854,379.7258605957031,374.4528077117335,379.7258605957031,75405800
2022-12-13,SPY,390.4528627513753,390.70984189180217,379.8401500031239,382.6004028320313,123782500
2022-12-14,SPY,382.257673780074,385.9602409589763,377.21307559103866,380.1541748046875,108111300
2022-12-15,SPY,375.2999318308924,376.2041659865488,369.1988348015829,370.85498046875,117705900
2022-12-16,SPY,368.302907769073,369.6415593936089,364.34432159505855,366.4765930175781,119858000
2022-12-19,SPY,366.6678648941245,367.0025351167428,361.7052677993639,363.3690185546875,79878100
2022-12-20,SPY,362.61364283927566,365.482194633709,361.2941043449694,363.8662414550781,74427200
2022-12-21,SPY,366.457476778773,370.43520527298585,365.9220161334383,369.3069152832031,78167400
2022-12-22,SPY,366.2662256920997,369.28777027212345,358.34902428686854,364.038330078125,100120900
2022-12-23,SPY,363.0152163629817,366.2758070046261,361.4662030943732,366.1323852539063,59857300
2022-12-27,SPY,366.01764723973866,366.3618594408892,363.0152157544233,364.68853759765625,51638200
2022-12-28,SPY,364.6216127041186,366.59137848650926,359.9267751898031,360.15625,70911500
2022-12-29,SPY,362.9961017998292,367.5092910145083,362.47018314198056,366.63916015625,66970900
2022-12-30,SPY,363.961883087202,365.8168531569802,361.8486954876929,365.6734313964844,84022200
2023-01-03,SPY,367.5284750602069,369.4982119568314,361.2750229231247,364.134033203125,74850700
2023-01-04,SPY,366.3905264117615,368.9722345195995,363.3498687241592,366.9451293945313,85934100
2023-01-05,SPY,364.99448566002695,365.1092230485303,362.1641897487585,362.7570190429688,76970500
2023-01-06,SPY,365.845539153224,372.1946147969525,362.7857679206914,371.0758666992188,104189600
2023-01-09,SPY,373.2655709052982,376.4496802008699,370.6838914233877,370.8655395507813,73978100
2023-01-10,SPY,370.2821986713312,373.5332179494703,369.3451279864,373.4662780761719,65358100
2023-01-11,SPY,375.0440257972263,378.2663609074049,374.2312636370513,378.1898498535156,68881100
2023-01-12,SPY,379.2894696301709,381.0297021014003,375.2256881711222,379.5667419433594,90157700
2023-01-13,SPY,376.3730941204777,381.61299228704434,376.1053638013344,381.0392761230469,63903900
2023-01-17,SPY,381.0201896884126,382.6935115955875,379.6623956443495,380.3412780761719,62677300
2023-01-18,SPY,381.5270095943542,382.58835989011226,374.1356963351264,374.3364868164063,99632300
2023-01-19,SPY,372.2996913775432,373.9443285968984,370.29172884426185,371.61126708984375,86958900
2023-01-20,SPY,373.00734634342695,378.68708106087394,371.3627088632837,378.5340881347656,91806400
2023-01-23,SPY,379.3373059432333,385.0074698849866,378.3811219727352,383.0759887695313,84178800
2023-01-24,SPY,381.4026860490426,383.57321326654665,380.2170272035857,382.6648559570313,59524900
2023-01-25,SPY,378.6010544265812,383.1429282820768,376.3157607326886,382.8082580566406,84800300
2023-01-26,SPY,385.4664286118992,387.17800600043023,382.5022526217131,387.0154418945313,72287400
2023-01-27,SPY,385.97321255052447,390.2760402786123,385.7628509166012,387.9046936035156,68346200
2023-01-30,SPY,385.1509087422322,387.3788338334304,382.7413355345612,383.0377502441406,74202000
2023-01-31,SPY,383.5540574493801,388.7174447402499,383.2098160670996,388.6696472167969,86811800
2023-02-01,SPY,387.4553193407529,395.5446571758706,384.7206470447407,392.8003845214844,101459200
2023-02-02,SPY,396.68245506156615,399.9813013244029,394.7892295371712,398.5183410644531,101654500
2023-02-03,SPY,393.5557920006054,398.70006688935706,393.0776999727351,394.2825012207031,94736800
2023-02-06,SPY,391.834637420615,393.2689133762878,390.2186841761235,391.8728637695313,60295300
2023-02-07,SPY,390.9548967397829,398.241013206568,389.7118693730586,396.99798583984375,90990700
2023-02-08,SPY,395.0282373142556,396.36688886374986,391.96843733219856,392.6568908691406,76227500
2023-02-09,SPY,396.252234432662,396.40522738183785,388.0290457920925,389.2529602050781,78694900
2023-02-10,SPY,388.0768126828916,390.5437836705012,387.2640796514173,390.1613159179688,70769700
2023-02-13,SPY,390.81146193268944,394.8752432701656,390.3524831825662,394.7413635253906,64913500
2023-02-14,SPY,393.22101173495633,396.8640696336887,390.61064866854656,394.5596923828125,88389300
2023-02-15,SPY,392.3700815999979,395.91751581058026,391.5286350725414,395.8410339355469,61555700
2023-02-16,SPY,390.8784407346895,394.8179138959173,390.2569270102,390.3907775878906,76431500
2023-02-17,SPY,388.2680643786122,389.6545428210452,386.34612524209655,389.4154968261719,89257800
2023-02-21,SPY,385.3994752719773,386.4512833840668,381.3452649276504,381.6034240722656,82655900
2023-02-22,SPY,382.0145867260471,383.5540580010402,379.624126941612,381.0775451660156,83742300
2023-02-23,SPY,383.965204449082,384.577176151522,378.88787027584414,383.1046447753906,96242400
2023-02-24,SPY,378.0942481460913,379.84405183245593,376.3922419822525,379.0121765136719,108194400
2023-02-27,SPY,382.3491965943758,383.7069903770485,379.365907923053,380.302978515625,80444700
2023-02-28,SPY,379.82502171973454,381.7851874586126,378.7923265475118,378.89752197265625,96438600
2023-03-01,SPY,378.08465625730815,379.3085704071732,376.14360422634064,377.4440002441406,99706800
2023-03-02,SPY,375.4743186281051,381.2209936912257,375.1396483986959,380.3795471191406,85127800
2023-03-03,SPY,382.1963263662835,386.7286586997874,381.5461282021258,386.4800415039063,90120000
2023-03-06,SPY,387.3023155770407,389.5971805098177,386.3079052319517,386.7477416992188,72795900
2023-03-07,SPY,386.69989002886615,386.9389359941927,380.2073934400801,380.8193359375,108310600
2023-03-08,SPY,380.93405020632537,382.1961905528292,379.2129019840556,381.4408264160156,74746600
2023-03-09,SPY,382.2249901315046,383.88877016600645,373.4185434936177,374.4034118652344,111945300
2023-03-10,SPY,373.8583166785041,375.9332484862883,367.48058669730784,369.00091552734375,189253000
2023-03-13,SPY,365.0805347641921,373.28460811867615,363.9713580532645,368.4749755859375,157790000
2023-03-14,SPY,373.3898317252391,376.21058604424246,370.0909854321958,374.5659484863281,149752400
2023-03-15,SPY,368.98181836154816,372.4240570496017,366.8973152870415,372.2232666015625,172996900
2023-03-16,SPY,369.8710404113854,379.0982086417623,369.3642641428275,378.75396728515625,143254200
2023-03-17,SPY,377.4256197444262,378.55821591341066,372.94318572096427,374.3253479003906,140553400
2023-03-20,SPY,375.1028011958168,378.3374636707092,374.40214170963634,377.9247131347656,93055800
2023-03-21,SPY,381.28415054635593,383.3670015855469,379.69082383763816,382.8870849609375,91524200
2023-03-22,SPY,382.71431965042825,386.3232727268631,376.3218267349629,376.3601989746094,111746600
2023-03-23,SPY,379.22048781510506,383.2517988904117,374.6708879123496,377.3776245117188,119351300
2023-03-24,SPY,376.1010826470393,379.9404159071664,373.7590870150187,379.8540344238281,107682400
2023-03-27,SPY,382.1287415933862,382.8966256334002,379.6715712489034,380.564208984375,74010400
2023-03-28,SPY,379.8731161528176,380.5641971213973,377.8766762945765,379.7099609375,62871700
2023-03-29,SPY,383.8660888939379,385.4690232440617,382.6662973806607,385.2290649414063,77497900
2023-03-30,SPY,387.8590304445402,388.10859647318574,385.62263176836,387.4847106933594,69840000
2023-03-31,SPY,388.4060846284512,393.2436518891425,388.3004877505952,392.9461059570313,112062600
2023-04-03,SPY,392.4278257842298,394.8465950024576,392.03429064106433,394.4434814453125,67391100
2023-04-04,SPY,395.0865871592581,395.3745547308176,390.8825125238686,392.2550964355469,66601500
2023-04-05,SPY,391.5255427585898,392.2838191469049,389.577082640603,391.2279968261719,65200200
2023-04-06,SPY,390.4313411526847,393.0325102209904,389.3851264771968,392.754150390625,63743300
2023-04-10,SPY,390.2778181115092,393.2341211854021,389.6635400091113,393.1573181152344,63681000
2023-04-11,SPY,393.7812271299072,394.6642573806665,392.4950539964702,393.2629089355469,59297900
2023-04-12,SPY,395.32651264091214,395.6144801885437,391.0744584094717,391.6599426269531,86420400
2023-04-13,SPY,392.7445207254535,397.2173467130726,391.6023169352439,396.8622131347656,85814800
2023-04-14,SPY,396.22873922494233,398.4171577397506,393.58919793642514,395.8927917480469,78161500
2023-04-17,SPY,395.8063789464151,397.3325100919648,394.5777937246766,397.3133239746094,66436400
2023-04-18,SPY,398.8875072085601,399.0218979297028,396.1999857035815,397.5725402832031,63560000
2023-04-19,SPY,395.66241754419593,398.4075262603893,395.6048298992257,397.50531005859375,55227300
2023-04-20,SPY,394.69292804080766,397.0829321795522,393.7906826584634,395.3360290527344,75840400
2023-04-21,SPY,395.63361128968654,396.1039201394264,393.6947589557848,395.6432189941406,73457400
2023-04-24,SPY,395.4416619438188,396.4782981802782,394.1075090570705,396.0559692382813,64332100
2023-04-25,SPY,394.088292257947,394.6450119030647,389.7114553215701,389.76904296875,97766700
2023-04-26,SPY,390.3833244029181,391.4583328014488,387.5614127108839,388.11810302734375,80447000
2023-04-27,SPY,390.652086810784,396.11353970438057,390.4025208217605,395.84478759765625,92968400
2023-04-28,SPY,394.9617875942257,399.2330574132173,394.90419994068407,399.2234497070313,89433100
2023-05-01,SPY,398.781880454679,400.845515871164,398.5899021077479,398.8202819824219,62122300
2023-05-02,SPY,398.1099666648256,398.1579758951747,391.4391441559721,394.33782958984375,103998500
2023-05-03,SPY,394.83697342513307,397.2461641447407,391.3911757317852,391.6311340332031,91531800
2023-05-04,SPY,390.58495750937874,390.9112973161724,387.5230869408355,388.8572692871094,94901900
2023-05-05,SPY,392.485388641624,397.1021838881152,392.22624422840113,396.0559692382813,87891800
2023-05-08,SPY,396.3823322476967,396.6414766761157,394.76021173712985,396.16156005859375,50046800
2023-05-09,SPY,394.6162337304968,395.53766541370464,394.1939047732381,394.42425537109375,49220100
2023-05-10,SPY,397.25577792419296,397.8892713646367,392.44700411687967,396.2671508789063,96142900
2023-05-11,SPY,395.4033173680311,395.8640185793233,393.5028369960926,395.5760803222656,70157100
2023-05-12,SPY,396.8142503993596,397.0254148728848,392.63897016343816,395.0577392578125,70481500
2023-05-15,SPY,395.6624693691357,396.8238594172024,393.75241054660967,396.4207458496094,54289400
2023-05-16,SPY,395.31692397910456,396.2383850257728,393.7619987390595,393.7716064453125,57705500
2023-05-17,SPY,395.7872199283248,399.1562144912637,394.14591338269895,398.5515441894531,87287000
2023-05-18,SPY,398.23480532655367,402.8132286270494,398.0140624281471,402.3908996582031,97177200
2023-05-19,SPY,403.29314851307697,403.8210450825171,400.5864117249465,401.8053894042969,103793300
2023-05-22,SPY,401.8245977682805,403.5043059220389,400.58640469895295,401.9685668945313,60745400
2023-05-23,SPY,400.3272283937197,401.9013689419868,397.0638012887145,397.4573364257813,86383500
2023-05-24,SPY,395.85444497777297,396.238372422446,393.4164603018304,394.5778503417969,89213700
2023-05-25,SPY,398.0812240048889,399.4442000783956,395.8448254698012,397.9948425292969,90961600
2023-05-26,SPY,398.6474890724581,403.8689837488059,398.5707153088868,403.1491088867188,93830000
2023-05-30,SPY,405.0783398182929,405.6062362776454,401.92048089068174,403.3026428222656,72216000
2023-05-31,SPY,401.4790054006544,402.3812508973344,399.5017514717894,401.0662841796875,110811800
2023-06-01,SPY,401.2966428186588,405.93265339027886,400.048871425913,404.8768310546875,88865000
2023-06-02,SPY,407.44919955900986,411.5188830151562,406.921303007744,410.7318420410156,91426200
2023-06-05,SPY,411.0773593229492,412.36353228842165,409.2440744066445,409.94476318359375,65460200
2023-06-06,SPY,409.5320736758542,411.3653294424387,408.8793647913304,410.8374328613281,64022200
2023-06-07,SPY,411.2309384070294,412.3635345526036,408.9945106484148,409.4168395996094,85373300
2023-06-08,SPY,409.4839979895144,412.3443112113528,408.716143215812,411.8931884765625,61952800
2023-06-09,SPY,412.6899423944636,414.6384029394871,411.64372754928246,412.6323547363281,85742800
2023-06-12,SPY,413.61131547404943,416.4524134072559,412.8914406087862,416.3756103515625,76104300
2023-06-13,SPY,417.8345851160925,419.76382988102273,417.1722978814529,419.1207580566406,95899700
2023-06-14,SPY,419.456717805613,421.4243641568749,416.1740753599218,419.619873046875,100612100
2023-06-15,SPY,418.8039711627685,426.069914890404,418.70801128446885,424.8221435546875,110303100
2023-06-16,SPY,426.804818584776,427.37322020593024,422.9030661850773,423.3751220703125,114165800
2023-06-20,SPY,421.4387253030806,422.32503554227975,419.1072877770987,421.1785888671875,76160400
2023-06-21,SPY,420.1959774642888,420.995585443212,418.43294139177686,419.0206298828125,76982300
2023-06-22,SPY,418.0667832912389,420.6390407754928,417.72958794220574,420.5330810546875,70637200
2023-06-23,SPY,417.0841314152319,419.13617505158805,416.6409763099136,417.3538818359375,92074500
2023-06-26,SPY,416.7855154988048,418.7026693868189,415.407862497876,415.6487121582031,72823600
2023-06-27,SPY,416.5253465694721,420.8220956392026,416.07254809930254,420.2055358886719,72813700
2023-06-28,SPY,419.1265614695,421.4290983033547,418.5100016357142,420.4175415039063,75636000
2023-06-29,SPY,420.0032229268465,422.2383146152685,419.59861200085055,422.0745239257813,67882300
2023-06-30,SPY,425.28267848094407,428.0379843526411,424.96474047999936,427.0553283691406,104964000
2023-07-03,SPY,426.70853977944085,427.8260563324992,426.4291459408796,427.5466918945313,32793400
2023-07-05,SPY,425.7355410321933,427.6430811230002,425.72589763659545,426.910888671875,58418400
2023-07-06,SPY,423.3365733138423,423.9916772245591,421.06293761114665,423.5677795410156,80658300
2023-07-07,SPY,422.5755624788719,426.4388005460157,422.2576244540767,422.49847412109375,86134200
2023-07-10,SPY,422.1419392054069,423.7411842113957,421.5735376298801,423.5677795410156,62443500
2023-07-11,SPY,424.3289087055748,426.7566624993896,423.3558667490492,426.2653198242188,64463800
2023-07-12,SPY,430.0514894814251,431.1015903646367,428.62564905437046,429.6950073242188,91924500
2023-07-13,SPY,431.506253963796,433.8954932249754,431.0727422071223,433.1054992675781,72425200
2023-07-14,SPY,433.991813962652,434.83958003816,432.07463074719146,432.8357238769531,69815800
2023-07-17,SPY,432.6912500682276,435.3887545883977,432.64306249429234,434.3386535644531,52680200
2023-07-18,SPY,434.0110663595222,438.2114701147798,433.5775252322227,437.5660095214844,80668200
2023-07-19,SPY,438.3560144106052,439.724023983291,437.4889321342748,438.5390625,65891700
2023-07-20,SPY,437.5467302165197,438.442683807428,434.9166416038705,435.6295471191406,70591600
2023-07-21,SPY,437.3443953535996,437.5467302165197,435.6199331260899,435.6295471191406,71275600
2023-07-24,SPY,436.7759853171551,438.38487379289774,435.7451418375123,437.57562255859375,54023400
2023-07-25,SPY,437.3058779585616,440.02263949533193,437.2576903912355,438.7702331542969,55191200
2023-07-26,SPY,437.8358256350003,440.2635798705463,436.7857245386516,438.8377685546875,71052900
2023-07-27,SPY,442.2191833737535,442.6238236932695,435.0225951669556,435.9281921386719,92194400
2023-07-28,SPY,439.1941936182639,441.024645224626,435.9282579906258,440.1961364746094,80011800
2023-07-31,SPY,440.6681140687776,441.3906629481321,439.3578768125751,441.0342102050781,62040400
2023-08-01,SPY,439.5698819163366,440.5140231570704,438.8184321616605,439.772216796875,55291500
2023-08-02,SPY,436.6604008783812,436.9205079074881,432.9031523438812,433.6546020507813,93933400
2023-08-03,SPY,431.6410971149184,434.29044314301314,430.995607146359,432.4118041992188,64276100
2023-08-04,SPY,434.2230692550645,436.32327139401457,429.9359332204392,430.4561767578125,100128900
2023-08-07,SPY,432.28658168791264,434.36752621178806,431.59293351328745,434.21337890625,58357500
2023-08-08,SPY,431.6796137883657,434.2037427118271,428.9724661870649,432.3251037597656,71361300
2023-08-09,SPY,432.5948520910791,432.7586427817327,428.67381291504086,429.4349060058594,78789600
2023-08-10,SPY,431.7856591547792,435.167197948671,428.4234071509756,429.589111328125,93005500
2023-08-11,SPY,427.7200594884635,430.3501481391964,427.1227570858758,429.3385620117188,68690900
2023-08-14,SPY,428.4234238736149,431.7085876464844,428.1151292261153,431.7085876464844,47867400
2023-08-15,SPY,429.9358583347008,430.2923404930472,426.1111649328765,426.6795959472656,75707500
2023-08-16,SPY,426.2653150386881,427.9223617239687,423.4425643377815,423.5485534667969,80107200
2023-08-17,SPY,425.012913286652,425.273020314269,419.8009235363625,420.3211669921875,95711300
2023-08-18,SPY,417.5080561439708,421.5543421169173,417.1612467523088,420.52349853515625,98852000
2023-08-21,SPY,421.53502982303786,424.0013277942752,419.3866698421799,423.259521484375,68719000
2023-08-22,SPY,425.0321640493009,425.0321640493009,421.5543094057689,422.1130676269531,64994200
2023-08-23,SPY,423.1728380844883,427.43107286328376,423.0283341735705,426.8144836425781,68441000
2023-08-24,SPY,428.41366619641934,428.9242662073744,420.8702397433306,420.899169921875,88517300
2023-08-25,SPY,422.6236627344665,425.1477621948004,419.078363177976,423.866455078125,102325100
2023-08-28,SPY,426.0533657437924,427.1709115909124,423.8664616174519,426.5543518066406,61595400
2023-08-29,SPY,426.44841900560834,432.9995476574254,426.2653709047112,432.72015380859375,83081900
2023-08-30,SPY,433.057282576268,435.13822692888783,432.3539910652405,434.50238037109375,69053900
2023-08-31,SPY,435.11898360214246,436.2557869248091,433.6835290574293,433.8665771484375,66084600
2023-09-01,SPY,436.5833209067049,437.06502016743536,433.2210400744053,434.67578125,58944100
2023-09-05,SPY,434.232664090542,434.5505726941325,432.7297646178386,432.7971801757813,55166200
2023-09-06,SPY,431.9879277285903,432.093916863234,427.5659316686508,429.8877258300781,70758500
2023-09-07,SPY,426.89156794336543,429.2422630358517,426.5447585365695,428.5679016113281,70355400
2023-09-08,SPY,428.6160154651993,430.7451180605752,428.2595627004295,429.21331787109375,61659700
2023-09-11,SPY,431.8338284325165,432.3444285728758,430.1286232997532,432.0361633300781,60180100
2023-09-12,SPY,430.59102153155527,432.11317840274216,429.0881220484013,429.6661376953125,67565400
2023-09-13,SPY,429.8877509320253,431.3232055262028,428.7894623481302,430.1671447753906,60199300
2023-09-14,SPY,432.6334271290332,434.5698383708397,431.332833106535,433.8761901855469,83430800
2023-09-15,SPY,432.2935551441486,432.6222625307114,428.2136712808251,428.6487121582031,111848900
2023-09-18,SPY,428.3392962837647,430.1955590603149,427.8655753087938,428.9000549316406,55752200
2023-09-19,SPY,427.981617392204,428.57137880593234,425.3326034960519,428.0106201171875,66514600
2023-09-20,SPY,429.2674693964477,429.68318495179983,423.8727265693422,424.0757751464844,82562600
2023-09-21,SPY,421.2333589486901,421.4943834516094,416.91177626347593,417.06646728515625,104095800
2023-09-22,SPY,418.0912582939372,419.6864669998817,415.7129170916107,416.128662109375,100829700
2023-09-25,SPY,414.92017485715184,417.9172211836111,414.485104517223,417.8785705566406,70874500
2023-09-26,SPY,414.8428197503268,415.54859200929735,410.90794984146544,411.7394104003906,96168400
2023-09-27,SPY,412.9092550416893,413.4700137261174,408.2686420542666,411.9037780761719,104705800
2023-09-28,SPY,411.35270706101295,415.964317107926,410.762945679416,414.291748046875,92258300
2023-09-29,SPY,417.3371969608053,417.5112133076614,411.7684378270295,413.2863159179688,115111300
2023-10-02,SPY,412.454856073705,414.3691244055631,410.36657139466814,413.1219482421875,83798600
2023-10-03,SPY,410.94667474306095,413.1799731499237,406.2287013020404,407.5918884277344,103760600
2023-10-04,SPY,408.0559363281981,411.30435944495287,406.5960637049735,410.5599365234375,87453000
2023-10-05,SPY,410.269877205424,411.2463514179395,407.1858225474584,410.4052429199219,70142700
2023-10-06,SPY,407.9592644123595,416.81512702154566,406.6347574601129,415.2779235839844,113273300
2023-10-09,SPY,413.3829806224,418.5070215863633,412.8319288458573,417.9366149902344,80374400
2023-10-10,SPY,418.5649967058061,422.7028857085663,418.1686064888882,420.1118774414063,78607300
2023-10-11,SPY,421.17540990507433,422.0841718346621,418.797068320578,421.8328247070313,62451700
2023-10-12,SPY,422.4418474172078,422.81888280363904,416.91176888328704,419.2610778808594,81154200
2023-10-13,SPY,420.7596289275812,421.9584770278049,415.6066149426829,417.1728210449219,95143100
2023-10-16,SPY,419.4158131019472,422.6255856986061,419.1741138914331,421.5621032714844,75433200
2023-10-17,SPY,418.4394060618272,423.5924505801015,418.09137330484737,421.5428161621094,75324700
2023-10-18,SPY,419.773552014206,420.730671512136,414.8428818805568,415.9256896972656,93559800
2023-10-19,SPY,416.64111990263626,418.4490253157197,411.59443909771255,412.2711791992188,121323000
2023-10-20,SPY,411.8360731446502,412.3774769419031,407.0987456622459,407.2051086425781,123919900
2023-10-23,SPY,405.6776368923659,410.3569598965053,403.92773684712256,406.4994201660156,92035100
2023-10-24,SPY,408.6167068763109,410.7146691465656,406.7701212432729,409.5641784667969,78564200
2023-10-25,SPY,407.881928845422,407.91093157015536,403.17360349885,403.6860046386719,94223200
2023-10-26,SPY,402.6225823087564,403.4733388003184,397.9336114254036,398.85205078125,115156800
2023-10-27,SPY,400.43762562519,400.83401590980566,395.6229662582375,397.0441589355469,107367700
2023-10-30,SPY,399.8284803456642,402.8448816266276,398.5329761803426,401.79107666015625,86562700
2023-10-31,SPY,402.361504611754,404.63348310254605,400.4569136434261,404.314453125,79665200
2023-11-01,SPY,405.28123407598383,409.43844855236455,404.7494781285324,408.6263427734375,98068100
2023-11-02,SPY,412.4161644286976,416.612088488878,412.3968391143164,416.4573974609375,94938900
2023-11-03,SPY,418.75837375712325,421.8037777300333,418.6326854543438,420.25689697265625,100167800
2023-11-06,SPY,421.0109973746679,421.6684121077968,419.2804228673673,421.22369384765625,67831700
2023-11-07,SPY,421.2237277176419,423.0606358569916,420.0829145000172,422.4225463867188,64256100
2023-11-08,SPY,423.0219303160148,423.544008852029,420.4309219590949,422.7319030761719,61746000
2023-11-09,SPY,423.8727442351021,423.91142437106953,419.00975716373983,419.4351501464844,83174400
2023-11-10,SPY,421.5041020397778,426.28972875327344,419.42546520511473,425.9803466796875,89462200
2023-11-13,SPY,424.64619358239656,426.6764433760795,423.86309048956497,425.5743103027344,52236100
2023-11-14,SPY,431.5007656250588,435.1165763059157,431.2783917339626,433.8307495117188,97176900
2023-11-15,SPY,435.1648610197661,436.3927117469104,433.8983596665992,434.7491455078125,77327600
2023-11-16,SPY,434.3045010394223,435.6000053342908,433.2410185572766,435.2809753417969,66665800
2023-11-17,SPY,435.2906316917746,436.4314744698249,434.372192329064,435.8223876953125,83133200
2023-11-20,SPY,435.57099160312566,440.0182630951851,435.5613141930735,439.1771545410156,69936200
2023-11-21,SPY,438.1329625324768,439.05143128536895,436.95346926764,438.219970703125,49244600
2023-11-22,SPY,439.8732146058272,441.2267242124144,438.8194096441167,439.911865234375,59394900
2023-11-24,SPY,439.9602422808771,440.3759578384197,439.6315348978691,440.1825866699219,29737400
2023-11-27,SPY,439.5542315387573,440.36633744385705,439.003150191057,439.389892578125,50506000
2023-11-28,SPY,439.0030764411284,441.1203637861366,438.44234728096177,439.8248596191406,62115000
2023-11-29,SPY,441.9711138199376,443.10227896211006,439.1190812038522,439.5154418945313,63146000
2023-11-30,SPY,440.3566571355129,441.5941559718903,438.2876976332808,441.24609375,79752700
2023-12-01,SPY,440.6369952391435,444.3881717849613,440.0472633152973,443.8564453125,89183400
2023-12-04,SPY,440.4726232624604,443.8757373404589,439.2544498661346,441.52642822265625,72430900
2023-12-05,SPY,440.143918442316,442.3965419933345,439.7668535301099,441.4394226074219,69793500
2023-12-06,SPY,443.57606849081975,443.6050712166776,439.225482586349,439.6605529785156,69124700
2023-12-07,SPY,441.73911050428126,443.6630266124851,441.1397012346477,443.0152893066406,66995400
2023-12-08,SPY,442.2709087807209,445.4516788944759,442.02920955180366,444.9199523925781,83194400
2023-12-11,SPY,444.42680041904015,446.82446698086267,444.2141039538438,446.6504211425781,65002200
2023-12-12,SPY,446.3023795471641,448.78705422628,445.30658009464025,448.69036865234375,68327600
2023-12-13,SPY,449.0674408996175,455.1292757819329,448.709730800554,454.8778991699219,93278000
2023-12-14,SPY,456.8115506454331,458.0007214940584,453.6694606145386,456.33782958984375,119026000
2023-12-15,SPY,455.7417745258769,456.9163630634481,453.7421004914981,455.5864562988281,141553700
2023-12-18,SPY,457.1880784913936,459.12951153664727,456.1300010366005,458.1490783691406,70375300
2023-12-19,SPY,458.6927663957653,461.0127935552055,458.6151220933891,460.9351196289063,55761800
2023-12-20,SPY,460.0808576886502,461.96405036999886,454.1206728290634,454.54779052734375,102921000
2023-12-21,SPY,457.5278509164755,459.1295570366737,455.1107760152546,458.8577575683594,86667500
2023-12-22,SPY,459.98377994700513,461.4592882220052,457.8870580411275,459.7799377441406,67160400
2023-12-26,SPY,460.18765521976536,462.62413389794295,460.109981297383,461.7213745117188,55387000
2023-12-27,SPY,461.5175394244562,462.7018149557165,460.9836571015111,462.5562133789063,68000300
2023-12-28,SPY,462.91536504878167,463.5657286208665,462.3135254600746,462.7309265136719,77158100
2023-12-29,SPY,462.5367654374911,463.06096072132885,459.4401769650659,461.3913269042969,122283100
2024-01-02,SPY,458.333531951908,459.7993234289346,456.71242227128295,458.8091735839844,123623700
2024-01-03,SPY,456.6542157231931,457.3919698393569,454.4604162904711,455.062255859375,103585900
2024-01-04,SPY,454.5865557790852,457.1686653982138,453.3731600721968,453.596435546875,84232200
2024-01-05,SPY,453.8003122508208,456.66393818647634,452.7713549830218,454.2177429199219,86118900
2024-01-08,SPY,454.71281340697016,460.8477500166702,454.5866154970485,460.7021484375,74879100
2024-01-09,SPY,458.0520544271024,461.02244496424106,457.54729244084217,460.0032043457031,65931400
2024-01-10,SPY,460.2750525964962,463.46871896304185,459.9935364474402,462.6047668457031,67310600
2024-01-11,SPY,463.6045580641455,464.119036700077,458.4306513904914,462.40087890625,77940700
2024-01-12,SPY,463.847256832393,464.5850109920546,461.31370050606375,462.7212219238281,58026400
2024-01-16,SPY,461.3427834891872,462.6532272077025,459.2071951071508,461.0224304199219,85014900
2024-01-17,SPY,458.0035093314712,458.9451056102245,456.1106001283949,458.4597473144531,68843900
2024-01-18,SPY,460.1294153145847,463.0900892897804,458.5859793739224,462.5367736816406,91856200
2024-01-19,SPY,463.6627410994632,468.58428097883166,462.5852599788474,468.3027648925781,110834500
2024-01-22,SPY,469.83659824827777,471.0111571575836,468.64260604571103,469.2929992675781,75844900
2024-01-23,SPY,469.8365966379768,470.9043613024555,468.74939868030367,470.6616821289063,49945300
2024-01-24,SPY,473.525295727068,474.4571754342008,470.6811029978881,471.1761779785156,81765000
2024-01-25,SPY,473.30196574868353,474.0105994997861,471.1761237432126,473.7388000488281,72525000
2024-01-26,SPY,473.3117458196852,474.7969411657135,472.2925051479898,473.1370239257813,76641600
2024-01-29,SPY,473.4475958586122,477.029542315143,472.9039969579279,476.8839111328125,61322800
2024-01-30,SPY,476.19475312019154,477.2237103899132,475.7579187820987,476.5151062011719,58618400
2024-01-31,SPY,474.31155855924624,474.758079917689,468.7202212489611,468.7396545410156,126011100
2024-02-01,SPY,470.43842101293257,474.9037235864103,469.6327095934461,474.8746032714844,91891600
2024-02-02,SPY,475.3113689891685,481.523949196212,474.97161226030033,479.8737487792969,99228200
2024-02-05,SPY,479.2428126687566,479.90289286822576,475.8744247735656,478.12646484375,75757100
2024-02-06,SPY,479.0680364458104,479.8446274850516,477.64108188661896,479.51458740234375,55918600
2024-02-07,SPY,481.75695184930976,483.93134756331705,480.8541628931194,483.5139465332031,70556500
2024-02-08,SPY,483.513949705615,484.1060726186496,482.69855130751233,483.7275085449219,52343600
2024-02-09,SPY,484.2323170511552,486.96002861938376,483.8925602799828,486.5232238769531,63979400
2024-02-12,SPY,486.49406987855394,488.75582660767503,485.5912808921892,486.30963134765625,56502300
2024-02-13,SPY,480.0484676099725,482.5334996770295,476.35003982173856,479.6116333007813,113099200
2024-02-14,SPY,482.2423099561509,484.4555426281319,479.9222830533005,483.9701843261719,68387800
2024-02-15,SPY,484.66906756169146,487.4938562363656,484.19339631478,487.3094177246094,61683000
2024-02-16,SPY,487.0085316428908,488.1442534791648,484.1449058140717,484.8826599121094,75532900
2024-02-20,SPY,483.1450448811934,483.814841673976,479.9708124113375,482.2131652832031,71736700
2024-02-21,SPY,480.9124629140013,482.8053426352379,479.1069145137689,482.6500244140625,59293400
2024-02-22,SPY,489.25091074642,493.59970240133447,488.2898811137423,492.6387023925781,76402500
2024-02-23,SPY,494.3567944319364,495.1916260485655,492.250356160334,492.9783935546875,61321800
2024-02-26,SPY,493.4152350521733,493.8520693709636,491.0466841824756,491.1728820800781,50386700
2024-02-27,SPY,491.8620813041637,492.308602616629,489.9691722068436,492.0853271484375,48854500
2024-02-28,SPY,490.5322390639573,492.01743437576624,490.1730786379002,491.4350280761719,56506600
2024-02-29,SPY,493.1920036518268,494.8130838290683,490.5516532421677,493.2016906738281,83924800
2024-03-01,SPY,494.07533144522296,498.2590878764062,493.6676174504883,497.83197021484375,76844800
2024-03-04,SPY,497.0361035161416,499.1425421792055,497.0069535759895,497.2981567382813,49799300
2024-03-05,SPY,495.2984545471132,495.745005535815,490.1245478315941,492.32806396484375,72855600
2024-03-06,SPY,495.5993458504527,497.0748540345267,493.5317443866829,494.8227844238281,68382400
2024-03-07,SPY,498.1135389799133,500.7830096761973,494.8810360564722,499.734619140625,58652100
2024-03-08,SPY,500.36560770630734,503.04473579557066,496.1623881738849,496.735107421875,86532500
2024-03-11,SPY,495.5314219659159,496.89041928478855,493.6093924281333,496.3079833984375,62557200
2024-03-12,SPY,498.41443934118087,502.2293483869414,495.9002573325016,501.6469421386719,73114400
2024-03-13,SPY,501.9672268025058,502.1419486738022,499.4239541516855,500.860595703125,55104100
2024-03-14,SPY,501.8312904786425,501.9866383004977,496.8321359535948,499.8704833984375,110171800
2024-03-15,SPY,496.8081640582688,498.2590460217431,494.7730662340284,496.4381408691406,107646300
2024-03-18,SPY,500.4985887866016,501.9396941096388,498.9795682095847,499.3885192871094,88893300
2024-03-19,SPY,498.6972103635703,502.4460573676712,497.6942371868493,502.1636962890625,60755300
2024-03-20,SPY,502.2221673565908,506.9447474953313,501.55028937128384,506.8084106445313,69594600
2024-03-21,SPY,509.6419595938359,510.34301859328446,508.2007948195373,508.4832153320313,60256100
2024-03-22,SPY,508.3955498176283,508.88241615238655,507.2854803107173,507.5192260742188,79070800
2024-03-25,SPY,506.1462465061389,507.2660628859731,505.961234915521,506.1170654296875,48512100
2024-03-26,SPY,507.5386980888141,507.8795402076684,504.7830772199743,505.1822814941406,65463700
2024-03-27,SPY,508.006122629369,509.4667217205324,505.8444050698442,509.427734375,82999800
2024-03-28,SPY,509.4666896201177,510.8298796934876,509.0479917055304,509.3303527832031,96294900
2024-04-01,SPY,510.070420797236,510.6059618999613,507.2855000855941,508.4442443847656,62477500
2024-04-02,SPY,504.6272115527488,505.3477642225264,502.9134325371014,505.2114868164063,74230300
2024-04-03,SPY,504.1208992573895,507.266096506351,504.0722245054593,505.7665100097656,59155800
2024-04-04,SPY,509.7685667902679,510.1093494656175,499.2911933332161,499.5930480957031,96858100
2024-04-05,SPY,500.9465048519071,506.7694068986325,500.5083132867227,504.8121948242188,74546500
2024-04-08,SPY,505.513361858984,506.5162756490336,504.2864491311744,505.0946044921875,48401800
2024-04-09,SPY,506.82786095826793,507.071294128757,500.839381191466,505.6788635253906,68049200
2024-04-10,SPY,499.9921838509081,502.601780021425,498.6387407392185,500.6153869628906,82652800
2024-04-11,SPY,502.1344876196163,505.8346601112469,498.6290735605831,504.3935546875,70099000
2024-04-12,SPY,500.85889444352966,502.2708187739484,495.70784003413945,497.4313659667969,92561100
2024-04-15,SPY,501.5989207934361,501.7644387082916,490.3522904966187,491.199462890625,92101400
2024-04-16,SPY,491.6766166443132,493.1956373554357,489.0183155418661,490.30364990234375,73484000
2024-04-17,SPY,492.7574157801548,492.9229634124424,486.0094553717644,487.4018859863281,75910300
2024-04-18,SPY,488.7943295112607,490.88784877913054,485.4641507516637,486.39892578125,74548100
2024-04-19,SPY,486.3210783246666,487.31427501412566,480.8876330360681,482.1535034179688,102212600
2024-04-22,SPY,484.75331996273405,489.1838214219077,482.4163675078979,486.59368896484375,67961000
2024-04-23,SPY,488.5996095177476,492.7963952191992,486.4087108687592,492.3679504394531,64633600
2024-04-24,SPY,493.25400289949073,494.042723959268,489.9141070818204,492.13421630859375,55928100
2024-04-25,SPY,486.067923554612,491.0242198548646,484.42231277383286,490.26470947265625,69122400
2024-04-26,SPY,493.0495298783495,496.4868049205615,492.4166096033967,494.9093627929688,64306100
2024-04-29,SPY,496.6912896486231,497.33395677101214,493.9258924563797,496.6620788574219,46415400
2024-04-30,SPY,495.20149000874,496.1752226900087,488.7943420410156,488.7943420410156,77483600
2024-05-01,SPY,488.2101273744075,494.8412449760708,486.7397814235659,487.2071838378906,80242800
2024-05-02,SPY,490.9073316662554,492.6016467604268,486.4281553313073,491.7642211914063,62550200
2024-05-03,SPY,497.733181730278,499.08665465274976,495.20147091341136,497.8597717285156,72756700
2024-05-06,SPY,500.2551653379584,503.0400265445959,499.8169737447077,503.0010986328125,47264700
2024-05-07,SPY,503.96507290224616,504.9485523975052,502.8842439138016,503.5561218261719,52561300
2024-05-08,SPY,501.72550045922026,504.1403384404924,501.6086572944442,503.6047973632813,42047200
2024-05-09,SPY,503.78989858456765,506.5455791466874,503.1375142265029,506.506591796875,43643700
2024-05-10,SPY,508.1034582569593,508.9116730396104,505.94180018838176,507.1589660644531,52233200
2024-05-13,SPY,508.83367220506113,508.94076852048096,506.0877393186341,507.22698974609375,36716400
2024-05-14,SPY,507.42181386177714,510.0703976103099,506.88627278339663,509.5542907714844,57535900
2024-05-15,SPY,512.0179402902028,516.1563047340521,511.38499019072265,515.8641967773438,59504900
2024-05-16,SPY,515.9614174721102,517.5583531460086,514.6565896819933,514.8026733398438,50244800
2024-05-17,SPY,514.9195824580145,515.6109540647997,513.4687302561026,515.5427856445312,59187600
2024-05-20,SPY,515.6595382886503,517.5972564963745,515.2700215074756,516.1366577148438,37764200
2024-05-21,SPY,515.3772058901883,517.5583573493641,515.1727006539206,517.4025268554688,33437000
2024-05-22,SPY,516.7111875279095,517.4219932520712,513.7412557847823,515.9127197265625,48390000
2024-05-23,SPY,518.9606609347318,519.0677572803991,510.9370526401655,512.14453125,57211200
2024-05-24,SPY,513.9846980938406,516.3411736344989,513.0402060562079,515.532958984375,41291100
2024-05-28,SPY,516.3412489766735,516.5749353115505,513.2642204156563,515.893310546875,36269600
2024-05-29,SPY,511.871810616093,513.4589997088932,511.56995584928654,512.28076171875,45190300
2024-05-30,SPY,510.74230907986095,511.4044402025134,507.6360993028724,508.8824462890625,46377600
2024-05-31,SPY,509.8367164200918,513.6439850215788,504.7440541264526,513.5173950195312,90785800
2024-06-03,SPY,515.1240809646227,515.4064420460951,508.87267437322015,513.9360961914062,46835700
2024-06-04,SPY,512.6312623824123,515.250605333056,511.17066354967966,514.5105590820312,34632700
2024-06-05,SPY,516.8281493311971,520.6451650598835,514.84169649016,520.6256713867188,47610400
2024-06-06,SPY,520.9275073614583,521.3559521321091,518.6879340097541,520.6159057617188,30808500
2024-06-07,SPY,519.6421291117942,522.787325920015,518.5515533208824,519.9829711914062,43224500
2024-06-10,SPY,519.1746401760823,521.9108258758816,518.5806776685605,521.5894775390625,35686100
2024-06-11,SPY,520.0414093421914,522.9041857425336,518.0744503489441,522.8457641601562,36383400
2024-06-12,SPY,527.4028194115604,529.8274041983666,526.1077383475028,527.139892578125,63251300
2024-06-13,SPY,528.8830409223657,529.0583057100524,525.4165542247054,528.201416015625,44760900
2024-06-14,SPY,526.6726498510748,528.5519471953481,525.6696764478946,528.5227661132812,40089900
2024-06-17,SPY,527.8410888070123,534.1216772051151,527.3834034899254,532.7291870117188,55839500
2024-06-18,SPY,532.7875604635906,534.2092316077063,532.3688625324717,534.0826416015625,41376400
2024-06-20,SPY,535.0077463215187,535.6698774866474,530.8596351285086,532.6318359375,70328200
2024-06-21,SPY,531.8102827682807,533.0313753907063,530.4621917432297,531.917724609375,64338600
2024-06-24,SPY,531.7418545665156,534.3012597413704,530.0713785197397,530.1885986328125,45528700
2024-06-25,SPY,531.4096852385123,532.5917242597523,529.8955424418219,532.2302856445312,37936200
2024-06-26,SPY,531.1167351250136,533.6077524053179,530.4720243887124,532.8946533203125,38550600
2024-06-27,SPY,532.7578061070262,534.3110621107577,532.0153722749866,533.7346801757812,35041500
2024-06-28,SPY,534.5064730466929,537.554375472948,530.3938707314409,531.6344604492188,76144500
2024-07-01,SPY,533.0117265646933,533.2559450469041,529.9736629556671,532.7284545898438,40297800
2024-07-02,SPY,531.126400132376,536.3135986328125,531.0775683576217,536.3135986328125,40434800
2024-07-03,SPY,536.0010100914286,539.068408833479,535.9619565950238,538.7069702148438,32789900
2024-07-05,SPY,539.009731167597,542.2138465569928,538.3747392828008,541.8133544921875,41488400
2024-07-08,SPY,542.5949332840256,543.3861988920726,541.3738407022457,542.4386596679688,36110500
2024-07-09,SPY,543.3959524424528,544.2946598471173,542.6730752067231,542.9661254882812,27289700
2024-07-10,SPY,544.1872742397521,548.6808713510104,543.8942239279161,548.3389892578125,38701200
2024-07-11,SPY,548.4561564855596,549.3255886798729,542.9759074999535,543.61083984375,53054200
2024-07-12,SPY,544.7343252522627,550.6346235261244,544.2654447499774,547.0397338867188,53084400
2024-07-15,SPY,549.0325043663784,551.7775178290722,546.6879829958002,548.5440673828125,40584300
2024-07-16,SPY,549.8530274778409,552.090047326324,549.1008154677004,551.7969970703125,36475300
2024-07-17,SPY,545.8771519032762,547.5476278240299,543.7377955656038,544.0601806640625,57119000
2024-07-18,SPY,545.5940223403177,546.5806748281783,537.700862061102,539.8792724609375,56270400
2024-07-19,SPY,539.644738170822,541.2663824595259,535.2390267295067,536.2940673828125,65509100
2024-07-22,SPY,540.2113760766848,542.4288993582354,538.277184442637,541.8232421875,43346700
2024-07-23,SPY,541.7157018138391,543.8648365993427,540.484890622907,540.9733276367188,34439600
2024-07-24,SPY,536.1670544374522,536.4698829953903,527.7952370228695,528.7135009765625,74515300
2024-07-25,SPY,528.8307523766035,534.7994982405838,525.0209792890996,525.958740234375,61158300
2024-07-26,SPY,529.7392825093052,534.5357078065754,528.9675138593225,531.8493041992188,53763800
2024-07-29,SPY,533.3927971337158,534.3989464184045,530.1690650137424,532.1619262695312,39515800
2024-07-30,SPY,533.6271294303981,534.6821699039564,526.066135221137,529.4656372070312,46853600
2024-07-31,SPY,536.2842643515584,540.6997538692295,534.9166765387299,538.0719604492188,65663400
2024-08-01,SPY,539.7913062018092,542.0381046138815,526.9551667505608,530.452392578125,76428700
2024-08-02,SPY,523.3603002519518,524.5716145988897,516.3756265717791,520.5762329101562,82789100
2024-08-05,SPY,499.80782241877216,511.4717002411795,498.4694800108966,505.4150695800781,146267400
2024-08-06,SPY,507.2124748611044,517.4989864003181,505.8937188490462,510.0747680664063,84826300
2024-08-07,SPY,516.2486294067602,519.2965314666948,506.0696179320819,506.6654968261719,70698300
2024-08-08,SPY,511.7939934684511,519.0033278281719,509.7719169059722,518.378173828125,63276600
2024-08-09,SPY,517.5576103421191,522.1489300560904,516.3365178449808,520.6640625,45619600
2024-08-12,SPY,521.8558860240913,523.3406939742863,518.6712672136742,520.9376220703125,42542100
2024-08-13,SPY,524.1221746789957,529.7391995235392,523.8779562074939,529.5046997070312,52333100
2024-08-14,SPY,530.2959605592147,532.3572097547438,527.6291139531684,531.1751708984375,42446900
2024-08-15,SPY,536.7921554149043,540.5628739894906,536.186498426184,540.2796020507812,60846800
2024-08-16,SPY,538.667786928332,542.1845687274085,538.51151333941,541.490966796875,44430700
2024-08-19,SPY,541.9013070349608,546.66845703125,541.0514314058853,546.66845703125,39121800
2024-08-20,SPY,546.2191462607274,547.8700657821756,544.4412283435015,545.779541015625,33732300
2024-08-21,SPY,546.8248322343893,549.1106842316043,541.9013486274712,547.6551513671875,41514600
2024-08-22,SPY,549.5502804647684,550.1559376249218,542.1455582382872,543.3568725585938,56121500
2024-08-23,SPY,546.5903394303513,550.0680084955276,544.4020915801096,549.1301879882812,50639400
2024-08-26,SPY,550.1559102385648,550.8690092024209,546.1214157161334,547.8211669921875,35788600
2024-08-27,SPY,546.5511671009976,549.0617401711636,545.4082413361126,548.5733032226562,32693900
2024-08-28,SPY,548.2315309438809,548.661357929549,542.204174863817,545.3887939453125,41066000
2024-08-29,SPY,547.3522554939839,550.6443160255352,544.294635177053,545.4375610351562,38715200
2024-08-30,SPY,547.8017316610252,551.1524028130747,544.2556737558524,550.6444091796875,62700100
2024-09-03,SPY,547.5086116923438,547.8407751289367,536.8021094517958,539.3126831054688,60600100
2024-09-04,SPY,537.4762066412244,541.6083655035815,536.7533292597282,538.2088623046875,47224900
2024-09-05,SPY,538.1502077884983,540.9928852935313,534.4478166491117,536.8997802734375,44264300
2024-09-06,SPY,537.2221796738046,538.8437645502386,526.9650009606123,527.8637084960938,68493800
2024-09-09,SPY,532.0544335310877,535.043665505135,530.1299607989381,533.773681640625,40445800
2024-09-10,SPY,535.678706144088,536.450474898389,530.8138918516801,536.0987548828125,36394600
2024-09-11,SPY,536.0108196239122,542.5167747623394,527.4729497044474,541.5985107421875,75248600
2024-09-12,SPY,542.1747991721596,546.4632899534062,539.957276313442,546.1604614257812,51819600
2024-09-13,SPY,546.7661412876428,550.0093699640063,546.5121445202687,549.012939453125,39310500
2024-09-16,SPY,548.7491943236346,550.0875069413107,546.9517795427174,549.8237915039062,36656100
2024-09-17,SPY,552.0314851715059,553.477299266029,547.8211605278194,550.0484619140625,49321000
2024-09-18,SPY,550.702966140304,555.5385046014119,547.8602888957543,548.4171142578125,59044900
2024-09-19,SPY,557.8049085738365,559.6316584337985,554.9426745171918,557.7755737304688,75315500
2024-09-20,SPY,556.4095588022268,557.8499393877719,553.7932621282835,556.811279296875,77503100
2024-09-23,SPY,557.8794446150124,558.8495067502496,556.6643550711399,558.2027587890625,44116900
2024-09-24,SPY,558.9964258828836,559.8587165873663,556.1743944512203,559.7999267578125,46805700
2024-09-25,SPY,559.6430786474534,560.3779812951763,557.4579274397835,558.565185546875,38428600
2024-09-26,SPY,562.817932214862,563.1413061737785,558.4281322177342,560.77978515625,48336000
2024-09-27,SPY,561.8479471107624,562.6611965458859,558.9377006949258,559.966552734375,42100900
2024-09-30,SPY,558.9376557740085,562.8179640810873,556.6447925339722,562.21044921875,63557400
2024-10-01,SPY,561.8576982708267,562.5043864049716,554.6066335561335,557.1738891601562,72668800
2024-10-02,SPY,556.282242548741,558.4281611024765,553.8913563966638,557.4090576171875,38097800
2024-10-03,SPY,555.9392527365582,558.3301388916863,554.106899883147,556.3900146484375,40846500
2024-10-04,SPY,560.828843806913,561.8185225581165,556.6643942780399,561.4461669921875,42939100
2024-10-07,SPY,559.7999074826037,560.446655391967,555.2239297880301,556.370361328125,49964700
2024-10-08,SPY,558.9376197622599,562.230029540932,558.0655806170524,561.6322631835938,37398700
2024-10-09,SPY,561.6225357741174,566.0809942856702,561.0248291372598,565.5224609375,37912200
2024-10-10,SPY,564.1799758679994,565.9535388259317,562.9257131010544,564.53271484375,44138100
2024-10-11,SPY,564.4543586951436,568.6482329129351,564.3171624790748,567.913330078125,42268000
2024-10-14,SPY,569.5202272995722,573.4887501402064,569.0401003876937,572.557861328125,36217200
2024-10-15,SPY,572.8224268603595,573.1261842726946,566.8941634738084,568.1092529296875,54203600
2024-10-16,SPY,568.1093193754714,571.097912292803,567.3058184280349,570.5785522460938,30725400
2024-10-17,SPY,574.1158386665669,574.3216329805343,570.4413246734956,570.6275024414062,34393700
2024-10-18,SPY,572.3128969974695,573.6063330690159,570.8528997080355,572.8224487304688,37416800
2024-10-21,SPY,572.0972566282711,573.0771269383695,568.9126781204517,571.8817138671875,36439000
2024-10-22,SPY,569.3536172092114,572.7341816541917,568.6971208640092,571.5779418945312,34183800
2024-10-23,SPY,569.5594196255329,570.0003732214365,562.8570804647936,566.355224609375,49314600
2024-10-24,SPY,568.3052948235324,568.3837012123148,564.9639626077603,567.5802001953125,34979900
2024-10-25,SPY,569.8044050522926,572.6950344865168,566.443456997856,567.3840942382812,47268200
2024-10-28,SPY,570.8528957024953,570.9802836348513,568.8343651367928,569.1381225585938,30174700
2024-10-29,SPY,568.1778099310847,571.1762108700161,566.7864107519835,570.0592041015625,42899700
2024-10-30,SPY,569.588797638648,571.5779630983764,567.6290569957021,568.3345947265625,41435800
2024-10-31,SPY,563.9741674152153,564.0427655154251,556.9974954170759,557.1934814453125,60182500
2024-11-01,SPY,559.8194973668982,563.9643295266857,559.1335762073604,559.5451049804688,45667500
2024-11-04,SPY,559.6823835212687,560.9758196621659,556.4586313456186,558.3399658203125,38217000
2024-11-05,SPY,559.251198693126,565.1304208425688,559.0356559214524,565.0912475585938,39478300
2024-11-06,SPY,577.3397109306703,580.014738259286,573.6064067155438,579.1426391601562,68182000
2024-11-07,SPY,581.1416251858423,584.6397701216673,581.063218798349,583.6206665039062,47233200
2024-11-08,SPY,584.1692634497057,587.569444510154,584.1692634497057,586.1486206054688,46444900
2024-11-11,SPY,587.7360663213191,588.0888053142032,584.9826328704219,586.7072143554688,37586800
2024-11-12,SPY,586.6288429184635,587.2265495486535,582.4056036057904,584.8847045898438,43006100
2024-11-13,SPY,585.3451927424278,587.1677373847895,582.9837313260188,585.1688232421875,47388600
2024-11-14,SPY,585.296183408181,585.7763103260314,580.7202054727688,581.4060668945312,38904100
2024-11-15,SPY,577.8491633593196,578.3195418358689,572.1071369723535,573.9591064453125,75988800
2024-11-18,SPY,574.419710212039,577.6239061886371,573.5574791123935,576.3109130859375,37001700
2024-11-19,SPY,572.9400384688264,579.142574989824,572.2737337790142,578.41748046875,49412000
2024-11-20,SPY,578.495884693383,578.8976052377521,572.8616299600318,578.6134643554688,50032600
2024-11-21,SPY,581.455141177832,583.1404896221547,575.6249001169805,581.7196655273438,46750300
2024-11-22,SPY,581.7097870344509,584.1497143652956,581.2101034094488,583.5225830078125,38226400
2024-11-25,SPY,587.4518855330788,588.7648782973704,583.2188384863542,585.501953125,42441400
2024-11-26,SPY,586.746407902425,589.2255088244219,586.0311216188419,588.5592041015625,45621300
2024-11-27,SPY,588.3730114334577,588.755115442667,585.2570306878304,586.7758178710938,34000200
2024-11-29,SPY,587.5890586237147,591.2047827973582,587.3147260107087,590.4208984375,30177400
2024-12-02,SPY,590.8324390421951,592.1552999944694,590.3425038316959,591.4791870117188,31746000
2024-12-03,SPY,591.2440480710218,591.9985076527607,590.2151960547985,591.7535400390625,26906600
2024-12-04,SPY,593.438872844782,595.6729460981672,592.7725681970518,595.427978515625,42787600
2024-12-05,SPY,595.4279904670244,596.2314913306755,594.0953811448159,594.4481201171875,28762200
2024-12-06,SPY,595.212464951605,596.8096584526629,594.800936138575,595.5750122070312,31241500
2024-12-09,SPY,595.4574149257465,595.6239761392873,591.9200973185369,592.5079956054688,34742700
2024-12-10,SPY,593.1841677805376,593.605504896008,590.0093971009587,590.6658935546875,37234500
2024-12-11,SPY,593.5859415432025,596.1825623151827,593.3115491139272,595.2321166992188,28677700
2024-12-12,SPY,594.369747252086,594.9380289691392,592.1650390625,592.1650390625,31543800
2024-12-13,SPY,594.1934038090473,594.9086900260288,590.6756429397628,592.0474853515625,35904700
2024-12-16,SPY,593.8014854078001,595.5456834945226,593.0274092921627,594.5755615234375,43695200
2024-12-17,SPY,592.0278913761272,592.9881452170704,590.7540718346318,592.1258544921875,55773500
2024-12-18,SPY,591.822113059209,594.2031909866316,574.0962907751041,574.4784545898438,108248700
2024-12-19,SPY,579.456129686489,581.0631314525076,574.057034359764,574.302001953125,85919500
2024-12-20,SPY,571.9778279294948,585.7225012446567,571.132257605004,581.199951171875,125716700
2024-12-23,SPY,580.9443313472664,585.2800771480029,577.7686569320756,584.6803588867188,57635800
2024-12-24,SPY,586.0273454449668,591.2185033240278,585.4472496940897,591.1791381835938,33160100
2024-12-26,SPY,589.4094496188982,592.3392722176656,588.0133673077331,591.218505859375,41219100
2024-12-27,SPY,587.4823797773107,587.7183905820746,580.8165297326684,584.9949951171875,64969300
2024-12-30,SPY,577.9948725430215,581.7800467977985,574.5734057798932,578.3192749023438,56578800
2024-12-31,SPY,579.9808236627084,580.698577374324,574.5832389413312,576.21533203125,57052700
2025-01-02,SPY,579.4695486945864,581.180251846637,570.7291685588775,574.7994995117188,50204000
2025-01-03,SPY,577.64092396713,582.6255346471705,576.5594027877501,581.9865112304688,37888500
2025-01-06,SPY,586.2338281568046,589.6060884935793,583.6087253809885,585.339111328125,47679400
2025-01-07,SPY,587.3643786767495,587.6888410122485,576.903513754268,578.7223510742188,60393100
2025-01-08,SPY,578.7911897402016,580.6395509433228,575.350100693004,579.56787109375,47304700
2025-01-10,SPY,576.0187135246937,576.0875425144147,568.8120722687759,570.7194213867188,73105000
2025-01-13,SPY,566.0788468496604,571.9581742427216,565.6658729466735,571.604248046875,47910100
2025-01-14,SPY,574.5242054496483,575.1534475548353,568.6153544470202,572.3907470703125,48420600
2025-01-15,SPY,580.3937768602567,583.9430001285099,579.2827918470954,582.8025512695312,56900200
2025-01-16,SPY,584.1691475266347,584.346110636513,580.9836915331506,581.6817626953125,43319700
2025-01-17,SPY,586.9121689712896,589.2717368825727,585.5848557638515,587.521728515625,58070600
2025-01-21,SPY,590.5596519481012,592.9094384516549,588.5933154613438,592.8995971679688,42532900
2025-01-22,SPY,595.7213382459036,597.5893820777127,595.1707663809229,596.2326049804688,48196000
2025-01-23,SPY,595.6033506126263,599.4868774414062,595.3280946897063,599.4868774414062,41152100
2025-01-24,SPY,599.5458113037603,600.4995156835615,596.5864653530726,597.7367553710938,34604700
2025-01-27,SPY,584.7983708814467,589.5962372876534,584.6312490621345,589.2816162109375,70361100
2025-01-28,SPY,590.5104687195756,595.1805175844501,587.1971967465958,594.3448486328125,44433300
2025-01-29,SPY,593.5583059073574,593.9614384934404,589.1340487911447,591.6804809570312,37177400
2025-01-30,SPY,593.7943615542468,596.3898803192325,590.6088457833347,594.8561401367188,39281300
2025-01-31,SPY,597.2748191495543,599.693435081772,590.9333707965222,591.6904296875,66566900
2025-02-03,SPY,582.6943625959686,590.1861005375324,580.5510628181718,587.7085571289062,65857200
2025-02-04,SPY,587.7675957701897,592.1623298220667,587.2268651385132,591.651123046875,33457800
2025-02-05,SPY,590.5302274178379,594.1974260072697,588.5049031019603,594.0499267578125,30653100
2025-02-06,SPY,595.7902226770135,596.2425017541303,592.4867911796968,596.1146850585938,35771500
2025-02-07,SPY,596.6750050236558,597.8941240756534,589.9501076619601,590.6580200195312,50788500
2025-02-10,SPY,593.8631663388722,595.3083949100401,592.5948408497425,594.6693115234375,26048700
2025-02-11,SPY,592.4080280097315,595.662312577201,592.2900526181724,595.12158203125,30056700
2025-02-12,SPY,589.1145136580423,594.3744405625547,588.4361250659014,593.2044677734375,45076100
2025-02-13,SPY,594.3055902381474,599.6737110792319,593.047165943141,599.4672241210938,40921300
2025-02-14,SPY,599.6736949390985,600.7060096863363,598.8183432907158,599.437744140625,26910400
2025-02-18,SPY,600.5978525430173,601.1975708007812,598.1399318067746,601.1975708007812,26749000
2025-02-19,SPY,599.8112758662747,602.9082197102092,599.3000091966954,602.61328125,31011100
2025-02-20,SPY,601.2467110134413,601.3843689751305,596.8028311734677,600.1062622070312,36554000
2025-02-21,SPY,599.8899930676969,600.0276510429451,589.3799206723878,589.842041015625,76519800
2025-02-24,SPY,591.8869960824046,592.8800056614799,586.4500466079941,587.157958984375,50737200
2025-02-25,SPY,587.098968367302,587.8265033006376,579.6366946428752,584.2379150390625,58266500
2025-02-26,SPY,585.8995163780398,589.4881049123491,581.8980139327481,584.5328979492188,43321600
2025-02-27,SPY,586.8040736253654,587.9544239336753,574.8094663730844,575.2026977539062,74196700
2025-02-28,SPY,575.7040488167072,584.7098443771037,572.6365684069419,584.178955078125,88744100
2025-03-03,SPY,586.1452445030724,587.2857532860544,570.1392964764723,573.9441528320312,74249200
2025-03-04,SPY,569.9525786591505,575.5369680083471,562.6181207422406,567.1505126953125,109648200
2025-03-05,SPY,566.9833166199888,575.035467216836,563.434093538414,573.24609375,71230500
2025-03-06,SPY,565.7936477589768,570.4047092717689,560.5238803180225,563.0703125,80094900
2025-03-07,SPY,561.2907328755356,567.6714847046253,556.1094174114145,566.2261962890625,81158800
2025-03-10,SPY,558.0364891964213,559.9536192631458,546.2384702857362,551.1444702148438,99326600
2025-03-11,SPY,549.9843324603625,554.5265648872522,542.7285461144836,546.5628662109375,88102100
2025-03-12,SPY,552.7077001878538,553.631880779765,544.3704523001988,549.4632568359375,69588200
2025-03-13,SPY,549.0896174558009,549.6991769603108,540.4279077137791,542.1386108398438,74079400
2025-03-14,SPY,546.7497351697265,554.3398260143258,542.2075022062043,553.3369750976562,62660300
2025-03-17,SPY,553.3172227764923,560.1207900872192,552.8846263579363,557.6038818359375,49008700
2025-03-18,SPY,555.2934937414076,555.5098219909205,549.6501167935029,551.5771484375,66041400
2025-03-19,SPY,553.3565563629542,561.3398770802173,552.1767425607164,557.5841674804688,66556000
2025-03-20,SPY,553.848245552193,560.966374832501,553.1304918485869,555.9718627929688,62958200
2025-03-21,SPY,551.5204692681951,557.0526205906217,550.2878120115934,556.1552124023438,83763000
2025-03-24,SPY,562.8805908120635,567.1702741261835,562.2889394113844,566.1151123046875,58766800
2025-03-25,SPY,567.3181993393742,568.4127846067184,565.73055113845,567.4760131835938,38355700
2025-03-26,SPY,567.2097001365158,568.3338979913931,559.3206937528307,560.7012939453125,51848300
2025-03-27,SPY,559.3108687859911,562.9792883535321,557.101956447335,559.2122802734375,42164200
2025-03-28,SPY,557.6838014665011,558.4135249923543,547.3689030262066,547.95068359375,71662700
2025-03-31,SPY,542.201546342058,552.9305994826874,539.282592409213,551.62890625,95328200
2025-04-01,SPY,549.7159501655996,555.1297722698289,545.998235889195,553.1870727539062,54609600
2025-04-02,SPY,547.3491017135567,559.547472787333,547.1124411566806,556.687744140625,76014500
2025-04-03,SPY,537.5470765410741,540.3673821784607,529.2537841796875,529.2537841796875,125986000
2025-04-04,SPY,516.404523136506,518.5740121118964,498.0527349403516,498.2696838378906,217965100
2025-04-07,SPY,482.4029468413161,515.9114867336431,475.1154617622772,497.3822021484375,256611400
2025-04-08,SPY,514.6196789750944,517.6963871548359,482.3733781436919,489.5918273925781,165816600
2025-04-09,SPY,486.593999250198,541.0084228515625,486.2093956781114,541.0084228515625,241867300
2025-04-10,SPY,524.7866027854379,526.0981670837639,502.25365007002944,517.3019409179688,162331200
2025-04-11,SPY,515.7537548286505,528.9875485351057,512.8545420601603,526.5321044921875,97866300
2025-04-14,SPY,536.5017912856171,536.7286411738348,526.453165817952,531.6401977539062,68034000
2025-04-15,SPY,532.1825399641931,535.6931457102869,529.3622343758641,530.151123046875,56892900
2025-04-16,SPY,524.3033791384568,530.4272422697393,513.0713913810127,518.3668823242188,83484800
2025-04-17,SPY,520.3194821276195,523.800475242003,516.6411916080497,519.1065063476562,79868100
2025-04-21,SPY,513.9293002870572,514.4618467446136,501.40552056556845,506.7503356933594,69368100
2025-04-22,SPY,512.9235348557764,521.9564215250564,511.9867032226325,519.9348754882812,75948100
2025-04-23,SPY,532.9320165359907,537.8626460694973,526.4729038847668,527.9915161132812,90590700
2025-04-24,SPY,529.2734571828396,539.8348871004667,528.0211182344198,539.1051635742188,64150400
2025-04-25,SPY,539.0657336001437,543.4046513367819,536.1467793425768,543.0003662109375,61119600
2025-04-28,SPY,543.7399439376,545.8699492792146,537.4583271221219,543.2073974609375,47613800
2025-04-29,SPY,541.2943585019403,547.7436606136026,540.9393676118534,546.6293334960938,47775100
2025-04-30,SPY,539.9729835885655,548.7988227140515,534.0069337400583,546.8462524414062,93101500
2025-05-01,SPY,552.595342895286,556.2440206119321,550.1201573586014,550.7216796875,63186100
2025-05-02,SPY,556.894803218062,560.4941864598073,554.5774316657111,558.8966674804688,60717300
2025-05-05,SPY,554.7648727126054,558.788283367358,553.9069479669498,555.6918334960938,38659200
2025-05-06,SPY,550.1892553966732,555.5340413030556,549.2327420958744,551.0471801757812,48264700
2025-05-07,SPY,552.3783761794856,555.997440916007,548.3253535066884,553.364501953125,55588000
2025-05-08,SPY,557.3978934202486,562.3975598468455,553.9070287799439,557.2203979492188,65130800
2025-05-09,SPY,558.6205173502777,559.6263849147109,554.9521583078488,556.51025390625,37603400
2025-05-12,SPY,573.4026196086874,574.9114211824733,569.0340889310521,574.9015502929688,78993600
2025-05-13,SPY,575.3157161654024,580.907093658496,574.7536773375426,578.6981811523438,67947200
2025-05-14,SPY,579.6546629482465,580.8084133986617,577.4161378946785,579.437744140625,66283500
2025-05-15,SPY,577.4357820961777,582.7706958315019,576.9821425909696,582.267822265625,71268100
2025-05-16,SPY,583.0469103495059,586.2518193704545,581.1042713102905,585.9559936523438,76052100
2025-05-19,SPY,579.9405744991373,587.2773530559552,579.9405744991373,586.596923828125,68168500
2025-05-20,SPY,584.8614155899625,585.8080578995526,581.419785763877,584.6246948242188,60614500
2025-05-21,SPY,580.2759146876367,584.3584902721909,573.7477661832594,574.7733154296875,95197700
2025-05-22,SPY,574.5760959985981,578.4811762683786,573.3434386116112,575.0001831054688,70860400
2025-05-23,SPY,567.9887994120531,573.7379304924723,567.6140667399493,571.0753784179688,76029000
2025-05-27,SPY,577.9387671986972,583.1060568711622,570.4047514802384,582.9483032226562,72588500
2025-05-28,SPY,583.3526236048898,584.545857588394,578.8460211072919,579.5757446289062,68445500
2025-05-29,SPY,584.8318964184041,584.969968506741,577.9388851521843,581.8636474609375,69973300
2025-05-30,SPY,580.7591289651484,582.9286180198035,575.1480700909575,581.2127685546875,90601200
2025-06-02,SPY,579.6053591727813,584.5655410710423,576.9428072484826,584.4866943359375,61630500
2025-06-03,SPY,584.1218520308094,588.7960792462304,583.6385997733717,587.81982421875,63606200
2025-06-04,SPY,588.6776647088699,589.6539195966438,587.2280285207049,587.6619262695312,57314200
2025-06-05,SPY,589.3384339818148,590.6894216670538,582.8497086239531,584.8219604492188,92278700
2025-06-06,SPY,590.3540722792903,592.4940086999786,588.5790577947733,590.8274536132812,66588700
2025-06-09,SPY,591.3993476813894,592.9081490758875,590.1864321834666,591.3599243164062,53016400
2025-06-10,SPY,591.8924637491524,595.0973729509094,590.7781968461302,594.7128295898438,66247000
2025-06-11,SPY,595.8074157747775,596.6653405011278,590.9556931519085,593.0166625976562,73658200
2025-06-12,SPY,591.6854337777163,595.37353515625,591.2022416981604,595.37353515625,64129000
2025-06-13,SPY,590.1963519379123,593.499849631983,587.218232455665,588.7171630859375,89506000
2025-06-16,SPY,592.0700235861916,596.0638215052488,591.8924679557008,594.318359375,79984100
2025-06-17,SPY,591.8827397980266,593.4013522514763,588.4805928783151,589.2399291992188,82209400
2025-06-18,SPY,590.1371879149127,592.8785866278505,588.1944885876793,589.1510620117188,76605000
2025-06-20,SPY,591.8224395288368,592.8906208578056,586.3629131433069,587.7673950195312,94051400
2025-06-23,SPY,588.5190130228361,593.9587392448562,585.4035696790836,593.5730590820312,87426000
2025-06-24,SPY,597.7072083922786,601.1885919192599,596.7972471416377,600.13037109375,67735300
2025-06-25,SPY,601.2479344884113,601.9402753154866,598.9039119654944,600.4666137695312,62114800
2025-06-26,SPY,602.3161684365299,605.5997923429508,601.7029677445283,605.1646118164062,78548400
2025-06-27,SPY,606.1634816784541,609.6350254118207,604.1359596054803,608.1712036132812,86258400
